ID|TIPO_VIA|NOMBRE_VIA|PORTAL1|PORTAL2|CODPOSTAL|COD_INE_MUNICIPIO|PROVINCIA|MUNICIPIO|POBLACION|LATITUD_WGS84_4326|LONGITUD_WGS84_4326
05-E1-00001||PLAZA SANTA TERESA|6||05001|05019|AVILA|ÁVILA|AVILA||
05-E1-00008||CALLE CAPITAN PEÑAS|17||05003|05019|AVILA|ÁVILA|AVILA||
05-E1-00016||PLAZA PILON (DEL)|11||05412|05207|AVILA|SAN ESTEBAN DEL VALLE|SAN ESTEBAN DEL VALLE||
05-E1-00021||CALLE SANTA TERESA|61||05110|05022|AVILA|EL BARRACO|BARRACO (EL)||
05-E1-00031||CTRA GAVILANES|3||05461|05127|AVILA|MIJARES|MIJARES||
05-E1-00034||CALLE DOMINGO LABAJO|2||05480|05047|AVILA|CANDELEDA|CANDELEDA||
05-E1-00037||CALLE CERVANTES|22|||05240|AVILA|SOTILLO DE LA ADRADA|SOTILLO DE LA ADRADA||
05-E1-00040||CALLE CALVO SOTELO|2||05310|05074|AVILA|FONTIVEROS|FONTIVEROS||
05-E1-00041||CALLE ALCALDE MARTIN MARTIN BLAZQUEZ|S-N|||05135|AVILA|MUÑANA|MUÑANA||
05-E1-00050||CALLE TRISTE CONDESA|19||05400|05014|AVILA|ARENAS DE SAN PEDRO|ARENAS DE SAN PEDRO||
05-E1-00059||AVDA ESCUELAS|S-N||05621|05192|AVILA|PUERTO CASTILLA|PUERTO CASTILLA||
05-E1-00068||CALLE REGUERA (LA)|2||05490|05110|AVILA|LANZAHÍTA|LANZAHITA||
05-E1-00075||CALLE ISABEL LA CATOLICA|11||05220|05114|AVILA|MADRIGAL DE LAS ALTAS TORRES|MADRIGAL DE LAS ALTAS TORRES||
05-E1-00076||CALLE SAN CRISTOBAL|8||05510|05225|AVILA|SANTA MARÍA DEL BERROCAL|SANTA MARIA DEL BERROCAL||
05-E1-00077||CALLE IGLESIA|24||05100|05163|AVILA|NAVALUENGA|NAVALUENGA||
05-E1-00078||CALLE SEGOVIA|20||05005|05019|AVILA|ÁVILA|AVILA||
05-E1-00080||CALLE NUESTRA SEÑORA DE SONSOLES|83||05002|05019|AVILA|ÁVILA|AVILA||
05-E1-00083||CALLE ARROZ (EL)|28||05428|05055|AVILA|CASILLAS|CASILLAS||
05-E1-00087||CTRA AVILA|36||05414|05066|AVILA|CUEVAS DEL VALLE|CUEVAS DEL VALLE||
05-E1-00091||PLAZA GENERAL MOLA|43||05111|05211|AVILA|SAN JUAN DE LA NAVA|SAN JUAN DE LA NAVA||
05-E1-00096||CALLE PILON|S-N||05123|05160|AVILA|NAVALOSA|NAVALOSA||
05-E1-00098||CALLE CAÑO (DEL)|7||05215|05178|AVILA|PALACIOS DE GODA|PALACIOS DE GODA||
05-E1-00099||PLAZA IGLESIA (DE LA)|19||05164|05092|AVILA|HERNANSANCHO|HERNANSANCHO||
05-E1-00107||CALLE CONSTITUCION|38||05427|05095|AVILA|HIGUERA DE LAS DUEÑAS|HIGUERA DE LAS DUEÑAS||
05-E1-00109||CALLE AVILA|S-N||05358|05179|AVILA|PAPATRIGO|PAPATRIGO||
05-E1-00111||CTRA AVILA MUÑICO|S-N||05140|05121|AVILA|MARTIHERRERO|MARTIHERRERO||
05-E1-00121||PLAZA ESCUELAS|3||05212|05008|AVILA|ALDEASECA|ALDEASECA||
05-E1-00122||CALLE PLAZA (DE LA)|22||05520|05176|AVILA|PADIERNOS|PADIERNOS||
05-E1-00123||CALLE ANGOSTA|5||05593|05010|AVILA|LA ALDEHUELA|ALDEHUELA (LA)||
05-E1-00124||CALLE AVDA. DE LOURDES|29||05400|05014|AVILA|ARENAS DE SAN PEDRO|ARENAS DE SAN PEDRO||
05-E1-00132||CALLE HORNOS CALEROS (DE LOS)|60||05003|05019|AVILA|ÁVILA|AVILA||
05-E1-00134||CALLE CALENDULA|2||05001|05019|AVILA|ÁVILA|AVILA||
09-E1-00002||CALLE JOSE LUIS SANTAMARIA|47||09003|09059|BURGOS|BURGOS|BURGOS||
09-E1-00003||PASEO ESPOLON|22||09003|09059|BURGOS|BURGOS|BURGOS||
09-E1-00005||PLAZA VEGA|11||09002|09059|BURGOS|BURGOS|BURGOS||
09-E1-00007||AVDA CID CAMPEADOR|6||09005|09059|BURGOS|BURGOS|BURGOS||
09-E1-00013||CALLE CARDENAL SEGURA|8||09003|09059|BURGOS|BURGOS|BURGOS||
09-E1-00014||CALLE SAN MIGUEL|38|||09023|BURGOS|ARCOS|ARCOS||
09-E1-00018||CALLE MEDIODIA|6||09130|09377|BURGOS|TARDAJOS|TARDAJOS||
09-E1-00019||CALLE ISILLA|30||09400|09018|BURGOS|ARANDA DE DUERO|ARANDA DE DUERO||
09-E1-00021||PLAZA MAYOR|10||09400|09018|BURGOS|ARANDA DE DUERO|ARANDA DE DUERO||
09-E1-00023||CALLE ARIAS DE MIRANDA|22|||09141|BURGOS|FUENTESPINA|FUENTESPINA||
09-E1-00027||CALLE COSTANILLA|56||09391|09085|BURGOS|CASTRILLO DE LA VEGA|CASTRILLO DE LA VEGA||
09-E1-00034||CALLE BOTICA (DE LA)|19||09410|09261|BURGOS|PEÑARANDA DE DUERO|PEÑARANDA DE DUERO||
09-E1-00036||CALLE GENERAL SANZ PASTOR|47||09490|09483|BURGOS|ZAZUAR|ZAZUAR||
09-E1-00037||CALLE CERCAS|1||09250|09048|BURGOS|BELORADO|BELORADO||
09-E1-00038||CALLE PUENTE|5||09270|09098|BURGOS|CEREZO DE RÍO TIRÓN|CEREZO DE RIO TIRON||
09-E1-00047||CALLE SAN ISIDRO|20|||09074|BURGOS|CARDEÑAJIMENO|CARDEÑAJIMENO||
09-E1-00049||PLAZA IGLESIA|5||09246|09272|BURGOS|POZA DE LA SAL|POZA DE LA SAL||
09-E1-00051||CALLE CARRETERILLA|S-N||09110|09091|BURGOS|CASTROJERIZ|CASTROJERIZ||
09-E1-00053||CTRA POZA|12||09007|09059|BURGOS|BURGOS|BURGOS||
09-E1-00055||CALLE CARRETERA MIRANDA|27||09210|09412|BURGOS|VALLE DE TOBALINA|QUINTANA MARTIN GALINDEZ||
09-E1-00064||CALLE ARZOBISPO DE CASTRO|1||09007|09059|BURGOS|BURGOS|BURGOS||
09-E1-00066||CALLE PONIENTE|9||09390|09442|BURGOS|VILLALMANZO|VILLALMANZO||
09-E1-00067||CALLE FEDERICO OLMEDA|21||09006|09059|BURGOS|BURGOS|BURGOS||
09-E1-00069||CALLE BARRIO GIMENO|30||09001|09059|BURGOS|BURGOS|BURGOS||
09-E1-00075||CALLE ANTONIO SANCHEZ|S-N||09342|09350|BURGOS|SANTA MARÍA DEL CAMPO|SANTA MARIA DEL CAMPO||
09-E1-00077||CALLE SAN PEDRO Y SAN FELICES|14||09001|09059|BURGOS|BURGOS|BURGOS||
09-E1-00082||CALLE ARENAL|79||09200|09219|BURGOS|MIRANDA DE EBRO|MIRANDA DE EBRO||
09-E1-00091||AVDA VENA|6||09005|09059|BURGOS|BURGOS|BURGOS||
09-E1-00093||CALLE ALMIRANTE BONIFAZ|29||09200|09219|BURGOS|MIRANDA DE EBRO|MIRANDA DE EBRO||
09-E1-00094||PASEO REGINO SAINZ DE LA MAZA|12||09004|09059|BURGOS|BURGOS|BURGOS||
09-E1-00101||AVDA CID CAMPEADOR|89||09006|09059|BURGOS|BURGOS|BURGOS||
09-E1-00102||CALLE ESTACION|5||09200|09219|BURGOS|MIRANDA DE EBRO|MIRANDA DE EBRO||
09-E1-00108||CALLE JUAN DE MEDINA|7||09500|09209|BURGOS|MEDINA DE POMAR|MEDINA DE POMAR||
09-E1-00109||AVDA DE LA PAZ|22|||09059|BURGOS|BURGOS|BURGOS||
09-E1-00111||CALLE CARRETERA DE MIRANDA DE EBRO|0||09215|09109|BURGOS|CONDADO DE TREVIÑO|TREVIÑO||
09-E1-00114||AVDA ELADIO PERLADO|16||09007|09059|BURGOS|BURGOS|BURGOS||
09-E1-00118||CALLE SAN PABLO|37||09002|09059|BURGOS|BURGOS|BURGOS||
09-E1-00120||CALLE CIUDAD VIERZON|36||09200|09219|BURGOS|MIRANDA DE EBRO|MIRANDA DE EBRO||
09-E1-00122||CALLE JUAN DE PADILLA|19||09006|09059|BURGOS|BURGOS|BURGOS||
09-E1-00126||CALLE VILLARMERO|4||09197|09907|BURGOS|ALFOZ DE QUINTANADUEÑAS|QUINTANADUEÑAS||
09-E1-00127||CALLE ANDRES MARTINEZ ZATORRE|1||09002|09059|BURGOS|BURGOS|BURGOS||
09-E1-00128||AVDA LUIS MATEOS|1||09400|09018|BURGOS|ARANDA DE DUERO|ARANDA DE DUERO||
09-E1-00131||CALLE IGLESIA|S-N||09315|09136|BURGOS|FUENTECÉN|FUENTECEN||
09-E1-00132||AVDA GENERALISIMO|32||09341|09384|BURGOS|TORDÓMAR|TORDOMAR||
09-E1-00133||CALLE SAN PEDRO|32||09311|09168|BURGOS|LA HORRA|HORRA (LA)||
09-E1-00148||CALLE CAMINO DE LA FUENTE|2||09680|09246|BURGOS|PALACIOS DE LA SIERRA|PALACIOS DE LA SIERRA||
09-E1-00151||AVDA ALEJANDRO RODRIGUEZ DE VALCARCEL|22|||09413|BURGOS|VALLE DE VALDEBEZANA|SONCILLO||
09-E1-00161||CALLE BRASIL|19||09001|09059|BURGOS|BURGOS|BURGOS||
09-E1-00163||CALLE SAN FRANCISCO|31||09400|09018|BURGOS|ARANDA DE DUERO|ARANDA DE DUERO||
09-E1-00165||CALLE CONDESA MENCIA|159||09006|09059|BURGOS|BURGOS|BURGOS||
09-E1-00170||CALLE RONDA DEL FERROCARRIL|45||09200|09219|BURGOS|MIRANDA DE EBRO|MIRANDA DE EBRO||
09-E1-00173||CALLE ESTACION|32||09200|09219|BURGOS|MIRANDA DE EBRO|MIRANDA DE EBRO||
09-E1-00176||AVDA CID CAMPEADOR|20||09005|09059|BURGOS|BURGOS|BURGOS||
09-E1-00177||CALLE ALFONSO VI|23||09200|09219|BURGOS|MIRANDA DE EBRO|MIRANDA DE EBRO||
09-E1-00180||CALLE CALLEJA Y ZURITA|6||09001|09059|BURGOS|BURGOS|BURGOS||
09-E1-00182||CALLE CASTILLA|58|||09018|BURGOS|ARANDA DE DUERO|ARANDA DE DUERO||
09-E1-00183||CALLE RAMON Y CAJAL|11||09200|09219|BURGOS|MIRANDA DE EBRO|MIRANDA DE EBRO||
09-E1-00195||AVDA CASTILLA|57||09400|09018|BURGOS|ARANDA DE DUERO|ARANDA DE DUERO||
09-E1-00201||CALLE ESTEBAN SAEZ ALVARADO|32||09007|09059|BURGOS|BURGOS|BURGOS||
09-E1-00203||CALLE C/ PASEO LA SERNA|3|||09059|BURGOS|BURGOS|BURGOS||
09-E1-00205||CALLE NUESTRA SEÑORA DE FATIMA|18||09007|09059|BURGOS|BURGOS|BURGOS||
09-E1-00207||CALLE CALLE EL FRONTON|6|||09213|BURGOS|MERINDAD DE CUESTA-URRIA|NOFUENTES||
24-E1-00005||CALLE GARCIA PRIETO|2||24700|24008|LEON|ASTORGA|ASTORGA||
24-E1-00007||CALLE JOSE LEON IZAGUIRRE|2|||24137|LEON|SABERO|SABERO||
24-E1-00008||CALLE REPUBLICA ARGENTINA|6||24400|24115|LEON|PONFERRADA|PONFERRADA||
24-E1-00011||CALLE ASTORGA|S-N||24730|24066|LEON|DESTRIANA|DESTRIANA||
24-E1-00013||CALLE PLATERIAS|5||24003|24089|LEON|LEÓN|LEON||
24-E1-00021||CTRA CAMPO|0||24144|24145|LEON|SAN EMILIANO|SAN EMILIANO||
24-E1-00023||CALLE AVDA. SAN ANDRES|9||24009|24089|LEON|LEÓN|LEON||
24-E1-00029||AVDA ANCARES|14||24430|24196|LEON|VEGA DE ESPINAREDA|VEGA DE ESPINAREDA||
24-E1-00030||CALLE RAMON Y CAJAL|22||24640|24134|LEON|LA ROBLA|ROBLA (LA)||
24-E1-00032||CALLE CARRETERA DEGAÑA|36||24110|24202|LEON|VILLABLINO|CABOALLES DE ABAJO||
24-E1-00035||CALLE VEGA (LA)|S-N||24470|24110|LEON|PÁRAMO DEL SIL|PARAMO DEL SIL||
24-E1-00036||AVDA BAÑEZA (LA)|1||24350|24223|LEON|VILLAREJO DE ÓRBIGO|VEGUELLINA DE ORBIGO||
24-E1-00037||CALLE ASTORGA|4||24750|24010|LEON|LA BAÑEZA|BAÑEZA (LA)||
24-E1-00041||AVDA MARIANO ANDRES|53||24008|24089|LEON|LEÓN|LEON||
24-E1-00047||AVDA AVDA. GENERAL GOMEZ NUÑEZ|24||24400|24115|LEON|PONFERRADA|PONFERRADA||
24-E1-00049||AVDA LEON|32|||24153|LEON|SANTA CRISTINA DE VALMADRIGAL|MATALLANA DE VALMADRIGAL||
24-E1-00056||CALLE PUENTE DE HIERRO|64||24270|24039|LEON|CARRIZO|CARRIZO DE LA RIBERA||
24-E1-00057||AVDA MADRID|24||24005|24089|LEON|LEÓN|LEON||
24-E1-00058||CALLE CARRETERA ALMANZA|S-N||24880|24183|LEON|VALDERRUEDA|PUENTE ALMUHEY||
24-E1-00060||CALLE AMADEO LARAN|6||24660|24114|LEON|LA POLA DE GORDÓN|CIÑERA||
24-E1-00063||AVDA SANTALLA DE OSCOS|20||24560|24206|LEON|TORAL DE LOS VADOS|TORAL DE LOS VADOS||
24-E1-00064||PLAZA MAYOR|S-N||24240|24157|LEON|SANTA MARÍA DEL PÁRAMO|SANTA MARIA DEL PARAMO||
24-E1-00065||AVDA PORTUGAL|S-N||24400|24115|LEON|PONFERRADA|PONFERRADA||
24-E1-00066||CALLE SAN PEDRO|2||24007|24089|LEON|LEÓN|LEON||
24-E1-00071||VIA PICO TUERTO|5||24400|24115|LEON|PONFERRADA|PONFERRADA||
24-E1-00074||CALLE PASEO NUEVO|1||24220|24181|LEON|VALDERAS|VALDERAS||
24-E1-00079||AVDA ORENSE|S-N||24380|24122|LEON|PUENTE DE DOMINGO FLÓREZ|PUENTE DE DOMINGO FLOREZ||
24-E1-00083||AVDA ANTIBIOTICOS|86||24190|24089|LEON|LEÓN|ARMUNIA||
24-E1-00084||CALLE CASTILLA|5||24300|24014|LEON|BEMBIBRE|BEMBIBRE||
24-E1-00086||CALLE ANTONIO GAMONEDA|3||24003|24089|LEON|LEÓN|LEON||
24-E1-00087||AVDA CARLOS PINILLA|9||24200|24188|LEON|VALENCIA DE DON JUAN|VALENCIA DE DON JUAN||
24-E1-00088||CALLE GENERAL BENAVIDES|3||24750|24010|LEON|LA BAÑEZA|BAÑEZA (LA)||
24-E1-00089||AVDA CAMINO DE SANTIAGO|151||24410|24034|LEON|CAMPONARAYA|CAMPONARAYA||
24-E1-00090||PLAZA CONCORDIA|3||24850|24021|LEON|BOÑAR|BOÑAR||
24-E1-00091||AVDA ESPAÑA|1||24400|24115|LEON|PONFERRADA|PONFERRADA||
24-E1-00095||CALLE JOSE ANTONIO|6||24840|24193|LEON|LA VECILLA|VECILLA DE CURUEÑO (LA)||
24-E1-00106||AVDA FERNANDEZ LADREDA|52||24005|24089|LEON|LEÓN|LEON||
24-E1-00107||CALLE TORRE (LA)|3||24002|24089|LEON|LEÓN|LEON||
24-E1-00112||AVDA DOCTOR FLEMING|44||24009|24089|LEON|LEÓN|LEON||
24-E1-00114||CALLE ALCAZAR DE TOLEDO|4||24001|24089|LEON|LEÓN|LEON||
24-E1-00115||AVDA PARROCO PABLO DIEZ|238||24010|24142|LEON|SAN ANDRÉS DEL RABANEDO|TROBAJO DEL CAMINO||
24-E1-00116||AVDA MAGDALENA (LA)|2||24120|24167|LEON|SOTO Y AMÍO|CANALES-LA MAGDALENA||
24-E1-00117||CTRA LEON|0||24142|24029|LEON|CABRILLANES|CABRILLANES||
24-E1-00119||CALLE SANTA CLARA|12||24002|24089|LEON|LEÓN|LEON||
24-E1-00124||AVDA ALCALDE MIGUEL CASTAÑO|38|||24089|LEON|LEÓN|LEON||
24-E1-00133||CALLE REAL|166||24761|24003|LEON|ALIJA DEL INFANTADO|ALIJA DEL INFANTADO||
24-E1-00134||CALLE VILLA BENAVENTE|25|||24089|LEON|LEÓN|LEON||
24-E1-00137||AVDA DOCTOR FLEMING|8||24009|24089|LEON|LEÓN|LEON||
24-E1-00138||AVDA SAN MAMES|22||24007|24089|LEON|LEÓN|LEON||
24-E1-00140||AVDA SAN MAMES|62||24007|24089|LEON|LEÓN|LEON||
24-E1-00144||CALLE CERVANTES|5||24198|24189|LEON|VALVERDE DE LA VIRGEN|VIRGEN DEL CAMINO (LA)||
24-E1-00146||CALLE FRAY LUIS DE LEON|24||24005|24089|LEON|LEÓN|LEON||
24-E1-00147||CALLE REYES LEONESES|14||24008|24089|LEON|LEÓN|LEON||
24-E1-00150||AVDA PORTUGAL|87||24400|24115|LEON|PONFERRADA|PONFERRADA||
24-E1-00156||AVDA BIERZO (EL)|15||24300|24014|LEON|BEMBIBRE|BEMBIBRE||
24-E1-00160||AVDA PUEBLA|6||24400|24115|LEON|PONFERRADA|PONFERRADA||
24-E1-00161||AVDA ALCALDE MIGUEL CASTAÑO|60||24005|24089|LEON|LEÓN|LEON||
24-E1-00163||CALLE MAESTRO NICOLAS|46||24005|24089|LEON|LEÓN|LEON||
24-E1-00164||AVDA NOCEDO|20||24007|24089|LEON|LEÓN|LEON||
24-E1-00165||CALLE ELADIA BAYLINA|4||24400|24115|LEON|PONFERRADA|PONFERRADA||
24-E1-00166||AVDA PORTUGAL|6||24400|24115|LEON|PONFERRADA|PONFERRADA||
24-E1-00168||AVDA AVDA. PONFERRADA|45||24700|24008|LEON|ASTORGA|ASTORGA||
24-E1-00171||AVDA FERNANDEZ LADREDA|S-N|||24089|LEON|LEÓN|LEON||
24-E1-00174||AVDA DOCTORES TERRON|11|||24070|LEON|FABERO|FABERO||
24-E1-00181||CALLE ASTORGA|6|||24089|LEON|LEÓN|LEON||
24-E1-00186||CALLE PADRE ANGEL MARTINEZ FUERTES|37||24392|24205|LEON|VILLADANGOS DEL PÁRAMO|VILLADANGOS DEL PARAMO||
24-E1-00187||CALLE PALACIO (EL)|25||24794|24131|LEON|RIEGO DE LA VEGA|RIEGO DE LA VEGA||
24-E1-00188||CALLE DOCTOR VELEZ|15||24393|24159|LEON|SANTA MARINA DEL REY|SANTA MARINA DEL REY||
24-E1-00189||CALLE MAYOR|S-N||24930|24180|LEON|VALDEPOLO|QUINTANA DE RUEDA||
24-E1-00192||CALLE REAL|35||24710|24148|LEON|SAN JUSTO DE LA VEGA|SAN JUSTO DE LA VEGA||
24-E1-00193||AVDA CONSTITUCION (LA)|83||24320|24139|LEON|SAHAGÚN|SAHAGUN||
24-E1-00196||CALLE REAL|23||24012|24222|LEON|VILLAQUILAMBRE|VILLAOBISPO DE LAS REGUERAS||
24-E1-00201||CALLE REAL|9||24288|24224|LEON|VILLARES DE ÓRBIGO|VILLARES DE ORBIGO||
24-E1-00202||AVDA PLAZA (LA)|18||24357|24026|LEON|BUSTILLO DEL PÁRAMO|BUSTILLO DEL PARAMO||
24-E1-00205||CALLE JOSE CORDERO|S-N||24717|24185|LEON|VAL DE SAN LORENZO|VAL DE SAN LORENZO||
24-E1-00206||CALLE DOCTOR PAGIN ALLENDE|4||24791|24230|LEON|ZOTES DEL PÁRAMO|ZOTES DEL PARAMO||
24-E1-00208||CTRA CABOALLES|S-N||24122|24061|LEON|CUADROS|LORENZANA||
24-E1-00211||AVDA PRINCIPAL|60||24271|24092|LEON|LLAMAS DE LA RIBERA|LLAMAS DE LA RIBERA||
24-E1-00213||CALLE CARRO PINILLAS|S-N||24767|24154|LEON|SANTA ELENA DE JAMUZ|JIMENEZ DE JAMUZ||
24-E1-00214||AVDA SEVERO GOMEZ NUÑEZ|0||24492|24064|LEON|CUBILLOS DEL SIL|CUBILLOS DEL SIL||
24-E1-00217||CALLE REYES LEONESES|15||24008|24089|LEON|LEÓN|LEON||
24-E1-00219||CALLE ENTRAYO (EL)|3||24389|24016|LEON|BENUZA|POMBRIEGO||
24-E1-00220||CALLE SERNA (LA)|8||24223|24073|LEON|FRESNO DE LA VEGA|FRESNO DE LA VEGA||
24-E1-00223||CALLE ISIDRO ARIAS|S-N||24319|24102|LEON|NOCEDA DEL BIERZO|NOCEDA||
24-E1-00225||CALLE VIRGEN DE LAS ANGUSTIAS|14||24249|24113|LEON|POBLADURA DE PELAYO GARCÍA|POBLADURA DE PELAYO GARCIA||
24-E1-00226||PLAZA MAYOR|S-N||24174|24051|LEON|CEA|CEA||
24-E1-00236||AVDA PICOS DE EUROPA|49||24940|24063|LEON|CUBILLAS DE RUEDA|CUBILLAS DE RUEDA||
24-E1-00237||PASEO DAMAS (LAS)|0||24765|24216|LEON|VILLAMONTÁN DE LA VALDUERNA|MIÑAMBRES DE LA VALDUERNA||
24-E1-00240||CALLE MOLINO|S-N||24344|24213|LEON|VILLAMARTÍN DE DON SANCHO|VILLAMARTIN DE DON SANCHO||
24-E1-00241||CALLE ESCUELA GRANJA|3||24248|24087|LEON|LAGUNA DALGA|LAGUNA DALGA||
24-E1-00243||CALLE PABLO DIEZ|S-N||24152|24199|LEON|VEGAQUEMADA|VEGAQUEMADA||
24-E1-00246||CALLE SAN JULIAN|17||24397|24123|LEON|QUINTANA DEL CASTILLO|QUINTANA DEL CASTILLO||
24-E1-00247||CALLE NUEVA|3|||24158|LEON|SANTA MARÍA DE ORDÁS|SANTA MARIA DE ORDAS||
24-E1-00252||CALLE REAL|37||24763|24228|LEON|VILLAZALA|VALDESANDINAS||
24-E1-00256||AVDA ESPINA (LA)|42||24460|24169|LEON|TORENO|MATARROSA DEL SIL||
24-E1-00260||CALLE TELENO (EL)|18||24721|24091|LEON|LUYEGO|TABUYO DEL MONTE||
24-E1-00267||CTRA MEDULAS (LAS)|S-N||24442|24041|LEON|CARUCEDO|CARUCEDO||
24-E1-00268||CALLE ERAS (LAS)|S-N||24394|24182|LEON|VALDERREY|BARRIENTOS||
24-E1-00269||AVDA MURALLAS (LAS)|62||24700|24008|LEON|ASTORGA|ASTORGA||
24-E1-00270||CALLE CARBA (LA)|23||24796|24005|LEON|LA ANTIGUA|AUDANZAS DEL VALLE||
24-E1-00272||AVDA SAN VICENTE|3||24248|24174|LEON|URDIALES DEL PÁRAMO|URDIALES DEL PARAMO||
24-E1-00276||PLAZA ERA GRANDE|0||24746|24067|LEON|ENCINEDO|BAÑA (LA)||
24-E1-00279||CALLE CARCAVA (LA)|11||24324|24086|LEON|JOARILLA DE LAS MATAS|JOARILLA DE LAS MATAS||
24-E1-00283||CTRA PUEBLA DE SANABRIA|S-N||24400|24115|LEON|PONFERRADA|PONFERRADA||
24-E1-00285||CALLE MAYOR|45||24238|24002|LEON|ALGADEFE|ALGADEFE||
24-E1-00286||CALLE PASO|10||24238|24211|LEON|VILLAMANDOS|VILLAMANDOS||
24-E1-00291||CALLE CARRETERA (LA)|24||24293|24084|LEON|IZAGRE|ALBIRES||
24-E1-00293||CALLE LAGUNA|11|||24080|LEON|GRAJAL DE CAMPOS|GRAJAL DE CAMPOS||
24-E1-00297||CALLE SUSANA GONZALEZ|41||24300|24014|LEON|BEMBIBRE|BEMBIBRE||
24-E1-00299||CALLE UNICA|0|||24106|LEON|OSEJA DE SAJAMBRE|OSEJA DE SAJAMBRE||
24-E1-00303||AVDA FERROCARRIL|25||24400|24115|LEON|PONFERRADA|PONFERRADA||
24-E1-00307||CALLE TERESA MONJE|3||24010|24142|LEON|SAN ANDRÉS DEL RABANEDO|TROBAJO DEL CAMINO||
24-E1-00309||CALLE SAN IGNACIO DE LOYOLA|58||24010|24142|LEON|SAN ANDRÉS DEL RABANEDO|SAN ANDRES DEL RABANEDO||
24-E1-00311||CALLE SANTA ANA|S-N||24412|24027|LEON|CABAÑAS RARAS|CABAÑAS RARAS||
24-E1-00314||CALLE AVDA. DE ASTURIAS|110||24492|24115|LEON|PONFERRADA|COMPOSTILLA||
24-E1-00317||CALLE MAYOR|8|||24134|LEON|LA ROBLA|ROBLA (LA)||
24-E1-00326||AVDA RIO LUNA|37||24275|24133|LEON|RIOSECO DE TAPIA|RIOSECO DE TAPIA||
24-E1-00328||AVDA CONSTANTINO GANCEDO|27||24100|24202|LEON|VILLABLINO|VILLABLINO||
24-E1-00331||CALLE AZORIN|85|||24142|LEON|SAN ANDRÉS DEL RABANEDO|TROBAJO DEL CAMINO||
24-E1-00334||CALLE CTRA. LEON-COLLANZO|7|||24222|LEON|VILLAQUILAMBRE|VILLAQUILAMBRE||
34-E1-00001||CALLE MALDONADO|S-N||34003|34120|PALENCIA|PALENCIA|PALENCIA||
34-E1-00002||CALLE GENERAL FRANCO|12|||34005|PALENCIA|ALAR DEL REY|ALAR DEL REY||
34-E1-00005||CALLE BARRIO Y MIER|8||34001|34120|PALENCIA|PALENCIA|PALENCIA||
34-E1-00007||CALLE NATALIO REDONDO|8||34310|34029|PALENCIA|BECERRIL DE CAMPOS|BECERRIL DE CAMPOS||
34-E1-00008||CALLE CONDE GARAY|63||34460|34901|PALENCIA|OSORNO LA MAYOR|OSORNO||
34-E1-00009||CALLE REAL|5||34220|34098|PALENCIA|MAGAZ DE PISUERGA|MAGAZ DE PISUERGA||
34-E1-00011||CALLE JOSE ANTONIO PRIMO DE RIVERA|6||34120|34047|PALENCIA|CARRIÓN DE LOS CONDES|CARRION DE LOS CONDES||
34-E1-00016||PLAZA ESPAÑA|1|||34123|PALENCIA|PAREDES DE NAVA|PAREDES DE NAVA||
34-E1-00019||AVDA ABILIO CALDERON|23||34210|34069|PALENCIA|DUEÑAS|DUEÑAS||
34-E1-00020||CALLE IGLESIA (LA)|5||34250|34141|PALENCIA|QUINTANA DEL PUENTE|QUINTANA DEL PUENTE||
34-E1-00023||AVDA PRIMERO DE JUNIO|46||34200|34023|PALENCIA|VENTA DE BAÑOS|VENTA DE BAÑOS||
34-E1-00027||CALLE CARRETERA|0||34847|34904|PALENCIA|LA PERNÍA|SAN SALVADOR DE CANTAMUDA||
34-E1-00032||PLAZA MAYOR|S-N||34478|34052|PALENCIA|CASTRILLO DE VILLAVEGA|CASTRILLO DE VILLAVEGA||
34-E1-00033||CALLE RIO (DEL)|S-N||34468|34092|PALENCIA|LANTADILLA|LANTADILLA||
34-E1-00036||CALLE SANTIAGO AMON|12||34800|34004|PALENCIA|AGUILAR DE CAMPOO|AGUILAR DE CAMPOO||
34-E1-00037||AVDA VALDEGUDIN|9||34190|34225|PALENCIA|VILLAMURIEL DE CERRATO|VILLAMURIEL DE CERRATO||
34-E1-00049||CALLE MAYOR PRINCIPAL|104||34001|34120|PALENCIA|PALENCIA|PALENCIA||
34-E1-00050||CALLE HUERTOS (LOS)|4||34429|34159|PALENCIA|SAN CEBRIÁN DE CAMPOS|SAN CEBRIAN DE CAMPOS||
34-E1-00051||AVDA AGUILERA|1||34190|34225|PALENCIA|VILLAMURIEL DE CERRATO|VILLAMURIEL DE CERRATO||
34-E1-00052||CALLE COLON|20||34002|34120|PALENCIA|PALENCIA|PALENCIA||
34-E1-00065||CALLE HUERTAS (LAS)|1|||34157|PALENCIA|SALDAÑA|SALDAÑA||
34-E1-00066||CTRA MAGDALENA (LA)|25||34885|34171|PALENCIA|SANTIBÁÑEZ DE LA PEÑA|SANTIBAÑEZ DE LA PEÑA||
34-E1-00067||CALLE HERRADURA (LA)|2||34880|34080|PALENCIA|GUARDO|GUARDO||
34-E1-00078||CALLE FRANCISCO VIGHI|S-N|||34120|PALENCIA|PALENCIA|PALENCIA||
34-E1-00080||CALLE HERMANOS LOPEZ FRANCOS|1||34003|34120|PALENCIA|PALENCIA|PALENCIA||
34-E1-00085||PLAZA CERVANTES|1||34005|34120|PALENCIA|PALENCIA|PALENCIA||
34-E1-00086||AVDA VALLADOLID|29||34004|34120|PALENCIA|PALENCIA|PALENCIA||
34-E1-00087||PLAZA RABI SEM TOB|4||34004|34120|PALENCIA|PALENCIA|PALENCIA||
34-E1-00088||CALLE ABETOS (LOS)|4||34003|34120|PALENCIA|PALENCIA|PALENCIA||
34-E1-00094||AVDA CONSTITUCION (DE LA)|26|||34004|PALENCIA|AGUILAR DE CAMPOO|AGUILAR DE CAMPOO||
37-E1-00003||CALLE SALVADOR|0||37003|37274|SALAMANCA|SALAMANCA|SALAMANCA||
37-E1-00004||CALLE PALOMA|S-N|||37008|SALAMANCA|ALBA DE TORMES|ALBA DE TORMES||
37-E1-00010||PASEO ESTACION|53||37004|37274|SALAMANCA|SALAMANCA|SALAMANCA||
37-E1-00012||CALLE MAYOR DE SANCHEZ OCAÑA|32||37700|37046|SALAMANCA|BÉJAR|BEJAR||
37-E1-00014||AVDA CAMPOAMOR|26||37003|37274|SALAMANCA|SALAMANCA|SALAMANCA||
37-E1-00019||CALLE LARGA|89||37600|37316|SALAMANCA|TAMAMES|TAMAMES||
37-E1-00035||CALLE LARGA|2||37260|37373|SALAMANCA|VILLAVIEJA DE YELTES|VILLAVIEJA DE YELTES||
37-E1-00036||CALLE NUESTRA SEÑORA DE LA MISERICORDIA|14||37400|37081|SALAMANCA|CANTALAPIEDRA|CANTALAPIEDRA||
37-E1-00038||AVDA PORTUGAL|82||37006|37274|SALAMANCA|SALAMANCA|SALAMANCA||
37-E1-00043||CALLE ALFONSO DE CASTRO|21||37005|37274|SALAMANCA|SALAMANCA|SALAMANCA||
37-E1-00049||CALLE ARZOBISPO ALMARAZ|2||37427|37347|SALAMANCA|LA VELLÉS|VELLES (LA)||
37-E1-00055||CALLE RODEROS|S-N||37100|37170|SALAMANCA|LEDESMA|LEDESMA||
37-E1-00056||LUGAR BARREROS|6|||37193|SALAMANCA|MIRANDA DEL CASTAÑAR|MIRANDA DEL CASTAÑAR||
37-E1-00057||CALLE AVILA|15||37004|37274|SALAMANCA|SALAMANCA|SALAMANCA||
37-E1-00058||PLAZA JULIAN COCA|11||37770|37156|SALAMANCA|GUIJUELO|GUIJUELO||
37-E1-00064||CALLE MARÍA AUXILIADORA|45||37005|37274|SALAMANCA|SALAMANCA|SALAMANCA||
37-E1-00072||AVDA VILLAS|44||37339|37374|SALAMANCA|VILLORIA|VILLORIA||
37-E1-00073||CALLE REINA SOFIA|36||37730|37171|SALAMANCA|LEDRADA|LEDRADA||
37-E1-00074||PLAZA PUERTA DE AVILA|22||37700|37046|SALAMANCA|BÉJAR|BEJAR||
37-E1-00079||CALLE ROLLO|62||37003|37274|SALAMANCA|SALAMANCA|SALAMANCA||
37-E1-00081||CALLE GRAN VIA|24||37001|37274|SALAMANCA|SALAMANCA|SALAMANCA||
37-E1-00086||PLZLA JEAN MONET|1|||37274|SALAMANCA|SALAMANCA|SALAMANCA||
37-E1-00090||CALLE LAGUNA|5||37500|37107|SALAMANCA|CIUDAD RODRIGO|CIUDAD RODRIGO||
37-E1-00092||PLAZA BRETON|10||37001|37274|SALAMANCA|SALAMANCA|SALAMANCA||
37-E1-00093||PASEO DOCTOR TORRES VILLARROEL|45||37006|37274|SALAMANCA|SALAMANCA|SALAMANCA||
37-E1-00094||CALLE LUIS VIVES|13||37006|37274|SALAMANCA|SALAMANCA|SALAMANCA||
37-E1-00096||AVDA COMUNEROS|25||37003|37274|SALAMANCA|SALAMANCA|SALAMANCA||
37-E1-00097||CALLE TORO|70||37002|37274|SALAMANCA|SALAMANCA|SALAMANCA||
37-E1-00098||CALLE MARIA AUXILIADORA|74||37004|37274|SALAMANCA|SALAMANCA|SALAMANCA||
37-E1-00099||PASEO FLORENCIO MARCOS|21||37008|37274|SALAMANCA|SALAMANCA|SALAMANCA||
37-E1-00102||PASEO GRAN CAPITAN|17||37006|37274|SALAMANCA|SALAMANCA|SALAMANCA||
37-E1-00109||CALLE COMERCIO|2||37006|37274|SALAMANCA|SALAMANCA|SALAMANCA||
37-E1-00111||CALLE MIRANDA|2||37656|37098|SALAMANCA|CEPEDA|CEPEDA||
37-E1-00123||CTRA MADRID|79||37900|37294|SALAMANCA|SANTA MARTA DE TORMES|SANTA MARTA DE TORMES||
37-E1-00126||CALLE RECREO|12||37700|37046|SALAMANCA|BÉJAR|BEJAR||
37-E1-00139||CALLE ARRABAL|8||37712|37161|SALAMANCA|HORCAJO DE MONTEMAYOR|HORCAJO DE MONTEMAYOR||
37-E1-00144||CALLE SALAS POMBO|S-N||37531|37306|SALAMANCA|SERRADILLA DEL ARROYO|SERRADILLA DEL ARROYO||
37-E1-00146||CALLE CARCABA|46|||37324|SALAMANCA|TORDILLOS|TORDILLOS||
37-E1-00150||CALLE ERMITA|23|||37103|SALAMANCA|CESPEDOSA DE TORMES|CESPEDOSA DE TORMES||
37-E1-00152||PLAZA MAYOR|13||37439|37092|SALAMANCA|CASTELLANOS DE MORISCOS|CASTELLANOS DE MORISCOS||
37-E1-00155||CALLE AVE MARIA|4||37406|37228|SALAMANCA|PALACIOSRUBIOS|PALACIOSRUBIOS||
37-E1-00156||CALLE SANTA TERESA|S-N||37893|37121|SALAMANCA|ENCINAS DE ABAJO|ENCINAS DE ABAJO||
37-E1-00158||CALLE TORMES|7||37190|37322|SALAMANCA|TERRADILLOS|URBANIZACION EL ENCINAR||
37-E1-00161||CZADA ALBA|21||37191|37070|SALAMANCA|CALVARRASA DE ARRIBA|CALVARRASA DE ARRIBA||
37-E1-00162||CALLE ERAS|24||37230|37160|SALAMANCA|HINOJOSA DE DUERO|HINOJOSA DE DUERO||
37-E1-00167||CALLE CANTARRANAS|S-N||37318|37232|SALAMANCA|PARADINAS DE SAN JUAN|PARADINAS DE SAN JUAN||
37-E1-00171||CALLE DOCTOR BUSTOS|32||37785|37143|SALAMANCA|GALINDUSTE|GALINDUSTE||
37-E1-00175||CALLE FELIPE BENITEZ|5|||37250|SALAMANCA|PEREÑA DE LA RIBERA|PEREÑA DE LA RIVERA||
37-E1-00176||CALLE JESUS|17||37254|37190|SALAMANCA|MIEZA|MIEZA||
37-E1-00180||CALLE SANTA MARTA|S-N||37188|37085|SALAMANCA|CARBAJOSA DE LA SAGRADA|CARBAJOSA DE LA SAGRADA||
37-E1-00189||CALLE C/ PEDRARIAS|2|||37016|SALAMANCA|ALDEALENGUA|ALDEALENGUA||
37-E1-00195||CALLE CONVENTO|6||37315|37179|SALAMANCA|MANCERA DE ABAJO|MANCERA DE ABAJO||
37-E1-00197||CALLE LARGA|50||37317|37077|SALAMANCA|EL CAMPO DE PEÑARANDA|CAMPO DE PEÑARANDA (EL)||
37-E1-00198||CALLE ABAJO|39||37790|37139|SALAMANCA|FUENTES DE BÉJAR|FUENTES DE BEJAR||
37-E1-00205||CALLE BARRIO NUEVO|48|||37184|SALAMANCA|MASUECO|MASUECO||
37-E1-00209||CALLE SANTIAGO|20||37727|37201|SALAMANCA|MONTEMAYOR DEL RÍO|MONTEMAYOR DEL RIO||
37-E1-00212||CALLE C/ CARRETERA DE MADRID, 61-65|S-N||37900|37294|SALAMANCA|SANTA MARTA DE TORMES|SANTA MARTA DE TORMES||
37-E1-00213||CALLE GENERALISIMO FRANCO|11||37256|37367|SALAMANCA|VILLASBUENAS|VILLASBUENAS||
37-E1-00215||CALLE LUNA|12||37111|37226|SALAMANCA|PALACIOS DEL ARZOBISPO|PALACIOS DEL ARZOBISPO||
37-E1-00216||CALLE VISTAHERMOSA|8||37798|37202|SALAMANCA|MONTERRUBIO DE ARMUÑA|MONTERRUBIO DE ARMUÑA||
37-E1-00220||CTRA VITIGUDINO|4|||37328|SALAMANCA|TRABANCA|TRABANCA||
37-E1-00221||CALLE PAZ|11||37850|37215|SALAMANCA|NAVA DE SOTROBAL|NAVA DE SOTROBAL||
37-E1-00223||CALLE Avda. Peña de Francia|10||37450|37344|SALAMANCA|VECINOS|VECINOS||
37-E1-00225||CALLE LARGA|2||37522|37371|SALAMANCA|VILLASRUBIAS|VILLASRUBIAS||
37-E1-00230||PLAZA ESPAÑA|11|||37278|SALAMANCA|SAN CRISTÓBAL DE LA CUESTA|SAN CRISTOBAL DE LA CUESTA||
37-E1-00231||CALLE SALAS POMBO|16||37460|37025|SALAMANCA|ALDEHUELA DE LA BÓVEDA|ALDEHUELA DE LA BOVEDA||
37-E1-00234||CALLE ERAS|S-N||37638|37304|SALAMANCA|SEPULCRO-HILARIO|SEPULCRO-HILARIO||
37-E1-00239||CMNO AGUAS|59||37003|37274|SALAMANCA|SALAMANCA|SALAMANCA||
37-E1-00241||CALLE SUMATRA|1||37003|37274|SALAMANCA|SALAMANCA|SALAMANCA||
37-E1-00248||CALLE SALIDA DE SALAMANCA|12||37419|37231|SALAMANCA|PARADA DE RUBIALES|PARADA DE RUBIALES||
37-E1-00250||CALLE COMUNEROS|17||37468|37283|SALAMANCA|SANDO|SANDO||
37-E1-00254||AVDA SALAMANCA|59|||37107|SALAMANCA|CIUDAD RODRIGO|CIUDAD RODRIGO||
37-E1-00255||AVDA LASALLE|46||37008|37274|SALAMANCA|SALAMANCA|SALAMANCA||
37-E1-00258||CALLE CALVO SOTELO|4||37881|37330|SALAMANCA|VALDECARROS|VALDECARROS||
37-E1-00259||PASEO ESTACION|8||37300|37246|SALAMANCA|PEÑARANDA DE BRACAMONTE|PEÑARANDA DE BRACAMONTE||
37-E1-00260||CALLE BODEGUITAS|4||37671|37284|SALAMANCA|SAN ESTEBAN DE LA SIERRA|SAN ESTEBAN DE LA SIERRA||
37-E1-00261||CALLE CHORRO|19||37521|37269|SALAMANCA|ROBLEDA|ROBLEDA||
37-E1-00262||CALLE NUEVA|27||37795|37200|SALAMANCA|MONTEJO|MONTEJO||
37-E1-00263||CALLE RICARDO PEREZ FERNANDEZ|6||37003|37274|SALAMANCA|SALAMANCA|SALAMANCA||
37-E1-00264||CALLE MONSEÑOR ROMERO|2||37900|37294|SALAMANCA|SANTA MARTA DE TORMES|SANTA MARTA DE TORMES||
37-E1-00265||CTRA MATA|78||37184|37362|SALAMANCA|VILLARES DE LA REINA|VILLARES DE LA REINA||
37-E1-00270||CTRA MADRID|103||37900|37294|SALAMANCA|SANTA MARTA DE TORMES|SANTA MARTA DE TORMES||
40-E1-00002||CALLE MUERTE Y VIDA|2||40005|40194|SEGOVIA|SEGOVIA|SEGOVIA||
40-E1-00004||CALLE JUAN BRAVO|31||40001|40194|SEGOVIA|SEGOVIA|SEGOVIA||
49-E1-00079||CALLE SAN BLAS|13||49023|49275|ZAMORA|ZAMORA|ZAMORA||
49-E1-00085||CALLE FERIA|16||49004|49275|ZAMORA|ZAMORA|ZAMORA||
49-E1-00092||PLAZA ESPAÑA|7||49100|49260|ZAMORA|VILLANUEVA DEL CAMPO|VILLANUEVA DEL CAMPO||
49-E1-00094||CALLE PLAZA PUENTE MERCADO|37||49360|49085|ZAMORA|GALENDE|PUENTE (EL)||
49-E1-00099||PLAZA MAYOR|5||49240|49264|ZAMORA|VILLAR DEL BUEY|VILLAR DEL BUEY||
49-E1-00101||CALLE TORO|5||49717|49191|ZAMORA|SAN MIGUEL DE LA RIBERA|SAN MIGUEL DE LA RIBERA||
49-E1-00107||CALLE POLVORIN|12||49030|49275|ZAMORA|ZAMORA|ZAMORA||
49-E1-00108||CALLE FUENTE|S-N||49520|49069|ZAMORA|FIGUERUELA DE ARRIBA|FIGUERUELA DE ARRIBA||
49-E1-00124||CALLE CAÑO|11||49153|49234|ZAMORA|VENIALBO|VENIALBO||
49-E1-00125||CALLE CALZADA|1||49152|49210|ZAMORA|SANZOLES|SANZOLES||
49-E1-00138||CALLE VILLAR|4||49192|49095|ZAMORA|LA HINIESTA|HINIESTA (LA)||
49-E1-00139||CALLE SAN PEDRO|6||49697|49130|ZAMORA|MORALES DE VALVERDE|MORALES DE VALVERDE||
49-E1-00140||TRVA CASTILLO|9||49840|49235|ZAMORA|VEZDEMARBÁN|VEZDEMARBAN||
49-E1-00141||CTRA GIJON SEVILLA|13||49192|49178|ZAMORA|ROALES|ROALES||
49-E1-00145||CALLE BAJO DE LA IGLESIA|0||49522|49104|ZAMORA|MAHIDE|MAHIDE||
49-E1-00146||CALLE LA IGLESIA|1||49698|49256|ZAMORA|VILLANÁZAR|MOZAR||
49-E1-00173||CALLE CAÑADA DE LA VIZANA|90||49600|49021|ZAMORA|BENAVENTE|BENAVENTE||
49-E1-00174||CALLE ALMARAZ|3||49026|49275|ZAMORA|ZAMORA|ZAMORA||
40-E1-00012||CALLE JOSE ZORRILLA|41||40002|40194|SEGOVIA|SEGOVIA|SEGOVIA||
40-E1-00015||CALLE INGENIERO MARTIN GIL|10||40320|40040|SEGOVIA|CANTALEJO|CANTALEJO||
40-E1-00016||CALLE FRONTON|15|||40040|SEGOVIA|CANTALEJO|CANTALEJO||
40-E1-00019||PLAZA RAMIRO LEDESMA|1||40005|40194|SEGOVIA|SEGOVIA|SEGOVIA||
40-E1-00023||CALLE FLORENTINO TRAPERO|5|||40004|SEGOVIA|AGUILAFUENTE|AGUILAFUENTE||
40-E1-00029||CALLE SANTA TERESA DE JESUS|24||40004|40194|SEGOVIA|SEGOVIA|SEGOVIA||
40-E1-00033||AVDA VIA ROMA (LA)|30||40003|40194|SEGOVIA|SEGOVIA|SEGOVIA||
40-E1-00037||CALLE FRAGUA|26||40396|40036|SEGOVIA|CABEZUELA|CABEZUELA||
40-E1-00040||URB PINAR|S-N||40216|40065|SEGOVIA|CHAÑE|CHAÑE||
40-E1-00042||CALLE CRUZ|6||40350|40073|SEGOVIA|ESCALONA DEL PRADO|ESCALONA DEL PRADO||
40-E1-00044||PLAZA MERCADO|S-N||40355|40089|SEGOVIA|FUENTESAÚCO DE FUENTIDUEÑA|FUENTESAUCO DE FUENTIDUEÑA||
40-E1-00045||AVDA GENERALISIMO|13||40330|40088|SEGOVIA|FUENTERREBOLLO|FUENTERREBOLLO||
40-E1-00046||PLAZA MAYOR|1||40353|40100|SEGOVIA|HONTALBILLA|HONTALBILLA||
40-E1-00047||CALLE LABRADOR|3||40352|40110|SEGOVIA|LASTRAS DE CUÉLLAR|LASTRAS DE CUELLAR||
40-E1-00058||CALLE REAL|3||40220|40149|SEGOVIA|OLOMBRADA|OLOMBRADA||
40-E1-00061||CALLE PLAZA|S-N||40165|40162|SEGOVIA|PRÁDENA|PRADENA||
40-E1-00062||CALLE MANUEL SANZ BURGOS|7||40237|40174|SEGOVIA|SACRAMENIA|SACRAMENIA||
40-E1-00063||CALLE VALENCIANA|3||40100|40181|SEGOVIA|REAL SITIO DE SAN ILDEFONSO|SAN ILDEFONSO O LA GRANJA||
40-E1-00071||CALLE REINA|1||40161|40139|SEGOVIA|NAVAFRÍA|NAVAFRIA||
40-E1-00075||CALLE PRADO|S-N|||40216|SEGOVIA|VALVERDE DEL MAJANO|VALVERDE DEL MAJANO||
40-E1-00078||CALLE CAÑO|7||40293|40234|SEGOVIA|ZARZUELA DEL PINAR|ZARZUELA DEL PINAR||
40-E1-00079||CALLE ARENAL|S-N||40331|40140|SEGOVIA|NAVALILLA|NAVALILLA||
40-E1-00080||CALLE AYUNTAMIENTO VIEJO|12|||40148|SEGOVIA|NIEVA|NIEVA||
40-E1-00086||CALLE DIANA|21||40408|40146|SEGOVIA|NAVAS DE SAN ANTONIO|NAVAS DE SAN ANTONIO||
40-E1-00089||CALLE CUELLAR|5||40216|40166|SEGOVIA|REMONDO|REMONDO||
40-E1-00091||CALLE POZAS (LAS)|15||40194|40207|SEGOVIA|TRESCASAS|TRESCASAS||
40-E1-00093||CTRA BAHABON|9||40200|40063|SEGOVIA|CUÉLLAR|CUELLAR||
40-E1-00094||CALLE LARGA|5||40004|40194|SEGOVIA|SEGOVIA|SEGOVIA||
40-E1-00095||CALLE REAL|42||40421|40901|SEGOVIA|ORTIGOSA DEL MONTE|ORTIGOSA DEL MONTE||
40-E1-00098||CALLE GREGORIA DIEZ BENITO|1||40380|40193|SEGOVIA|SEBÚLCOR|SEBULCOR||
40-E1-00099||CALLE PLAZUELA|6||40142|40122|SEGOVIA|MARUGÁN|MARUGAN||
40-E1-00100||TRVA ALTO DEL LEON|19||40410|40076|SEGOVIA|EL ESPINAR|SAN RAFAEL||
40-E1-00103||PASEO CONDE DE SEPULVEDA (DEL)|35||40006|40194|SEGOVIA|SEGOVIA|SEGOVIA||
40-E1-00104||PLAZA ESPRONCEDA|7||40006|40194|SEGOVIA|SEGOVIA|SEGOVIA||
42-E1-00002||CALLE EGIDO|35||42160|42019|SORIA|ALMARZA|ALMARZA||
42-E1-00009||CALLE PUERTA DEL ZURO|2||42100|42004|SORIA|ÁGREDA|AGREDA||
42-E1-00011||CALLE MAYOR|8||42360|42035|SORIA|BERLANGA DE DUERO|BERLANGA DE DUERO||
42-E1-00013||CALLE ACOSTA|17||42300|42043|SORIA|BURGO DE OSMA-CIUDAD DE OSMA|BURGO DE OSMA (EL)||
42-E1-00019||CALLE ESCUELA|6||42147|42045|SORIA|CABREJAS DEL PINAR|CABREJAS DEL PINAR||
42-E1-00020||CALLE LAS HERAS|0||42191|42071|SORIA|CUBO DE LA SOLANA|CUBO DE LA SOLANA||
42-E1-00021||CTRA ALAMEDA (LA)|10|||42076|SORIA|DEZA|DEZA||
42-E1-00022||CALLE ORIENTE|6||42158|42078|SORIA|DURUELO DE LA SIERRA|DURUELO DE LA SIERRA||
42-E1-00026||CALLE MAYOR|15||42120|42096|SORIA|GÓMARA|GOMARA||
42-E1-00027||CALLE RIO|8||42320|42103|SORIA|LANGA DE DUERO|LANGA DE DUERO||
42-E1-00028||CALLE NUEVA|3|||42111|SORIA|MATAMALA DE ALMAZÁN|MATAMALA DE ALMAZAN||
42-E1-00035||CTRA CONSTITUCION (DE LA)|48||42149|42129|SORIA|NAVALENO|NAVALENO||
42-E1-00037||CALLE COSO (EL)|28|||42144|SORIA|QUINTANA REDONDA|QUINTANA REDONDA||
42-E1-00040||CALLE ERAS (LAS)|S-N||42153|42160|SORIA|EL ROYO|ROYO (EL)||
42-E1-00041||CALLE HERRADERO|0||42313|42152|SORIA|RECUERDA|RECUERDA||
42-E1-00043||CALLE SAN PEDRO|6||42140|42164|SORIA|SAN LEONARDO DE YAGÜE|SAN LEONARDO DE YAGÜE||
42-E1-00044||CALLE ESCUELAS|5|||42162|SORIA|SAN ESTEBAN DE GORMAZ|SAN ESTEBAN DE GORMAZ||
42-E1-00049||CALLE MARQUES DE VADILLO|3||42002|42173|SORIA|SORIA|SORIA||
42-E1-00050||CALLE COLLADO (EL)|28||42002|42173|SORIA|SORIA|SORIA||
42-E1-00056||CALLE CARRETERA|0|||42194|SORIA|VALDEMALUQUE|VALDEMALUQUE||
42-E1-00057||CALLE ALMAZAN|5||42004|42173|SORIA|SORIA|SORIA||
42-E1-00060||CALLE MANUEL VICENTE TUTOR|8||42001|42173|SORIA|SORIA|SORIA||
42-E1-00061||CALLE TERUEL|2||42004|42173|SORIA|SORIA|SORIA||
42-E1-00066||CALLE SAN ANTONIO|6||42132|42132|SORIA|NOVIERCAS|NOVIERCAS||
42-E1-00070||PLAZA ANTONIO MACHADO|1||42001|42173|SORIA|SORIA|SORIA||
47-E1-00002||CALLE SANTIAGO|14||47001|47186|VALLADOLID|VALLADOLID|VALLADOLID||
47-E1-00006||CALLE GAMAZO|30||47004|47186|VALLADOLID|VALLADOLID|VALLADOLID||
47-E1-00010||CALLE DUQUE DE LA VICTORIA|18||47001|47186|VALLADOLID|VALLADOLID|VALLADOLID||
47-E1-00015||PLAZA CIRCULAR|2||47005|47186|VALLADOLID|VALLADOLID|VALLADOLID||
47-E1-00016||CALLE RONDILLA SANTA TERESA|24||47010|47186|VALLADOLID|VALLADOLID|VALLADOLID||
47-E1-00024||CALLE MANTERIA|33||47004|47186|VALLADOLID|VALLADOLID|VALLADOLID||
47-E1-00029||CMNO ESPERANZA|87||47008|47186|VALLADOLID|VALLADOLID|VALLADOLID||
47-E1-00030||CALLE FERROCARRIL|33||47002|47186|VALLADOLID|VALLADOLID|VALLADOLID||
47-E1-00038||CALLE PORTILLO DE BALBOA|56||47010|47186|VALLADOLID|VALLADOLID|VALLADOLID||
47-E1-00039||CALLE REAL DE BURGOS|15||47011|47186|VALLADOLID|VALLADOLID|VALLADOLID||
47-E1-00040||CALLE HORNIJA|2||47013|47186|VALLADOLID|VALLADOLID|VALLADOLID||
47-E1-00048||PLAZA MAYOR|15||47001|47186|VALLADOLID|VALLADOLID|VALLADOLID||
47-E1-00055||CALLE MONASTERIO SANTO DOMINGO DE SILOS|8|||47186|VALLADOLID|VALLADOLID|VALLADOLID||
47-E1-00062||CALLE LINARES|16||47010|47186|VALLADOLID|VALLADOLID|VALLADOLID||
47-E1-00063||AVDA BURGOS|6||47009|47186|VALLADOLID|VALLADOLID|VALLADOLID||
47-E1-00064||CALLE MIESES|24||47014|47186|VALLADOLID|VALLADOLID|VALLADOLID||
47-E1-00066||PASEO ZORRILLA|5||47008|47186|VALLADOLID|VALLADOLID|VALLADOLID||
47-E1-00067||PASEO ZORRILLA|127||47008|47186|VALLADOLID|VALLADOLID|VALLADOLID||
47-E1-00070||CALLE DOS DE MAYO|7||47004|47186|VALLADOLID|VALLADOLID|VALLADOLID||
47-E1-00071||PLAZA ESPAÑA|11||47001|47186|VALLADOLID|VALLADOLID|VALLADOLID||
47-E1-00074||PLAZA UNIVERSIDAD|8||47003|47186|VALLADOLID|VALLADOLID|VALLADOLID||
47-E1-00076||PLAZA SANTIAGO|2||47680|47084|VALLADOLID|MAYORGA|MAYORGA||
47-E1-00089||CALLE TOMAS BAYON|20||47491|47158|VALLADOLID|LA SECA|SECA (LA)||
47-E1-00090||CALLE AGUSTIN VELASCO|14||47462|47020|VALLADOLID|BOBADILLA DEL CAMPO|BOBADILLA DEL CAMPO||
47-E1-00091||PLAZA MAYOR|2||47830|47164|VALLADOLID|TORDEHUMOS|TORDEHUMOS||
47-E1-00093||CTRA MESONES|4||47860|47223|VALLADOLID|VILLARDEFRADES|VILLARDEFRADES||
47-E1-00095||CALLE REVILLA|1||47320|47093|VALLADOLID|MONTEMAYOR DE PILILLA|MONTEMAYOR DE PILILLA||
47-E1-00096||PLAZA ESPAÑA|15||47500|47101|VALLADOLID|NAVA DEL REY|NAVA DEL REY||
47-E1-00097||AVDA VALLADOLID|20|||47050|VALLADOLID|CIGALES|CIGALES||
47-E1-00104||PLAZA MAYOR|10||47870|47163|VALLADOLID|TIEDRA|TIEDRA||
47-E1-00105||CTRA SANTIBAÑEZ|S-N||47330|47173|VALLADOLID|TRASPINEDO|TRASPINEDO||
47-E1-00107||PASEO RIBERA|2||47240|47182|VALLADOLID|VALDESTILLAS|VALDESTILLAS||
47-E1-00108||CALLE ESPAÑA|14||47310|47030|VALLADOLID|CAMPASPERO|CAMPASPERO||
47-E1-00109||CALLE SAN JUAN|2||47800|47086|VALLADOLID|MEDINA DE RIOSECO|MEDINA DE RIOSECO||
47-E1-00110||PLAZA MAYOR|16||47210|47011|VALLADOLID|ATAQUINES|ATAQUINES||
47-E1-00112||CALLE MAURO GARCIA|S-N||47220|47124|VALLADOLID|POZALDEZ|POZALDEZ||
47-E1-00119||CALLE MAYOR|2||47639|47212|VALLADOLID|VILLALBA DE LOS ALCORES|VILLALBA DE LOS ALCORES||
47-E1-00122||AVDA DIEZ DE OCTUBRE|13||47410|47104|VALLADOLID|OLMEDO|OLMEDO||
47-E1-00124||CALLE VALLELLANO|39||47238|47005|VALLADOLID|ALCAZARÉN|ALCAZAREN||
47-E1-00127||TRVA CALVARIO|1||47300|47114|VALLADOLID|PEÑAFIEL|PEÑAFIEL||
47-E1-00130||CALLE RODRIGO VAZQUEZ DE ARCE|6||47470|47035|VALLADOLID|CARPIO|CARPIO||
47-E1-00131||CALLE SANTA MARIA|27||47100|47165|VALLADOLID|TORDESILLAS|TORDESILLAS||
47-E1-00139||CALLE ONESIMO REDONDO|12||47315|47116|VALLADOLID|PESQUERA DE DUERO|PESQUERA DE DUERO||
47-E1-00144||CALLE PADRE MANJON|54||47013|47186|VALLADOLID|VALLADOLID|VALLADOLID||
47-E1-00148||AVDA VICENTE MORTES|4||47014|47186|VALLADOLID|VALLADOLID|VALLADOLID||
47-E1-00149||CALLE JOAQUIN MARIA JALON|5||47008|47186|VALLADOLID|VALLADOLID|VALLADOLID||
47-E1-00151||CALLE RONDA|55||47420|47075|VALLADOLID|ÍSCAR|ISCAR||
47-E1-00152||CALLE PADRE FRANCISCO SUAREZ|10||47006|47186|VALLADOLID|VALLADOLID|VALLADOLID||
47-E1-00156||PASEO ZORRILLA|53||47008|47186|VALLADOLID|VALLADOLID|VALLADOLID||
47-E1-00159||CALLE LINARES|31||47010|47186|VALLADOLID|VALLADOLID|VALLADOLID||
47-E1-00163||CALLE VILLANUBLA|7||47009|47186|VALLADOLID|VALLADOLID|VALLADOLID||
47-E1-00169||CALLE CIGUEÑA|29||47012|47186|VALLADOLID|VALLADOLID|VALLADOLID||
47-E1-00171||CALLE SAN LORENZO|5||47001|47186|VALLADOLID|VALLADOLID|VALLADOLID||
47-E1-00172||CALLE GENERAL SHELLY|28||47013|47186|VALLADOLID|VALLADOLID|VALLADOLID||
47-E1-00178||CALLE ARGALES|3||47013|47186|VALLADOLID|VALLADOLID|VALLADOLID||
47-E1-00179||CALLE DOCTOR MORALES|S-N||47011|47186|VALLADOLID|VALLADOLID|VALLADOLID||
47-E1-00181||CALLE FAISAN|19||47012|47186|VALLADOLID|VALLADOLID|VALLADOLID||
47-E1-00185||CALLE DOCTOR ESQUERDO|12||47011|47186|VALLADOLID|VALLADOLID|VALLADOLID||
47-E1-00189||CALLE RONDILLA SANTA TERESA|34|||47186|VALLADOLID|VALLADOLID|VALLADOLID||
47-E1-00192||CALLE JOAQUIN VELASCO MARTIN|15||47014|47186|VALLADOLID|VALLADOLID|VALLADOLID||
47-E1-00194||AVDA JOSE LUIS ARRESE|3||47014|47186|VALLADOLID|VALLADOLID|VALLADOLID||
47-E1-00204||CALLE GENERAL FRANCO|3||47170|47133|VALLADOLID|RENEDO DE ESGUEVA|RENEDO DE ESGUEVA||
47-E1-00208||CALLE BARRIO NUEVO|13|||47160|VALLADOLID|SIETE IGLESIAS DE TRABANCOS|SIETE IGLESIAS DE TRABANCOS||
47-E1-00211||TRVA DE LA PARRA|S-N||47129|47142|VALLADOLID|SAN CEBRIÁN DE MAZOTE|SAN CEBRIAN DE MAZOTE||
47-E1-00215||CALLE REAL|81||47152|47186|VALLADOLID|VALLADOLID|PUENTE DUERO-ESPARRAGAL||
47-E1-00219||CALLE CARRETERA DE VENTAS|4||47131|47071|VALLADOLID|GERIA|GERIA||
47-E1-00223||CALLE OLIVARES|S-N||47329|47195|VALLADOLID|VILLABÁÑEZ|VILLABAÑEZ||
47-E1-00224||CALLE CALVO SOTELO|10||47314|47077|VALLADOLID|LANGAYO|LANGAYO||
47-E1-00228||CALLE COLABORADORES|14||47100|47165|VALLADOLID|TORDESILLAS|TORDESILLAS||
47-E1-00229||CALLE VIVAQUE|2||47464|47102|VALLADOLID|NUEVA VILLA DE LAS TORRES|NUEVA VILLA DE LAS TORRES||
47-E1-00239||AVDA RAMON PRADERA|12||47009|47186|VALLADOLID|VALLADOLID|VALLADOLID||
47-E1-00241||CALLE ANCHA,|8|||47099|VALLADOLID|LA MUDARRA|MUDARRA (LA)||
47-E1-00242||AVDA JUAN DE AUSTRIA|12||47140|47076|VALLADOLID|LAGUNA DE DUERO|LAGUNA DE DUERO||
47-E1-00243||AVDA PALENCIA|37||47011|47186|VALLADOLID|VALLADOLID|VALLADOLID||
47-E1-00246||CALLE MIRABEL|56||47010|47186|VALLADOLID|VALLADOLID|VALLADOLID||
47-E1-00249||PASEO JUAN CARLOS I|11||47013|47186|VALLADOLID|VALLADOLID|VALLADOLID||
47-E1-00250||CALLE NUEVA DEL CARMEN|34||47011|47186|VALLADOLID|VALLADOLID|VALLADOLID||
47-E1-00251||PASEO ARCO DE LADRILLO|29||47013|47186|VALLADOLID|VALLADOLID|VALLADOLID||
47-E1-00252||CALLE MANUEL AZAÑA|22||47014|47186|VALLADOLID|VALLADOLID|VALLADOLID||
47-E1-00255||CALLE SANTA MARIA DE LA CABEZA|3||47012|47186|VALLADOLID|VALLADOLID|VALLADOLID||
47-E1-00258||CALLE PADILLA|7||47400|47085|VALLADOLID|MEDINA DEL CAMPO|MEDINA DEL CAMPO||
47-E1-00259||CALLE CLAUDIO MOYANO|1||47400|47085|VALLADOLID|MEDINA DEL CAMPO|MEDINA DEL CAMPO||
47-E1-00262||CALLE SALUD|12||47012|47186|VALLADOLID|VALLADOLID|VALLADOLID||
47-E1-00265||CALLE ARTILLERIA|22||47400|47085|VALLADOLID|MEDINA DEL CAMPO|MEDINA DEL CAMPO||
47-E1-00268||CALLE MATAS ALTAS|2||47151|47023|VALLADOLID|BOECILLO|BOECILLO||
47-E1-00271||PASEO ZORRILLA|153||47008|47186|VALLADOLID|VALLADOLID|VALLADOLID||
47-E1-00274||PLAZA MAYOR|5||47600|47214|VALLADOLID|VILLALÓN DE CAMPOS|VILLALON DE CAMPOS||
47-E1-00276||CALLE CARROMAJADA|9||47195|47010|VALLADOLID|ARROYO DE LA ENCOMIENDA|ARROYO||
47-E1-00278||CALLE CAÑADA REAL DE SORIA|2||47193|47052|VALLADOLID|CISTÉRNIGA|CISTERNIGA||
47-E1-00280||CALLE MOLINO|2||47176|47061|VALLADOLID|ESGUEVILLAS DE ESGUEVA|ESGUEVILLAS DE ESGUEVA||
47-E1-00285||CALLE PENSAMIENTO|40||47140|47076|VALLADOLID|LAGUNA DE DUERO|LAGUNA DE DUERO||
47-E1-00286||CALLE HERNANDO DE SOTO|1||47195|47010|VALLADOLID|ARROYO DE LA ENCOMIENDA|ARROYO||
47-E1-00287||PASEO FARNESIO|29||47013|47186|VALLADOLID|VALLADOLID|VALLADOLID||
47-E1-00292||PQUE MILLAN SANTOS|S-N||47013|47186|VALLADOLID|VALLADOLID|VALLADOLID||
49-E1-00003||CALLE ARGENTINA|32||49030|49275|ZAMORA|ZAMORA|ZAMORA||
49-E1-00015||LUGAR MOMBUEY|0||49310|49121|ZAMORA|MOMBUEY|MOMBUEY||
49-E1-00026||CALLE CORREDERA|59|||49219|ZAMORA|TORO|TORO||
49-E1-00027||AVDA PORTUGAL|10||49016|49275|ZAMORA|ZAMORA|ZAMORA||
49-E1-00028||CALLE SAN TORCUATO|46||49014|49275|ZAMORA|ZAMORA|ZAMORA||
49-E1-00030||CALLE LA RUA|9||49600|49021|ZAMORA|BENAVENTE|BENAVENTE||
49-E1-00035||AVDA PRINCIPE DE ASTURIAS|27||49011|49275|ZAMORA|ZAMORA|ZAMORA||
49-E1-00040||CALLE PLAZA|2||49253|49131|ZAMORA|MORALINA|MORALINA||
49-E1-00043||CALLE RAMOS CARRION|2||49001|49275|ZAMORA|ZAMORA|ZAMORA||
49-E1-00044||AVDA ALFONSO PEÑA|2||49010|49275|ZAMORA|ZAMORA|ZAMORA||
49-E1-00047||AVDA VICTOR GALLEGO|24||49009|49275|ZAMORA|ZAMORA|ZAMORA||
49-E1-00054||CALLE ESTRECHA|12||49131|49252|ZAMORA|VILLAMAYOR DE CAMPOS|VILLAMAYOR DE CAMPOS||
49-E1-00058||CALLE LARGA|S-N||49122|49222|ZAMORA|TORRES DEL CARRIZAL|TORRES DEL CARRIZAL||
49-E1-00064||CALLE ESTEVEZ|7||49880|49147|ZAMORA|PELEAGONZALO|PELEAGONZALO||
49-E1-00067||AVDA JOSA|1||49150|49125|ZAMORA|MORALEJA DEL VINO|MORALEJA DEL VINO||
49-E1-00069||CALLE VILLALPANDO|4||49600|49021|ZAMORA|BENAVENTE|BENAVENTE||
49-E1-00076||CALLE CALVO SOTELO|25||49693|49128|ZAMORA|MORALES DE REY|MORALES DE REY||
49-E1-00078||CALLE MAJADA|S-N||49327|49057|ZAMORA|CUBO DE BENAVENTE|CUBO DE BENAVENTE||
49-E1-00104||CALLE RENOVA|19||49002|49275|ZAMORA|ZAMORA|ZAMORA||
49-E1-00105||AVDA EMETERIO FURONES|5||49625|49205|ZAMORA|SANTIBÁÑEZ DE TERA|SANTIBAÑEZ DE TERA||
49-E1-00118||CALLE GASPAR DE CEPEDA|S-N|||49082|ZAMORA|FUENTES DE ROPEL|FUENTES DE ROPEL||
49-E1-00119||CALLE JOSE FOLGADO|2||49147|49138|ZAMORA|OLMILLOS DE CASTRO|OLMILLOS DE CASTRO||
49-E1-00122||CALLE ANTONIO FRANCO|5||49590|49076|ZAMORA|FRESNO DE LA RIBERA|FRESNO DE LA RIBERA||
49-E1-00129||CALLE MOLINO|44||49699|49011|ZAMORA|ARCOS DE LA POLVOROSA|ARCOS DE LA POLVOROSA||
49-E1-00134||CALLE MARCHA PARALELA|7|||49034|ZAMORA|CAÑIZAL|CAÑIZAL||
49-E1-00135||CALLE SEGOVIA|16||49154|49146|ZAMORA|EL PEGO|PEGO (EL)||
49-E1-00157||CALLE SACRAMENTO|12||49126|49246|ZAMORA|VILLALBA DE LA LAMPREANA|VILLALBA DE LA LAMPREANA||
49-E1-00160||CALLE CARRETERA|7||49626|49116|ZAMORA|MELGAR DE TERA|PUMAREJO DE TERA||
49-E1-00165||CTRA HINIESTA|121||49025|49275|ZAMORA|ZAMORA|ZAMORA||
49-E1-00166||PLAZA ESPAÑA|2||49211|49037|ZAMORA|CARBELLINO|CARBELLINO||
49-E1-00171||AVDA BARRIO TRANVASEVES|19||49322|49143|ZAMORA|PALACIOS DE SANABRIA|PALACIOS DE SANABRIA||
49-E1-00172||CALLE ALFONSO XIII|19||49156|49093|ZAMORA|GUARRATE|GUARRATE||
05-E1-00002||PLAZA SANTA TERESA|2||05001|05019|AVILA|ÁVILA|AVILA||
05-E1-00003||AVDA PORTUGAL (DE)|1||05001|05019|AVILA|ÁVILA|AVILA||
05-E1-00004||CALLE REYES CATOLICOS|31||05001|05019|AVILA|ÁVILA|AVILA||
05-E1-00007||PASEO ESTACION (DE LA)|18||05001|05019|AVILA|ÁVILA|AVILA||
05-E1-00011||PASEO SAN ROQUE (DE)|33||05003|05019|AVILA|ÁVILA|AVILA||
05-E1-00013||TRVA JULIO ARENILLAS|1|||05161|AVILA|NAVALPERAL DE PINARES|NAVALPERAL DE PINARES||
05-E1-00015||AVDA JUVENTUD (DE LA)|31||05003|05019|AVILA|ÁVILA|AVILA||
05-E1-00019||CALLE CARRTERA ÁVILA-TOLEDO|3||05267|05201|AVILA|SAN BARTOLOMÉ DE PINARES|SAN BARTOLOME DE PINARES||
05-E1-00022||PLAZA ARRABAL (DEL)|1||05200|05016|AVILA|ARÉVALO|AREVALO||
05-E1-00025||CALLE CASTOR ROBLEDO|34||05440|05187|AVILA|PIEDRALAVES|PIEDRALAVES||
05-E1-00028||CALLE SAN ISIDRO|4||05290|05204|AVILA|SANCHIDRIÁN|SANCHIDRIAN||
05-E1-00032||CALLE VILORIO|8||05291|05115|AVILA|MAELLO|MAELLO||
05-E1-00038||CALLE CANTO DE LA VIRGEN|2||05420|05240|AVILA|SOTILLO DE LA ADRADA|SOTILLO DE LA ADRADA||
05-E1-00039||AVDA CARRETERA DE ARENAS|23||05416|05013|AVILA|EL ARENAL|ARENAL (EL)||
05-E1-00043||CALLE TOLEDO|7||05260|05057|AVILA|CEBREROS|CEBREROS||
05-E1-00046||TRVA SANTO TOME DE ZABARCOS|2||05350|05220|AVILA|SAN PEDRO DEL ARROYO|SAN PEDRO DEL ARROYO||
05-E1-00051||CALLE MEDIODIA|2||05413|05221|AVILA|SANTA CRUZ DEL VALLE|SANTA CRUZ DEL VALLE||
05-E1-00052||CALLE CALVO SOTELO|45||05560|05263|AVILA|VILLATORO|VILLATORO||
05-E1-00053||CALLE VASCO DE LA ZARZA|9||05002|05019|AVILA|ÁVILA|AVILA||
05-E1-00054||CALLE LOPE DE VEGA|4||05270|05241|AVILA|EL TIEMBLO|TIEMBLO (EL)||
05-E1-00062||CALLE AVDA. JOSE ANTONIO VACA DE OSMA|3|||05021|AVILA|EL BARCO DE ÁVILA|BARCO DE AVILA (EL)||
05-E1-00063||CALLE SANTA TERESA|22||05148|05044|AVILA|CABEZAS DEL VILLAR|CABEZAS DEL VILLAR||
05-E1-00066||CALLE MAYOR|4||05320|05049|AVILA|CARDEÑOSA|CARDEÑOSA||
05-E1-00067||CALLE TESO NUEVO (DEL)|6||05200|05016|AVILA|ARÉVALO|AREVALO||
05-E1-00072||CALLE SANTIAGO|5||05120|05166|AVILA|NAVARREDONDILLA|NAVARREDONDILLA||
05-E1-00073||CALLE HERMANOS RAMOS SAEZ|9||05292|05254|AVILA|VELAYOS|VELAYOS||
05-E1-00079||PLAZA EGIDO|30||05151|05903|AVILA|DIEGO DEL CARPIO|DIEGO ALVARO||
05-E1-00082||CTRA PLAZA CONSTITUCIÓN|1||05631|05162|AVILA|NAVALPERAL DE TORMES|NAVALPERAL DE TORMES||
05-E1-00086||CALLE CARRETERA|5||05294|05093|AVILA|HERRADÓN DE PINARES|CAÑADA (LA)||
05-E1-00088||CALLE GONZALO DEL RIO|46||05429|05227|AVILA|SANTA MARÍA DEL TIÉTAR|SANTA MARIA DEL TIETAR||
05-E1-00090||CALLE SAN MARCOS|1||05165|05242|AVILA|TIÑOSILLOS|TIÑOSILLOS||
05-E1-00093||CALLE MIRA DE GREDOS (DE LA)|9||05634|05105|AVILA|HOYOS DEL ESPINO|HOYOS DEL ESPINO||
05-E1-00094||CALLE ESCUELAS|S-N||05690|05037|AVILA|BOHOYO|BOHOYO||
05-E1-00095||CALLE SAN MARCOS|S-N||05415|05100|AVILA|EL HORNILLO|HORNILLO (EL)||
05-E1-00102||PLAZA CONSTITUCION (DE LA)|24||05115|05167|AVILA|NAVARREVISCA|NAVARREVISCA||
05-E1-00103||CALLE 28 DE JUNIO DE 1942|4||05296|05001|AVILA|ADANERO|ADANERO||
05-E1-00106||CALLE PLAZA|112||05697|05159|AVILA|NAVALONGUILLA|NAVALONGUILLA||
05-E1-00114||CALLE ENCARNACIÓN, S/N|S-N||05001|05019|AVILA|ÁVILA|AVILA||
05-E1-00116||CALLE LANCHA (LA)|9||05114|05905|AVILA|VILLANUEVA DE ÁVILA|VILLANUEVA DE AVILA||
05-E1-00119||CALLE MAYOR|4||05268|05222|AVILA|SANTA CRUZ DE PINARES|SANTA CRUZ DE PINARES||
05-E1-00120||CALLE SANTISIMO CRISTO (DEL)|4|||05083|AVILA|GEMUÑO|GEMUÑO||
05-E1-00135||CALLE PISCINAS (DE LAS)|1||05200|05016|AVILA|ARÉVALO|AREVALO||
05-E1-00139||CALLE VALLE DEL TIETAR|6||05002|05019|AVILA|ÁVILA|AVILA||
09-E1-00001||CALLE CID CAMPEADOR|45||09005|09059|BURGOS|BURGOS|BURGOS||
09-E1-00006||PLAZA MAYOR|19||09003|09059|BURGOS|BURGOS|BURGOS||
09-E1-00009||PLAZA MIO CID|2||09004|09059|BURGOS|BURGOS|BURGOS||
09-E1-00011||CALLE BARTOLOME ORDOÑEZ|1||09006|09059|BURGOS|BURGOS|BURGOS||
09-E1-00012||CALLE MADRID|29||09001|09059|BURGOS|BURGOS|BURGOS||
09-E1-00016||CTRA BURGOS SANTANDER|22||09140|09906|BURGOS|MERINDAD DE RÍO UBIERNA|SOTOPALACIOS||
09-E1-00020||PLAZA MAYOR|18||09400|09018|BURGOS|ARANDA DE DUERO|ARANDA DE DUERO||
09-E1-00022||CALLE CARRETERA LOGROÑO|58||09198|09177|BURGOS|IBEAS DE JUARROS|IBEAS DE JUARROS||
09-E1-00025||CALLE JARDINES|1||09443|09438|BURGOS|VILLALBA DE DUERO|VILLALBA DE DUERO||
09-E1-00026||CALLE DON PRUDENCIO ORTEGO|S-N||09491|09400|BURGOS|VADOCONDES|VADOCONDES||
09-E1-00029||AVDA CASTILLA|35||09460|09218|BURGOS|MILAGROS|MILAGROS||
09-E1-00030||CALLE REAL|14|||09439|BURGOS|VILLALBILLA DE BURGOS|VILLALBILLA DE BURGOS||
09-E1-00040||CALLE MERCADO|23||09211|09134|BURGOS|FRÍAS|FRIAS||
09-E1-00041||PLAZA SANTA CASILDA|1||09240|09056|BURGOS|BRIVIESCA|BRIVIESCA||
09-E1-00044||CALLE POSADAS|2||09280|09115|BURGOS|CUBO DE BUREBA|CUBO DE BUREBA||
09-E1-00046||CALLE AGUA|38||09530|09238|BURGOS|OÑA|OÑA||
09-E1-00050||CMNO FRIAS|8||09540|09394|BURGOS|TRESPADERNE|TRESPADERNE||
09-E1-00057||CALLE PLAZA JURISTA CIRILO ÁLVAREZ MARTÍNEZ|9|||09059|BURGOS|BURGOS|BURGOS||
09-E1-00058||PLAZA CID|3||09100|09211|BURGOS|MELGAR DE FERNAMENTAL|MELGAR DE FERNAMENTAL||
09-E1-00061||PLAZA FRANCISCO SARMIENTO|8||09005|09059|BURGOS|BURGOS|BURGOS||
09-E1-00063||CALLE MAYOR|2||09340|09194|BURGOS|LERMA|LERMA||
09-E1-00076||CALLE AVDA. DEL ARLANZON|15||09004|09059|BURGOS|BURGOS|BURGOS||
09-E1-00078||CALLE SAN ROQUE|3||09310|09390|BURGOS|TORRESANDINO|TORRESANDINO||
09-E1-00080||AVDA CANTABRIA|61||09006|09059|BURGOS|BURGOS|BURGOS||
09-E1-00083||CALLE VILLALON|9||09003|09059|BURGOS|BURGOS|BURGOS||
09-E1-00084||AVDA AVENIDA DE LOS DERECHOS HUMANOS|33||09007|09059|BURGOS|BURGOS|BURGOS||
09-E1-00086||AVDA REYES CATOLICOS|10||09006|09059|BURGOS|BURGOS|BURGOS||
09-E1-00088||CALLE VICENTE ALEIXANDRE|9||09006|09059|BURGOS|BURGOS|BURGOS||
09-E1-00090||CALLE SAN FRANCISCO|30||09005|09059|BURGOS|BURGOS|BURGOS||
09-E1-00092||PASEO ISLA|10||09003|09059|BURGOS|BURGOS|BURGOS||
09-E1-00096||CALLE PROGRESO|32||09002|09059|BURGOS|BURGOS|BURGOS||
09-E1-00103||CALLE PISUERGA|3||09400|09018|BURGOS|ARANDA DE DUERO|ARANDA DE DUERO||
09-E1-00104||CALLE VITORIA|23||09200|09219|BURGOS|MIRANDA DE EBRO|MIRANDA DE EBRO||
09-E1-00105||CALLE VITORIA|198||09007|09059|BURGOS|BURGOS|BURGOS||
09-E1-00112||PLAZA SAN BRUNO|12||09007|09059|BURGOS|BURGOS|BURGOS||
09-E1-00113||CALLE CALZADAS|30||09004|09059|BURGOS|BURGOS|BURGOS||
09-E1-00115||CALLE SAN JUAN|36||09294|09276|BURGOS|LA PUEBLA DE ARGANZÓN|PUEBLA DE ARGANZON (LA)||
09-E1-00116||CALLE ROSA LIMA MANZANO|7||09003|09059|BURGOS|BURGOS|BURGOS||
09-E1-00117||CTRA POZA|101||09007|09059|BURGOS|BURGOS|BURGOS||
09-E1-00123||CALLE VILLARCAYO|8||09005|09059|BURGOS|BURGOS|BURGOS||
09-E1-00129||CALLE SAN FRANCISCO|31||09005|09059|BURGOS|BURGOS|BURGOS||
09-E1-00136||CALLE IGLESIA|4||09140|09301|BURGOS|QUINTANILLA VIVAR|QUINTANILLA-VIVAR O QUINTANILLA MOROCISL||
09-E1-00137||CALLE RONDA SOPARRAL|43||09311|09235|BURGOS|OLMEDILLO DE ROA|OLMEDILLO DE ROA||
09-E1-00138||PLAZA MAYOR|1||09610|09358|BURGOS|SANTO DOMINGO DE SILOS|SANTO DOMINGO DE SILOS||
09-E1-00139||CALLE Avda. Estación|6||09600|09330|BURGOS|SALAS DE LOS INFANTES|SALAS DE LOS INFANTES||
09-E1-00143||CALLE FUENTE|7||09693|09309|BURGOS|REGUMIEL DE LA SIERRA|REGUMIEL DE LA SIERRA||
09-E1-00144||CALLE SAN ROQUE|9||09660|09163|BURGOS|HONTORIA DEL PINAR|HONTORIA DEL PINAR||
09-E1-00145||CALLE RODRIGUEZ DE VALCARCEL|4||09430|09174|BURGOS|HUERTA DE REY|HUERTA DE REY||
09-E1-00146||CALLE ERNESTO SANZ Y SANZ|6||09670|09289|BURGOS|QUINTANAR DE LA SIERRA|QUINTANAR DE LA SIERRA||
09-E1-00149||CALLE BURGOS|70||09142|09905|BURGOS|VALLE DE SEDANO|SEDANO||
09-E1-00152||CALLE MAYOR|8||09120|09427|BURGOS|VILLADIEGO|VILLADIEGO||
09-E1-00155||CALLE REAL|0||09127|09415|BURGOS|VALLE DE VALDELUCIO|QUINTANAS DE VALDELUCIO||
09-E1-00158||CALLE CALLE CARRASQUEDO|8||09510|09908|BURGOS|VALLE DE LOSA|QUINCOCES DE YUSO||
09-E1-00159||AVDA BURGOS|2||09500|09209|BURGOS|MEDINA DE POMAR|MEDINA DE POMAR||
09-E1-00162||CALLE POZO (EL)|59||09195|09434|BURGOS|VILLAGONZALO PEDERNALES|VILLAGONZALO PEDERNALES||
09-E1-00166||CALLE EUROPA|2||09001|09059|BURGOS|BURGOS|BURGOS||
09-E1-00167||CALLE CONDADO DE TREVIÑO|36||09200|09219|BURGOS|MIRANDA DE EBRO|MIRANDA DE EBRO||
09-E1-00169||CALLE ESTEBAN SAEZ ALVARADO|14||09007|09059|BURGOS|BURGOS|BURGOS||
09-E1-00171||AVDA ELADIO PERLADO|66||09007|09059|BURGOS|BURGOS|BURGOS||
09-E1-00175||CALLE FEDERICO GARCIA LORCA|17||09007|09059|BURGOS|BURGOS|BURGOS||
09-E1-00179||AVDA CID CAMPEADOR|85||09005|09059|BURGOS|BURGOS|BURGOS||
09-E1-00188||CALLE JUAN DE GARAY|2||09002|09059|BURGOS|BURGOS|BURGOS||
09-E1-00189||CALLE LUIS ALBERDI|15|||09059|BURGOS|BURGOS|BURGOS||
09-E1-00190||CALLE AMISTAD|2|||09410|BURGOS|VALLE DE MENA|VILLASANA DE MENA||
09-E1-00191||CALLE CONDESA MENCIA|139||09006|09059|BURGOS|BURGOS|BURGOS||
09-E1-00202||CALLE MADRE TERESA DE CALCUTA|3||09007|09059|BURGOS|BURGOS|BURGOS||
09-E1-00204||CALLE CARMEN SALLES|S-N||09006|09059|BURGOS|BURGOS|BURGOS||
09-E1-00206||CALLE AVDA. DE BURGOS|15|||09209|BURGOS|MEDINA DE POMAR|MEDINA DE POMAR||
09-E1-00208||CALLE Plaza Avelino Antolín Toledano|13|||09059|BURGOS|BURGOS|BURGOS||
09-E1-00210||CALLE CALLE LOUDUM, ESQUINA CALLE|S-N||09006|09059|BURGOS|BURGOS|BURGOS||
24-E1-00001||AVDA GALICIA|66||24400|24115|LEON|PONFERRADA|CUATROVIENTOS||
24-E1-00003||AVDA ASTURIAS|75||24100|24202|LEON|VILLABLINO|VILLABLINO||
24-E1-00004||CALLE ANCHA|3||24003|24089|LEON|LEÓN|LEON||
24-E1-00019||AVDA SANTA BARBARA|46||24370|24170|LEON|TORRE DEL BIERZO|TORRE DEL BIERZO||
24-E1-00022||AVDA QUEVEDO|4||24009|24089|LEON|LEÓN|LEON||
24-E1-00025||CALLE ANCHA|23||24003|24089|LEON|LEÓN|LEON||
24-E1-00028||CALLE DOCTOR SANTOS OLIVERA|3||24286|24082|LEON|HOSPITAL DE ÓRBIGO|HOSPITAL DE ORBIGO||
24-E1-00031||CALLE LEITARIEGOS|20||24100|24202|LEON|VILLABLINO|VILLABLINO||
24-E1-00034||CALLE GRAN VIA DE SAN MARCOS|43||24001|24089|LEON|LEÓN|LEON||
24-E1-00038||CALLE MAYOR|27||24237|24168|LEON|TORAL DE LOS GUZMANES|TORAL DE LOS GUZMANES||
24-E1-00042||CALLE JUAN FERRERAS|8||24004|24089|LEON|LEÓN|LEON||
24-E1-00044||PLAZA MAYOR|7||24540|24030|LEON|CACABELOS|CACABELOS||
24-E1-00046||AVDA PADRE ISLA|46|||24089|LEON|LEÓN|LEON||
24-E1-00050||AVDA REY GUNDERICO|37||24735|24047|LEON|CASTROCONTRIGO|CASTROCONTRIGO||
24-E1-00051||PLAZA PUEBLOS (LOS)|S-N||24900|24130|LEON|RIAÑO|RIAÑO||
24-E1-00052||CALLE PADRE ISLA|40||24800|24056|LEON|CISTIERNA|CISTIERNA||
24-E1-00054||PLAZA PICARA JUSTINA|S-N||24004|24089|LEON|LEÓN|LEON||
24-E1-00061||PLAZA ESPOLON|2||24007|24089|LEON|LEÓN|LEON||
24-E1-00062||CALLE DAOIZ Y VELARDE|16||24006|24089|LEON|LEÓN|LEON||
24-E1-00069||AVDA AVENIDA PUENTE DE HIERRO|37||24270|24039|LEON|CARRIZO|CARRIZO DE LA RIBERA||
24-E1-00070||CALLE PADRE ISLA|10||24800|24056|LEON|CISTIERNA|CISTIERNA||
24-E1-00075||CALLE JORGE DE MONTEMAYOR|19||24007|24089|LEON|LEÓN|LEON||
24-E1-00080||CALLE PIO DE CELA|17||24350|24223|LEON|VILLAREJO DE ÓRBIGO|VEGUELLINA DE ORBIGO||
24-E1-00081||CALLE BARAHONA|3||24003|24089|LEON|LEÓN|LEON||
24-E1-00085||CALLE BULEVAR JUAN CARLOS I REY DE ESPAÑA|6|||24115|LEON|PONFERRADA|PONFERRADA||
24-E1-00092||AVDA AVENIDA DE LA PUEBLA|31||24400|24115|LEON|PONFERRADA|PONFERRADA||
24-E1-00096||CALLE MATADERO VIEJO|S-N|||24212|LEON|VILLAMAÑÁN|VILLAMAÑAN||
24-E1-00097||AVDA PARADASECA|1||24500|24209|LEON|VILLAFRANCA DEL BIERZO|VILLAFRANCA DEL BIERZO||
24-E1-00098||CALLE SAN ROQUE|3|||24078|LEON|GORDONCILLO|GORDONCILLO||
24-E1-00100||AVDA PADRE ISLA|54|||24089|LEON|LEÓN|LEON||
24-E1-00105||CALLE CAMPILLO (EL)|33||24450|24169|LEON|TORENO|TORENO||
24-E1-00108||CALLE GENERAL GOMEZ NUÑEZ|12||24400|24115|LEON|PONFERRADA|PONFERRADA||
24-E1-00109||AVDA CONDESA SAGASTA|32||24001|24089|LEON|LEÓN|LEON||
24-E1-00110||CTRA NACIONAL VI|0|||24198|LEON|VEGA DE VALCARCE|VEGA DE VALCARCE||
24-E1-00113||AVDA CONSTITUCION (LA)|6||24100|24202|LEON|VILLABLINO|VILLABLINO||
24-E1-00120||CALLE CONDE LUNA|28||24280|24015|LEON|BENAVIDES|BENAVIDES DE ORBIGO||
24-E1-00121||AVDA CONSTITUCION (LA)|20||24320|24139|LEON|SAHAGÚN|SAHAGUN||
24-E1-00122||AVDA CONSTITUCION (LA)|50||24223|24098|LEON|MATALLANA DE TORÍO|BARRIO ESTACION||
24-E1-00123||PLAZA MAYOR|14||24240|24157|LEON|SANTA MARÍA DEL PÁRAMO|SANTA MARIA DEL PARAMO||
24-E1-00126||CALLE VIA DE LA PLATA|51||24750|24010|LEON|LA BAÑEZA|BAÑEZA (LA)||
24-E1-00127||CALLE RELOJ (EL)|16||24750|24010|LEON|LA BAÑEZA|BAÑEZA (LA)||
24-E1-00128||CALLE JULIO DEL CAMPO|13||24002|24089|LEON|LEÓN|LEON||
24-E1-00143||PLAZA DOCE MARTIRES|0|||24089|LEON|LEÓN|LEON||
24-E1-00145||CALLE CALLE LA SERNA|14||24006|24089|LEON|LEÓN|LEON||
24-E1-00151||AVDA JOSE MARIA FERNANDEZ|38||24006|24089|LEON|LEÓN|LEON||
24-E1-00152||AVDA SAN IGNACIO|16||24010|24089|LEON|LEÓN|LEON||
24-E1-00153||AVDA PARROCO PABLO DIEZ|42||24010|24142|LEON|SAN ANDRÉS DEL RABANEDO|TROBAJO DEL CAMINO||
24-E1-00154||CALLE ALFREDO NISTAL|10||24007|24089|LEON|LEÓN|LEON||
24-E1-00155||CALLE SANTO TORIBIO DE MOGROVEJO|74||24006|24089|LEON|LEÓN|LEON||
24-E1-00162||AVDA MARQUESES DE SAN ISIDRO|12||24004|24089|LEON|LEÓN|LEON||
24-E1-00169||CALLE PENDON DE BAEZA|8||24006|24089|LEON|LEÓN|LEON||
24-E1-00172||CALLE SANCHO ORDOÑEZ|18||24007|24089|LEON|LEÓN|LEON||
24-E1-00175||CALLE CONDE TORENO|2||24006|24089|LEON|LEÓN|LEON||
24-E1-00178||CALLE PLAZA VICENTE FLÓREZ QUIÑONES|14||24127|24132|LEON|RIELLO|RIELLO||
24-E1-00179||CALLE Astorga|9||24400|24115|LEON|PONFERRADA|PONFERRADA||
24-E1-00180||AVDA MARIANO ANDRES|97|||24089|LEON|LEÓN|LEON||
40-E1-00013||PLAZA ESPAÑA|2||40300|40195|SEGOVIA|SEPÚLVEDA|SEPULVEDA||
40-E1-00014||AVDA VICENTE ALEIXANDRE|13||40006|40194|SEGOVIA|SEGOVIA|SEGOVIA||
40-E1-00022||CALLE SANTA CATALINA|16||40003|40194|SEGOVIA|SEGOVIA|SEGOVIA||
40-E1-00026||PLAZA MAYOR|12||40520|40024|SEGOVIA|AYLLÓN|AYLLON||
40-E1-00028||PLAZA POBOS (LOS)|2|||40113|SEGOVIA|LA LOSA|LOSA (LA)||
40-E1-00031||CTRA SEGOVIA|18||40297|40179|SEGOVIA|SANCHONUÑO|SANCHONUÑO||
40-E1-00032||CTRA VILLACASTIN|10||40006|40194|SEGOVIA|SEGOVIA|SEGOVIA||
40-E1-00034||PLAZA MAYOR|17||40360|40041|SEGOVIA|CANTIMPALOS|CANTIMPALOS||
40-E1-00035||AVDA MARQUES DE LOZOYA (DEL)|13||40004|40194|SEGOVIA|SEGOVIA|SEGOVIA||
40-E1-00041||CALLE SANTILLANA|3||40260|40086|SEGOVIA|FUENTEPELAYO|FUENTEPELAYO||
40-E1-00050||CALLE REAL|16|||40134|SEGOVIA|MOZONCILLO|MOZONCILLO||
40-E1-00052||CALLE SIN NOMBRE|S-N|||40176|SEGOVIA|SAMBOAL|SAMBOAL||
40-E1-00053||CALLE ELIAS VIRSEDA|3||40450|40138|SEGOVIA|NAVA DE LA ASUNCIÓN|NAVA DE LA ASUNCION||
40-E1-00054||CALLE FRANCO|1||40470|40145|SEGOVIA|NAVAS DE ORO|NAVAS DE ORO||
40-E1-00064||PLAZA DOLORES (DE) (LOS)|13||40100|40181|SEGOVIA|REAL SITIO DE SAN ILDEFONSO|SAN ILDEFONSO O LA GRANJA||
40-E1-00065||CALLE CONSISTORIO|4||40466|40164|SEGOVIA|RAPARIEGOS|RAPARIEGOS||
40-E1-00068||PLAZA IGLESIA|5||40460|40189|SEGOVIA|SANTIUSTE DE SAN JUAN BAUTISTA|SANTIUSTE DE SAN JUAN BAUTISTA||
40-E1-00069||CALLE CRTA. DE SORIA|20||40160|40203|SEGOVIA|TORRECABALLEROS|TORRECABALLEROS||
40-E1-00070||CALLE POVEDAS|4||40359|40204|SEGOVIA|TORRECILLA DEL PINAR|TORRECILLA DEL PINAR||
40-E1-00073||CALLE CONSTANTINO ARRANZ|4||40213|40219|SEGOVIA|VALLELADO|VALLELADO||
40-E1-00076||CALLE ELEUTERIO ADRADOS|42||40395|40222|SEGOVIA|VEGANZONES|VEGANZONES||
40-E1-00081||AVDA SAN ANTONIO|2||40152|40233|SEGOVIA|ZARZUELA DEL MONTE|ZARZUELA DEL MONTE||
40-E1-00082||AVDA CAMILO JOSE CELA|46||40200|40063|SEGOVIA|CUÉLLAR|CUELLAR||
40-E1-00083||PLAZA COSTANA|5||40196|40112|SEGOVIA|LA LASTRILLA|LASTRILLA (LA)||
40-E1-00084||PLAZA MAYOR|3||40164|40020|SEGOVIA|ARCONES|ARCONES||
40-E1-00090||CALLE MAYOR S/N|5|||40074|SEGOVIA|ESCARABAJOSA DE CABEZAS|ESCARABAJOSA DE CABEZAS||
40-E1-00096||AVDA HONTANILLA|12||40400|40076|SEGOVIA|EL ESPINAR|ESPINAR (EL)||
40-E1-00097||PLAZA TIRSO DE MOLINA|3||40006|40194|SEGOVIA|SEGOVIA|SEGOVIA||
40-E1-00105||AVDA CONSTITUCION (LA)|5||40006|40194|SEGOVIA|SEGOVIA|SEGOVIA||
40-E1-00106||CALLE CTRA. VILLACASTIN|11|||40194|SEGOVIA|SEGOVIA|SEGOVIA||
42-E1-00001||CALLE RIO (DEL)|0||42353|42007|SORIA|ALCUBILLA DE AVELLANEDA|ALCUBILLA DE AVELLANEDA||
42-E1-00007||CALLE GERARDO DIEGO|11||42250|42025|SORIA|ARCOS DE JALÓN|ARCOS DE JALON||
42-E1-00010||CALLE CUATRO CALLES|6||42130|42022|SORIA|ALMENAR DE SORIA|ALMENAR DE SORIA||
42-E1-00016||AVDA ARGENTINA|22||42145|42061|SORIA|CIDONES|CIDONES||
42-E1-00017||CALLE MANUEL CAMARA RODRIGO|60||42157|42069|SORIA|COVALEDA|COVALEDA||
42-E1-00023||PLAZA MAYOR|6||42142|42081|SORIA|ESPEJÓN|ESPEJON||
42-E1-00025||CALLE ERAS (LAS)|S-N||42143|42085|SORIA|FUENTEARMEGIL|FUENTEARMEGIL||
42-E1-00036||CALLE REAL|151||42300|42043|SORIA|BURGO DE OSMA-CIUDAD DE OSMA|OSMA||
42-E1-00039||CALLE FUENTE (LA)|7||42315|42155|SORIA|RETORTILLO DE SORIA|RETORTILLO DE SORIA||
42-E1-00045||PLAZA MARISCAL DE GANTE|10||42174|42165|SORIA|SAN PEDRO MANRIQUE|SAN PEDRO MANRIQUE||
42-E1-00051||PLAZA MAYOR|4||42366|42177|SORIA|TAJUECO|TAJUECO||
42-E1-00052||AVDA RAMON Y CAJAL|10||42294|42181|SORIA|TARDELCUENDE|TARDELCUENDE||
42-E1-00053||PLAZA MAYOR|1||42113|42057|SORIA|CASTILRUIZ|CASTILRUIZ||
42-E1-00059||AVDA VALLADOLID|18||42005|42173|SORIA|SORIA|SORIA||
42-E1-00062||CALLE TEJERA (LA)|2||42001|42173|SORIA|SORIA|SORIA||
42-E1-00063||CALLE FRANCISCO DE AGREDA|4|||42173|SORIA|SORIA|SORIA||
42-E1-00064||PLAZA RAMON BENITO ACEÑA|14|||42191|SORIA|VALDEAVELLANO DE TERA|VALDEAVELLANO DE TERA||
42-E1-00065||CALLE RAMON BENITO ACEÑA|27||42162|42094|SORIA|GARRAY|GARRAY||
42-E1-00067||CALLE JORGE MANRIQUE|11||42003|42173|SORIA|SORIA|SORIA||
47-E1-00001||CALLE LAS MERCEDES|11|||47186|VALLADOLID|VALLADOLID|VALLADOLID||
47-E1-00003||CALLE C/ LABRADORES|15||47004|47186|VALLADOLID|VALLADOLID|VALLADOLID||
47-E1-00008||CALLE PUENTE COLGANTE|41||47007|47186|VALLADOLID|VALLADOLID|VALLADOLID||
47-E1-00011||CALLE SANTIAGO|19||47001|47186|VALLADOLID|VALLADOLID|VALLADOLID||
47-E1-00020||CALLE ANGUSTIAS|26||47003|47186|VALLADOLID|VALLADOLID|VALLADOLID||
47-E1-00025||PLAZA SAN JUAN|5||47002|47186|VALLADOLID|VALLADOLID|VALLADOLID||
47-E1-00027||CALLE CONDE DE BENAVENTE|8||47003|47186|VALLADOLID|VALLADOLID|VALLADOLID||
47-E1-00028||CALLE PANADEROS|39||47004|47186|VALLADOLID|VALLADOLID|VALLADOLID||
47-E1-00033||CALLE EMBAJADORES|20||47013|47186|VALLADOLID|VALLADOLID|VALLADOLID||
47-E1-00034||CALLE DUQUE DE LA VICTORIA|17||47001|47186|VALLADOLID|VALLADOLID|VALLADOLID||
47-E1-00035||CALLE LABRADORES|49||47004|47186|VALLADOLID|VALLADOLID|VALLADOLID||
47-E1-00036||CALLE PARAISO|7||47003|47186|VALLADOLID|VALLADOLID|VALLADOLID||
47-E1-00037||PLAZA RINCONADA|1||47001|47186|VALLADOLID|VALLADOLID|VALLADOLID||
47-E1-00042||PLAZA CRUZ VERDE|3||47002|47186|VALLADOLID|VALLADOLID|VALLADOLID||
47-E1-00044||CALLE SANTA LUCIA|19||47005|47186|VALLADOLID|VALLADOLID|VALLADOLID||
47-E1-00045||PLAZA ARCES|2||47003|47186|VALLADOLID|VALLADOLID|VALLADOLID||
47-E1-00046||CALLE BOLIVIA|3||47014|47186|VALLADOLID|VALLADOLID|VALLADOLID||
47-E1-00050||CALLE MAGALLANES|25||47006|47186|VALLADOLID|VALLADOLID|VALLADOLID||
47-E1-00052||PLAZA BATALLAS|1||47005|47186|VALLADOLID|VALLADOLID|VALLADOLID||
47-E1-00054||CALLE MARIA DE MOLINA|14||47001|47186|VALLADOLID|VALLADOLID|VALLADOLID||
47-E1-00058||CALLE VILLABAÑEZ|3||47012|47186|VALLADOLID|VALLADOLID|VALLADOLID||
47-E1-00061||CALLE PROFESOR ADOLFO MIAJA DE LA MUELA|10||47014|47186|VALLADOLID|VALLADOLID|VALLADOLID||
47-E1-00065||PASEO ZORRILLA|14||47008|47186|VALLADOLID|VALLADOLID|VALLADOLID||
47-E1-00073||CALLE SANTANDER|93|||47186|VALLADOLID|VALLADOLID|VALLADOLID||
47-E1-00075||CALLE PEÑARANDA|15||47480|47065|VALLADOLID|FRESNO EL VIEJO|FRESNO EL VIEJO||
47-E1-00077||CALLE PLAZA MAYOR|10||47239|47159|VALLADOLID|SERRADA|SERRADA||
47-E1-00080||CALLE SAN ROQUE|S-N||47676|47229|VALLADOLID|VILLAVICENCIO DE LOS CABALLEROS|VILLAVICENCIO DE LOS CABALLEROS||
47-E1-00081||CALLE ERAS|1||47171|47044|VALLADOLID|CASTRONUEVO DE ESGUEVA|CASTRONUEVO DE ESGUEVA||
47-E1-00082||CALLE REAL|5||47420|47075|VALLADOLID|ÍSCAR|ISCAR||
47-E1-00084||CALLE PALACIO|3||47820|47197|VALLADOLID|VILLABRÁGIMA|VILLABRAGIMA||
47-E1-00092||CALLE MAYOR|4||47313|47054|VALLADOLID|COGECES DEL MONTE|COGECES DEL MONTE||
47-E1-00098||CALLE REAL|S-N|||47045|VALLADOLID|CASTRONUÑO|CASTRONUÑO||
47-E1-00101||CALLE SANTA MARIA|1||47100|47165|VALLADOLID|TORDESILLAS|TORDESILLAS||
47-E1-00102||CALLE ALTA|2||47239|47218|VALLADOLID|VILLANUEVA DE DUERO|VILLANUEVA DE DUERO||
47-E1-00103||AVDA D.MARCELO GONZALEZ MARTIN|10|||47217|VALLADOLID|VILLANUBLA|VILLANUBLA||
47-E1-00106||CALLE CASTILLA Y LEON|20||47200|47184|VALLADOLID|VALORIA LA BUENA|VALORIA LA BUENA||
47-E1-00118||PLAZA RONDA|9||47610|47231|VALLADOLID|ZARATÁN|ZARATAN||
47-E1-00120||PLAZA MAYOR|S-N||47184|47062|VALLADOLID|FOMBELLIDA|FOMBELLIDA||
47-E1-00123||CALLE LAZARO ALONSO|26||47800|47086|VALLADOLID|MEDINA DE RIOSECO|MEDINA DE RIOSECO||
47-E1-00132||CALLE CONSTITUCION|5||47162|47007|VALLADOLID|ALDEAMAYOR DE SAN MARTÍN|ALDEAMAYOR DE SAN MARTIN||
47-E1-00134||CALLE ALEJANDRO NAJERA|10||47810|47205|VALLADOLID|VILLAFRECHÓS|VILLAFRECHOS||
47-E1-00141||PLAZA EJERCITO|1||47007|47186|VALLADOLID|VALLADOLID|VALLADOLID||
47-E1-00142||CALLE SILIO|6||47005|47186|VALLADOLID|VALLADOLID|VALLADOLID||
47-E1-00143||CALLE ESPERANTO|7||47007|47186|VALLADOLID|VALLADOLID|VALLADOLID||
47-E1-00145||CALLE IMPERIAL|5||47003|47186|VALLADOLID|VALLADOLID|VALLADOLID||
47-E1-00146||CALLE TIRSO DE MOLINA|23||47011|47186|VALLADOLID|VALLADOLID|VALLADOLID||
47-E1-00147||CALLE JOAQUIN MARIA JALON|31||47008|47186|VALLADOLID|VALLADOLID|VALLADOLID||
47-E1-00153||CALLE SOTO|47||47010|47186|VALLADOLID|VALLADOLID|VALLADOLID||
47-E1-00157||CALLE PROFESOR ADOLFO MIAJA DE LA MUELA|17||47014|47186|VALLADOLID|VALLADOLID|VALLADOLID||
47-E1-00164||CALLE SALUD|31||47012|47186|VALLADOLID|VALLADOLID|VALLADOLID||
47-E1-00166||CALLE CANTERAC|51||47012|47186|VALLADOLID|VALLADOLID|VALLADOLID||
47-E1-00167||CALLE GABILONDO|26||47007|47186|VALLADOLID|VALLADOLID|VALLADOLID||
47-E1-00168||PASEO ZORRILLA|205||47008|47186|VALLADOLID|VALLADOLID|VALLADOLID||
47-E1-00170||CALLE SAN CRISTOBAL|24||47193|47052|VALLADOLID|CISTÉRNIGA|CISTERNIGA||
47-E1-00177||CALLE JUAN CARLOS I|138|||47186|VALLADOLID|VALLADOLID|VALLADOLID||
47-E1-00180||CALLE CARDIEL|44||47150|47193|VALLADOLID|VIANA DE CEGA|VIANA DE CEGA||
47-E1-00183||CALLE TRABAJO|8||47013|47186|VALLADOLID|VALLADOLID|VALLADOLID||
47-E1-00184||CALLE ARCA REAL|44||47013|47186|VALLADOLID|VALLADOLID|VALLADOLID||
47-E1-00187||CALLE ARCA REAL|83||47013|47186|VALLADOLID|VALLADOLID|VALLADOLID||
47-E1-00188||CALLE PALACIO VALDES|7||47005|47186|VALLADOLID|VALLADOLID|VALLADOLID||
47-E1-00195||CALLE SAN ISIDRO|9||47012|47186|VALLADOLID|VALLADOLID|VALLADOLID||
47-E1-00196||CALLE HUELVA|16||47012|47186|VALLADOLID|VALLADOLID|VALLADOLID||
47-E1-00197||CALLE EMBAJADORES|92||47013|47186|VALLADOLID|VALLADOLID|VALLADOLID||
47-E1-00198||CALLE ALONSO PESQUERA|1||47002|47186|VALLADOLID|VALLADOLID|VALLADOLID||
47-E1-00199||CALLE TORTOLA|15||47012|47186|VALLADOLID|VALLADOLID|VALLADOLID||
47-E1-00202||CALLE GARCIA MORATO|40||47007|47186|VALLADOLID|VALLADOLID|VALLADOLID||
47-E1-00203||AVDA MIGUEL ANGEL BLANCO|5||47014|47186|VALLADOLID|VALLADOLID|VALLADOLID||
47-E1-00207||CALLE JESUS|44|||47155|VALLADOLID|SANTOVENIA DE PISUERGA|SANTOVENIA DE PISUERGA||
47-E1-00209||PLAZA MAYOR|5||47340|47157|VALLADOLID|SARDÓN DE DUERO|SARDON DE DUERO||
47-E1-00212||CALLE POZO|3||47328|47110|VALLADOLID|LA PARRILLA|PARRILLA (LA)||
47-E1-00218||CALLE REAL|1||47440|47087|VALLADOLID|MEGECES|MEGECES||
47-E1-00220||CALLE HOSPITAL|6||47640|47115|VALLADOLID|PEÑAFLOR DE HORNIJA|PEÑAFLOR DE HORNIJA||
47-E1-00221||CALLE REAL|22||47450|47123|VALLADOLID|POZAL DE GALLINAS|POZAL DE GALLINAS||
47-E1-00231||PLAZA REAL|2||47114|47166|VALLADOLID|TORRECILLA DE LA ABADESA|TORRECILLA DE LA ABADESA||
47-E1-00232||CALLE LOS CASTILLOS|10||47100|47165|VALLADOLID|TORDESILLAS|TORDESILLAS||
47-E1-00235||CALLE ZARZA|13|||47003|VALLADOLID|AGUILAR DE CAMPOS|AGUILAR DE CAMPOS||
47-E1-00240||CTRA SORIA|S-N||47320|47175|VALLADOLID|TUDELA DE DUERO|TUDELA DE DUERO||
47-E1-00244||PASEO ZORRILLA|179|||47186|VALLADOLID|VALLADOLID|VALLADOLID||
47-E1-00247||CALLE MANUEL AZAÑA|27||47014|47186|VALLADOLID|VALLADOLID|VALLADOLID||
47-E1-00254||CALLE MIRABEL|28||47010|47186|VALLADOLID|VALLADOLID|VALLADOLID||
47-E1-00256||AVDA MADRID|24||47140|47076|VALLADOLID|LAGUNA DE DUERO|LAGUNA DE DUERO||
47-E1-00257||CALLE GAMAZO|8||47400|47085|VALLADOLID|MEDINA DEL CAMPO|MEDINA DEL CAMPO||
47-E1-00260||PLAZA MAYOR DE LA HISPANIDAD|36||47400|47085|VALLADOLID|MEDINA DEL CAMPO|MEDINA DEL CAMPO||
47-E1-00261||CALLE VALLADOLID|21||47400|47085|VALLADOLID|MEDINA DEL CAMPO|MEDINA DEL CAMPO||
47-E1-00263||AVDA DE LA LIBERTAD|31||47140|47076|VALLADOLID|LAGUNA DE DUERO|LAGUNA DE DUERO||
47-E1-00264||CALLE ANGEL MOLINA|4||47400|47085|VALLADOLID|MEDINA DEL CAMPO|MEDINA DEL CAMPO||
47-E1-00266||CALLE TORRECILLA|30||47003|47186|VALLADOLID|VALLADOLID|VALLADOLID||
47-E1-00273||CALLE NARCISO ALONSO CORTES|12||47006|47186|VALLADOLID|VALLADOLID|VALLADOLID||
47-E1-00277||CALLE SAN ROQUE|16||47320|47175|VALLADOLID|TUDELA DE DUERO|TUDELA DE DUERO||
47-E1-00288||CALLE COMUNIDAD DE CANARIAS|3||47140|47076|VALLADOLID|LAGUNA DE DUERO|LAGUNA DE DUERO||
47-E1-00290||CALLE HIEDRA|2||47009|47186|VALLADOLID|VALLADOLID|VALLADOLID||
47-E1-00291||CALLE 1 DE MAYO|6||47320|47175|VALLADOLID|TUDELA DE DUERO|TUDELA DE DUERO||
47-E1-00293||PASEO CAUCE|59||47012|47186|VALLADOLID|VALLADOLID|VALLADOLID||
49-E1-00001||PLAZA MAYOR|15||49140|49214|ZAMORA|TÁBARA|TABARA||
49-E1-00005||AVDA PURISIMA|3||49780|49159|ZAMORA|POBLADURA DEL VALLE|POBLADURA DEL VALLE||
49-E1-00009||CALLE CALVO SOTELO|8||49151|49039|ZAMORA|CASASECA DE LAS CHANAS|CASASECA DE LAS CHANAS||
49-E1-00010||CALLE MAESTRO ANTON|1||49005|49275|ZAMORA|ZAMORA|ZAMORA||
49-E1-00012||CALLE ALMARAZ|9||49200|49023|ZAMORA|BERMILLO DE SAYAGO|BERMILLO DE SAYAGO||
49-E1-00013||PLAZA SANTA MARINA|23||49800|49219|ZAMORA|TORO|TORO||
49-E1-00014||CALLE PUERTA DEL MERCADO|19||49800|49219|ZAMORA|TORO|TORO||
49-E1-00018||AVDA TORO|1||49155|49024|ZAMORA|LA BÓVEDA DE TORO|BOVEDA DE TORO (LA)||
49-E1-00020||CALLE IGLESIA|9||49400|49081|ZAMORA|FUENTESAÚCO|FUENTESAUCO||
49-E1-00023||TRVA FUENTE|S-N||49523|49209|ZAMORA|SAN VITERO|SAN VITERO||
49-E1-00024||CALLE TABLARREDONDA|6||49800|49219|ZAMORA|TORO|TORO||
49-E1-00025||CALLE PLAZA DE LA IGLESIA|1|||49109|ZAMORA|MANGANESES DE LA POLVOROSA|MANGANESES DE LA POLVOROSA||
49-E1-00032||CTRA ZAMORA|0||49178|49149|ZAMORA|PEÑAUSENDE|PEÑAUSENDE||
49-E1-00033||CALLE LA RUA|14||49600|49021|ZAMORA|BENAVENTE|BENAVENTE||
49-E1-00036||AVDA GALICIA|40||49032|49275|ZAMORA|ZAMORA|ZAMORA||
49-E1-00037||AVDA TRES CRUCES|4||49008|49275|ZAMORA|ZAMORA|ZAMORA||
49-E1-00038||CALLE PLAZA MAYOR|2||49700|49054|ZAMORA|CORRALES DEL VINO|CORRALES||
49-E1-00041||CALLE SOLANA|12||49190|49127|ZAMORA|MORALES DEL VINO|MORALES DEL VINO||
49-E1-00046||AVDA TRES CRUCES|25||49008|49275|ZAMORA|ZAMORA|ZAMORA||
49-E1-00050||CALLE ARROYO|3||49530|49053|ZAMORA|CORESES|CORESES||
49-E1-00052||CALLE NUEVA|42||49516|49223|ZAMORA|TRABAZOS|TRABAZOS||
49-E1-00056||CALLE BENAVENTE|2||49626|49201|ZAMORA|SANTA CROYA DE TERA|SANTA CROYA DE TERA||
49-E1-00074||CALLE MAGDALENA|12||49830|49020|ZAMORA|BELVER DE LOS MONTES|BELVER DE LOS MONTES||
24-E1-00191||CALLE PIORNAL (EL)|S-N||24740|24172|LEON|TRUCHAS|TRUCHAS||
24-E1-00197||CALLE ALMIRANTE MARTIN GRANIZO|44||24225|24218|LEON|VILLANUEVA DE LAS MANZANAS|PALANQUINOS||
24-E1-00198||CTRA ZAMORA|0||24192|24105|LEON|ONZONILLA|ONZONILLA||
24-E1-00199||AVDA EMILIANO ALONSO SANCHEZ LOMBA|7||24855|24121|LEON|PUEBLA DE LILLO|PUEBLA DE LILLO||
24-E1-00200||AVDA ANGEL GARCIA DEL VELLO|S-N||24760|24046|LEON|CASTROCALBÓN|CASTROCALBON||
24-E1-00207||PLAZA IGLESIA (LA)|2||24891|24076|LEON|GARRAFE DE TORÍO|GARRAFE DE TORIO||
24-E1-00212||CALLE MAYOR|22||24150|24151|LEON|SANTA COLOMBA DE CURUEÑO|BARRIO DE NUESTRA SEÑORA||
24-E1-00215||CALLE JUAN GUEREÑO|43||24980|24060|LEON|CRÉMENES|CREMENES||
24-E1-00216||PLAZA MAYOR|2||24769|24053|LEON|CEBRONES DEL RÍO|CEBRONES DEL RIO||
24-E1-00218||CALLE CAMINO DE SANTIAGO|67||24226|24227|LEON|VILLATURIEL|TOLDANOS||
24-E1-00222||CALLE OBISPO SANTIAGO|38||24359|24144|LEON|SAN CRISTÓBAL DE LA POLANTERA|SAN CRISTOBAL DE LA POLANTERA||
24-E1-00224||CALLE AVENIDA GENERAL|17||24130|24101|LEON|MURIAS DE PAREDES|MURIAS DE PAREDES||
24-E1-00228||CALLE SAN ANTONIO|4||24162|24225|LEON|VILLASABARIEGO|VILLAFAÑE||
24-E1-00229||CALLE ENTRE LOS ESPINOS|6|||24163|LEON|SARIEGOS|AZADINOS||
24-E1-00234||CTRA MADRID-CORUÑA|16|||24136|LEON|ROPERUELOS DEL PÁRAMO|VALCABADO DEL PARAMO||
24-E1-00238||CALLE GENERAL ARROYO JALON|S-N||24314|24049|LEON|CASTROPODAME|MATACHANA||
24-E1-00248||CALLE REAL|0||24346|24197|LEON|VEGA DE INFANZONES|GRULLEROS||
24-E1-00261||CALLE CARRETERA|S-N||24995|24025|LEON|BURÓN|LARIO||
24-E1-00262||CALLE MOISES DE LEON|28||24006|24089|LEON|LEÓN|LEON||
24-E1-00263||CALLE PUENTE (LA)|S-N||24224|24028|LEON|CABREROS DEL RÍO|CABREROS DEL RIO||
24-E1-00266||PLAZA PLAZA (LA)|S-N||24443|24022|LEON|BORRENES|BORRENES||
24-E1-00271||CALLE CANTON|2||24792|24117|LEON|POZUELO DEL PÁRAMO|ALTOBAR DE LA ENCOMIENDA||
24-E1-00275||CALLE EDUARDO GONZÁLEZ PASTRANA|4||24010|24142|LEON|SAN ANDRÉS DEL RABANEDO|TROBAJO DEL CAMINO||
24-E1-00277||AVDA BIERZO (EL)|314||24390|24115|LEON|PONFERRADA|DEHESAS||
24-E1-00278||CALLE MAYOR|S-N||24325|24077|LEON|GORDALIZA DEL PINO|GORDALIZA DEL PINO||
24-E1-00284||CALLE CARRETERA|13||24433|24036|LEON|VALLE DE ANCARES|CANDIN||
24-E1-00289||CALLE MEDIO|14||24233|24006|LEON|ARDÓN|VILLALOBAR||
24-E1-00290||AVDA SAN JUAN DE SAHAGUN|23||24007|24089|LEON|LEÓN|LEON||
24-E1-00292||CALLE PADRE MONTES|3||24207|24099|LEON|MATANZA|MATANZA DE LOS OTEROS||
24-E1-00301||CTRA SANTANDER|20|||24020|LEON|BOCA DE HUÉRGANO|BOCA DE HUERGANO||
24-E1-00310||CALLE CORTINA (LA)|10||24439|24143|LEON|SANCEDO|SANCEDO||
24-E1-00313||CALLE DUERNA|7||24010|24142|LEON|SAN ANDRÉS DEL RABANEDO|BARRIO DE PINILLA||
24-E1-00318||AVDA CAMINO DE SANTIAGO|143||24410|24034|LEON|CAMPONARAYA|CAMPONARAYA||
24-E1-00319||AVDA PARROCO PABLO DIEZ|100||24010|24142|LEON|SAN ANDRÉS DEL RABANEDO|TROBAJO DEL CAMINO||
24-E1-00320||CALLE MAESTRO JOSE ALONSO BARRIO|S-N||24300|24014|LEON|BEMBIBRE|BEMBIBRE||
24-E1-00321||CALLE GIL Y CARRASCO|3||24420|24070|LEON|FABERO|FABERO||
24-E1-00322||AVDA AVIACION|56||24198|24189|LEON|VALVERDE DE LA VIRGEN|VIRGEN DEL CAMINO (LA)||
24-E1-00323||CALLE AVDA. REYES LEONESES|46|||24089|LEON|LEÓN|LEON||
24-E1-00324||CALLE REYES LEONESES|23||24008|24089|LEON|LEÓN|LEON||
24-E1-00329||AVDA LIBERTAD (LA)|85||24012|24222|LEON|VILLAQUILAMBRE|NAVATEJERA||
24-E1-00330||BULEV JUAN CARLOS I REY DE ESPAÑA|29||24400|24115|LEON|PONFERRADA|PONFERRADA||
24-E1-00333||AVDA LEON|276||24196|24163|LEON|SARIEGOS|CARBAJAL DE LA LEGUA||
34-E1-00004||AVDA SANTANDER|7||34003|34120|PALENCIA|PALENCIA|PALENCIA||
34-E1-00013||PLAZA ESPAÑA|9||34230|34182|PALENCIA|TORQUEMADA|TORQUEMADA||
34-E1-00014||CALLE MAYOR|20||34192|34079|PALENCIA|GRIJOTA|GRIJOTA||
34-E1-00015||PLAZA JOSE ANTONIO GIRON|23||34400|34083|PALENCIA|HERRERA DE PISUERGA|HERRERA DE PISUERGA||
34-E1-00017||AVDA CONSTITUCION (LA)|12||34820|34027|PALENCIA|BARRUELO DE SANTULLÁN|BARRUELO DE SANTULLAN||
34-E1-00018||PLAZA ESPAÑA|13|||34004|PALENCIA|AGUILAR DE CAMPOO|AGUILAR DE CAMPOO||
34-E1-00021||CALLE BURGOS|4||34001|34120|PALENCIA|PALENCIA|PALENCIA||
34-E1-00029||CALLE SAN JUAN DE DIOS|1||34002|34120|PALENCIA|PALENCIA|PALENCIA||
34-E1-00038||CALLE CAVA|5||34249|34238|PALENCIA|VILLAVIUDAS|VILLAVIUDAS||
34-E1-00039||CALLE MATIAS BARRIO Y MIER|13||34800|34004|PALENCIA|AGUILAR DE CAMPOO|AGUILAR DE CAMPOO||
34-E1-00040||PLAZA MAYOR|4||34830|34158|PALENCIA|SALINAS DE PISUERGA|SALINAS DE PISUERGA||
34-E1-00043||CALLE MAYOR|4||34320|34059|PALENCIA|CISNEROS|CISNEROS||
34-E1-00046||PLAZA ESPAÑA|3||34240|34022|PALENCIA|BALTANÁS|BALTANAS||
34-E1-00054||PLAZA MAYOR|7||34340|34206|PALENCIA|VILLADA|VILLADA||
34-E1-00057||CALLE GENERAL FRANCO|9||34419|34217|PALENCIA|VILLALOBÓN|VILLALOBON||
34-E1-00061||AVDA SAN TELMO|13||34004|34120|PALENCIA|PALENCIA|PALENCIA||
34-E1-00062||AVDA CARDENAL CISNEROS|29||34004|34120|PALENCIA|PALENCIA|PALENCIA||
34-E1-00068||PLAZA MAYOR|1||34840|34056|PALENCIA|CERVERA DE PISUERGA|CERVERA DE PISUERGA||
34-E1-00070||PLAZA ESPAÑA|1||34112|34169|PALENCIA|SANTERVÁS DE LA VEGA|SANTERVAS DE LA VEGA||
34-E1-00073||CALLE SANTA BARBARA|5||34880|34080|PALENCIA|GUARDO|GUARDO||
34-E1-00076||CALLE PLAZA DE CASTILLA Y LEON|12||34246|34050|PALENCIA|CASTRILLO DE DON JUAN|CASTRILLO DE DON JUAN||
34-E1-00077||AVDA VACCEOS (LOS)|S-N||34003|34120|PALENCIA|PALENCIA|PALENCIA||
34-E1-00081||PLAZA MAYOR|28||34886|34199|PALENCIA|VELILLA DEL RÍO CARRIÓN|VELILLA DEL RIO CARRION||
34-E1-00082||PLAZA SAN PABLO|6||34005|34120|PALENCIA|PALENCIA|PALENCIA||
34-E1-00083||CALLE PUEBLA (LA)|15||34002|34120|PALENCIA|PALENCIA|PALENCIA||
34-E1-00084||CALLE DOCTOR FLEMING|12||34004|34120|PALENCIA|PALENCIA|PALENCIA||
34-E1-00092||CALLE LOPE DE VEGA|7||34001|34120|PALENCIA|PALENCIA|PALENCIA||
34-E1-00093||CTRA VILLAFOLFO|3||34309|34055|PALENCIA|CERVATOS DE LA CUEZA|CERVATOS DE LA CUEZA||
34-E1-00095||CALLE URBANIZACION SAN MIGUEL|S-N|||34080|PALENCIA|GUARDO|GUARDO||
34-E1-00100||AVDA SAN TELMO|25||34004|34120|PALENCIA|PALENCIA|PALENCIA||
34-E1-00101||CALLE SAN JUAN DE LA CRUZ|42||34004|34120|PALENCIA|PALENCIA|PALENCIA||
37-E1-00002||PLAZA MAYOR|2||37160|37364|SALAMANCA|VILLARINO DE LOS AIRES|VILLARINO||
37-E1-00005||PLAZA ESPAÑA|5||37405|37082|SALAMANCA|CANTALPINO|CANTALPINO||
37-E1-00007||AVDA FEDERICO ANAYA|91||37005|37274|SALAMANCA|SALAMANCA|SALAMANCA||
37-E1-00008||CALLE CRISTOBAL MARTIN HERRERA|8||37250|37014|SALAMANCA|ALDEADÁVILA DE LA RIBERA|ALDEADAVILA DE LA RIBERA||
37-E1-00013||PLAZA OESTE|2||37007|37274|SALAMANCA|SALAMANCA|SALAMANCA||
37-E1-00015||CALLE CRUZ DE CARAVACA|2||37003|37274|SALAMANCA|SALAMANCA|SALAMANCA||
37-E1-00017||CALLE MARIA AUXILIADORA|8||37004|37274|SALAMANCA|SALAMANCA|SALAMANCA||
37-E1-00018||CALLE CONDES DE CRESPO RASCON|2||37002|37274|SALAMANCA|SALAMANCA|SALAMANCA||
37-E1-00024||PLAZA SAN JULIAN|13||37001|37274|SALAMANCA|SALAMANCA|SALAMANCA||
37-E1-00027||PLAZA CONSTITUCION|7||37540|37136|SALAMANCA|FUENTEGUINALDO|FUENTEGUINALDO||
37-E1-00028||PLAZA MAYOR|6||37500|37107|SALAMANCA|CIUDAD RODRIGO|CIUDAD RODRIGO||
37-E1-00029||PLAZA MERCADO|4||37001|37274|SALAMANCA|SALAMANCA|SALAMANCA||
37-E1-00030||CALLE ESCUELAS|6|||37044|SALAMANCA|BARRUECOPARDO|BARRUECOPARDO||
37-E1-00031||CALLE PRIOR|9||37002|37274|SALAMANCA|SALAMANCA|SALAMANCA||
37-E1-00032||CALLE GARGABETE|1||37004|37274|SALAMANCA|SALAMANCA|SALAMANCA||
37-E1-00034||CTRA LEDESMA|2||37006|37274|SALAMANCA|SALAMANCA|SALAMANCA||
37-E1-00039||CALLE LIBERTAD|1||37700|37046|SALAMANCA|BÉJAR|BEJAR||
37-E1-00051||CALLE VELARDE|3||37005|37274|SALAMANCA|SALAMANCA|SALAMANCA||
37-E1-00053||CALLE OBISPO ZARRANZ Y PUEYO|3||37700|37046|SALAMANCA|BÉJAR|BEJAR||
37-E1-00062||CALLE MORAL|11||37311|37296|SALAMANCA|SANTIAGO DE LA PUEBLA|SANTIAGO DE LA PUEBLA||
37-E1-00063||PLAZA VIRGEN DE LA VEGA|8||37008|37274|SALAMANCA|SALAMANCA|SALAMANCA||
37-E1-00068||PLAZA POETA IGLESIAS|21||37001|37274|SALAMANCA|SALAMANCA|SALAMANCA||
37-E1-00069||PLAZA ESPAÑA|4||37300|37246|SALAMANCA|PEÑARANDA DE BRACAMONTE|PEÑARANDA DE BRACAMONTE||
37-E1-00070||CALLE MADRID|1||37500|37107|SALAMANCA|CIUDAD RODRIGO|CIUDAD RODRIGO||
37-E1-00075||CALLE ZAMORA|86||37002|37274|SALAMANCA|SALAMANCA|SALAMANCA||
37-E1-00077||CALLE ZAMORA|67||37002|37274|SALAMANCA|SALAMANCA|SALAMANCA||
37-E1-00078||CALLE ALBERCA|51||37007|37274|SALAMANCA|SALAMANCA|SALAMANCA||
37-E1-00082||PASEO CANALEJAS|117||37008|37274|SALAMANCA|SALAMANCA|SALAMANCA||
37-E1-00083||CALLE GRAN VIA|21||37001|37274|SALAMANCA|SALAMANCA|SALAMANCA||
37-E1-00084||PLAZA RICARDO GARCIA MUÑOZ|6||37720|37263|SALAMANCA|PUERTO DE BÉJAR|PUERTO DE BEJAR||
37-E1-00085||CMNO AGUAS|8||37003|37274|SALAMANCA|SALAMANCA|SALAMANCA||
37-E1-00087||PLAZA CORRILLO|15||37002|37274|SALAMANCA|SALAMANCA|SALAMANCA||
37-E1-00089||CALLE CLAUDIO ROMERO|22||37110|37327|SALAMANCA|TORRESMENUDAS|TORRESMENUDAS||
37-E1-00095||CALLE SAN ESTEBAN|3||37200|37135|SALAMANCA|LA FUENTE DE SAN ESTEBAN|FUENTE DE SAN ESTEBAN (LA)||
37-E1-00100||CALLE ARAPILES|23||37007|37274|SALAMANCA|SALAMANCA|SALAMANCA||
37-E1-00101||CALLE GRANDE|36||37258|37350|SALAMANCA|VILVESTRE|VILVESTRE||
37-E1-00103||CALLE TORO|25||37002|37274|SALAMANCA|SALAMANCA|SALAMANCA||
37-E1-00106||PASEO SAN VICENTE|52||37007|37274|SALAMANCA|SALAMANCA|SALAMANCA||
37-E1-00107||PASEO SAN VICENTE|8||37007|37274|SALAMANCA|SALAMANCA|SALAMANCA||
37-E1-00108||PASEO NOGALES|S-N||37005|37274|SALAMANCA|SALAMANCA|SALAMANCA||
37-E1-00113||CALLE MAESTRO JIMENEZ|14||37008|37274|SALAMANCA|SALAMANCA|SALAMANCA||
37-E1-00114||CTRA LEDESMA|90||37006|37274|SALAMANCA|SALAMANCA|SALAMANCA||
37-E1-00115||CALLE GRECO|16||37004|37274|SALAMANCA|SALAMANCA|SALAMANCA||
37-E1-00117||AVDA SALAS POMBO|S-N||37181|37069|SALAMANCA|CALVARRASA DE ABAJO|CALVARRASA DE ABAJO||
37-E1-00120||PASEO DOCTOR TORRES VILLARROEL|22||37006|37274|SALAMANCA|SALAMANCA|SALAMANCA||
37-E1-00121||PASEO CARMELITAS|54||37007|37274|SALAMANCA|SALAMANCA|SALAMANCA||
37-E1-00122||AVDA ALFONSO VI|1||37005|37274|SALAMANCA|SALAMANCA|SALAMANCA||
37-E1-00124||AVDA CEDROS|25||37004|37274|SALAMANCA|SALAMANCA|SALAMANCA||
37-E1-00127||CALLE MANUEL PARADA|11||37008|37274|SALAMANCA|SALAMANCA|SALAMANCA||
37-E1-00128||PASEO ROLLO|29||37003|37274|SALAMANCA|SALAMANCA|SALAMANCA||
37-E1-00129||AVDA PORTUGAL|15|||37107|SALAMANCA|CIUDAD RODRIGO|CIUDAD RODRIGO||
37-E1-00130||CALLE VALLES MINEROS|S-N||37006|37274|SALAMANCA|SALAMANCA|SALAMANCA||
37-E1-00131||AVDA PORTUGAL|234||37006|37274|SALAMANCA|SALAMANCA|SALAMANCA||
37-E1-00134||CALLE ADOLFO SUAREZ|54|||37068|SALAMANCA|CABRILLAS|CABRILLAS||
37-E1-00135||CALLE ESTELLA|S-N||37650|37305|SALAMANCA|SEQUEROS|SEQUEROS||
37-E1-00136||PLAZA DOCTOR HERNANDEZ CASTELLANOS|9|||37271|SALAMANCA|ROLLÁN|ROLLAN||
37-E1-00142||CALLE MARAVEDI|9||37555|37011|SALAMANCA|LA ALBERGUERÍA DE ARGAÑÁN|ALBERGUERIA DE ARGAÑAN (LA)||
37-E1-00145||PLAZA MAYOR|2|||37291|SALAMANCA|SAN PEDRO DE ROZADOS|SAN PEDRO DE ROZADOS||
37-E1-00151||CALLE LABRADORES|11||37193|37067|SALAMANCA|CABRERIZOS|CABRERIZOS||
37-E1-00153||CALLE SOLANO|1||37768|37300|SALAMANCA|LOS SANTOS|SANTOS (LOS)||
37-E1-00157||CALLE SAN GREGORIO|S-N||37510|37181|SALAMANCA|MARTIAGO|MARTIAGO||
37-E1-00159||PLAZA JUAN PABLO|S-N||37860|37162|SALAMANCA|HORCAJO MEDIANERO|HORCAJO MEDIANERO||
37-E1-00165||CALLE ARENAL|4|||37020|SALAMANCA|ALDEARRUBIA|ALDEARRUBIA||
37-E1-00166||AVDA PEÑA DE FRANCIA|14|||37023|SALAMANCA|ALDEATEJADA|ALDEATEJADA||
37-E1-00169||CALLE ESCUELAS|S-N||37214|37065|SALAMANCA|CABEZA DEL CABALLO|CABEZA DEL CABALLO||
37-E1-00173||CALLE TRIANA|23||37799|37335|SALAMANCA|VALDELOSA|VALDELOSA||
37-E1-00174||CALLE SALAS POMBO|S-N||37406|37351|SALAMANCA|VILLAFLORES|VILLAFLORES||
37-E1-00179||CALLE MONTITO|30||37657|37313|SALAMANCA|SOTOSERRANO|SOTOSERRANO||
37-E1-00181||CALLE RAMON Y CAJAL|10||37418|37031|SALAMANCA|ARABAYONA DE MÓGICA|ARABAYONA DE MOGICA||
37-E1-00183||PLAZA MAYOR|12|||37312|SALAMANCA|SORIHUELA|SORIHUELA||
37-E1-00188||CALLE CARRETERA|31||37494|37183|SALAMANCA|MARTÍN DE YELTES|MARTIN DE YELTES||
37-E1-00190||CALLE ACACIAS|0||37181|37240|SALAMANCA|PELABRAVO|NUEVO NAHARROS||
37-E1-00194||CALLE CAÑOS|46||37524|37234|SALAMANCA|EL PAYO|PAYO (EL)||
37-E1-00196||PLAZA MAYOR|3||37621|37061|SALAMANCA|EL CABACO|CABACO (EL)||
37-E1-00199||CALLE LARGA|1||37621|37177|SALAMANCA|EL MAÍLLO|MAILLO (EL)||
37-E1-00201||CALLE MIGUEL DE CERVANTES|5||37891|37144|SALAMANCA|GALISANCHO|SANTA TERESA||
37-E1-00202||CALLE SALAMANCA|7||37409|37317|SALAMANCA|TARAZONA DE GUAREÑA|TARAZONA DE GUAREÑA||
37-E1-00203||CALLE YEDRA|3||37794|37282|SALAMANCA|SANCHOTELLO|SANCHOTELLO||
37-E1-00208||CALLE CONCEJO|7||37317|37022|SALAMANCA|ALDEASECA DE LA FRONTERA|ALDEASECA DE LA FRONTERA||
37-E1-00210||CALLE ESCUELAS|21||37592|37096|SALAMANCA|CASTILLEJO DE MARTÍN VIEJO|CASTILLEJO DE MARTIN VIEJO||
37-E1-00211||PLAZA REAL|4||37796|37209|SALAMANCA|MOZÁRBEZ|MOZARBEZ||
37-E1-00222||CALLE IGLESIA|14||37763|37287|SALAMANCA|SAN MIGUEL DE VALERO|SAN MIGUEL DE VALERO||
37-E1-00224||CALLE FRAY LUIS DE LEON|1||37129|37087|SALAMANCA|CARRASCAL DE BARREGAS|CARRASCAL DE BARREGAS||
37-E1-00226||CALLE SALAS POMBO|5||37865|37169|SALAMANCA|LARRODRIGO|LARRODRIGO||
37-E1-00227||CALLE JOSE ANTONIO|7||37882|37216|SALAMANCA|NAVALES|NAVALES||
37-E1-00228||CALLE SALAMANCA|15||37129|37129|SALAMANCA|FLORIDA DE LIÉBANA|FLORIDA DE LIEBANA||
37-E1-00229||CALLE PLAZA|6||37150|37370|SALAMANCA|VILLASECO DE LOS REYES|VILLASECO DE LOS REYES||
37-E1-00232||CALLE LA RONDA|31||37882|37235|SALAMANCA|PEDRAZA DE ALBA|PEDRAZA DE ALBA||
37-E1-00240||AVDA JUAN PABLO II|4||37008|37274|SALAMANCA|SALAMANCA|SALAMANCA||
37-E1-00244||AVDA CIPRESES|48||37004|37274|SALAMANCA|SALAMANCA|SALAMANCA||
37-E1-00247||CALLE SAN CRISTOBAL|23||37110|37299|SALAMANCA|SANTIZ|SANTIZ||
37-E1-00249||CALLE LODO|15||37338|37164|SALAMANCA|HUERTA|HUERTA||
37-E1-00251||CALLE PAVOS|30||37194|37294|SALAMANCA|SANTA MARTA DE TORMES|VALDELAGUA||
37-E1-00253||PLAZA ESPAÑA|10||37480|37140|SALAMANCA|FUENTES DE OÑORO|NUEVO POBLADO||
37-E1-00256||CALLE ERMITA|5||37147|37360|SALAMANCA|VILLAR DE PERALONSO|VILLAR DE PERALONSO||
37-E1-00257||CALLE CAMPANARIO|12|||37007|SALAMANCA|ALARAZ|ALARAZ||
37-E1-00266||CALLE FILIBERTO VILLALOBOS|38|||37156|SALAMANCA|GUIJUELO|GUIJUELO||
37-E1-00271||CALLE FRANCISCO MALDONADO|4||37900|37294|SALAMANCA|SANTA MARTA DE TORMES|SANTA MARTA DE TORMES||
40-E1-00001||CALLE SANTO TOMAS|5||40002|40194|SEGOVIA|SEGOVIA|SEGOVIA||
40-E1-00003||CALLE SAN FRANCISCO|9||40001|40194|SEGOVIA|SEGOVIA|SEGOVIA||
40-E1-00008||CALLE RESINA|14||40200|40063|SEGOVIA|CUÉLLAR|CUELLAR||
40-E1-00009||CALLE SANTA MARINA|5||40200|40063|SEGOVIA|CUÉLLAR|CUELLAR||
40-E1-00010||CALLE RICARDO PROVENCIO|16||40500|40170|SEGOVIA|RIAZA|RIAZA||
49-E1-00077||CALLE SAN TORCUATO|21||49014|49275|ZAMORA|ZAMORA|ZAMORA||
49-E1-00081||CALLE MANZANERA|S-N||49559|49087|ZAMORA|GALLEGOS DEL RÍO|GALLEGOS DEL RIO||
49-E1-00082||CALLE COSTANILLA|19||49300|49166|ZAMORA|PUEBLA DE SANABRIA|PUEBLA DE SANABRIA||
49-E1-00083||CALLE VIRIATO|7|||49084|ZAMORA|FUENTESPREADAS|FUENTESPREADAS||
49-E1-00086||AVDA PORTUGAL|S-N||49166|49247|ZAMORA|VILLALCAMPO|VILLALCAMPO||
49-E1-00088||CALLE PADRE VICENTE SALGADO|6||49300|49166|ZAMORA|PUEBLA DE SANABRIA|PUEBLA DE SANABRIA||
49-E1-00090||CALLE AMARGURA|21||49007|49275|ZAMORA|ZAMORA|ZAMORA||
49-E1-00102||CALLE GENERAL SAN JURJO|86|||49065|ZAMORA|FERMOSELLE|FERMOSELLE||
49-E1-00103||CALLE FONFRIA|16||49160|49036|ZAMORA|CARBAJALES DE ALBA|CARBAJALES DE ALBA||
49-E1-00106||CALLE MAYOR|12||49710|49058|ZAMORA|EL CUBO DE TIERRA DEL VINO|CUBO DE TIERRA DEL VINO (EL)||
49-E1-00110||CALLE ALCAÑICES|2||49562|49262|ZAMORA|VILLARDECIERVOS|VILLARDECIERVOS||
49-E1-00112||CTRA GALICIA|41||49570|49100|ZAMORA|LUBIÁN|LUBIAN||
49-E1-00115||CALLE JUANA MONROY|24||49810|49129|ZAMORA|MORALES DE TORO|MORALES DE TORO||
49-E1-00121||CALLE TRASCASTILLO|8||49539|49251|ZAMORA|VILLALUBE|VILLALUBE||
49-E1-00126||CALLE FELIX RODRIGUEZ DE LA FUENTE|18||49159|49261|ZAMORA|VILLARALBO|VILLARALBO||
49-E1-00128||CALLE CARRETAS|19||49620|49200|ZAMORA|SANTA CRISTINA DE LA POLVOROSA|SANTA CRISTINA DE LA POLVOROSA||
49-E1-00130||CALLE LEON|4||49690|49187|ZAMORA|SAN CRISTÓBAL DE ENTREVIÑAS|SAN CRISTOBAL DE ENTREVIÑAS||
49-E1-00131||CALLE CASTRO|10||49127|49042|ZAMORA|CASTRONUEVO|CASTRONUEVO DE LOS ARCOS||
49-E1-00144||PLAZA ESPAÑA|0||49420|49226|ZAMORA|VADILLO DE LA GUAREÑA|VADILLO DE LA GUAREÑA||
49-E1-00150||CALLE ZAPATERIA|S-N|||49119|ZAMORA|MOLACILLOS|MOLACILLOS||
49-E1-00151||CALLE FRANCISCO PEÑA|S-N||49624|49117|ZAMORA|MICERECES DE TERA|AGUILAR DE TERA||
49-E1-00152||AVDA ANGEL ALONSO|S-N||49359|49224|ZAMORA|TREFACIO|TREFACIO||
49-E1-00162||CALLE BARRANCO|1||49740|49091|ZAMORA|GRANJA DE MORERUELA|GRANJA DE MORERUELA||
49-E1-00169||CALLE LISBOA|1||49760|49271|ZAMORA|VILLAVEZA DEL AGUA|VILLAVEZA DEL AGUA||
49-E1-00175||CALLE CALLE VEGA|1|||49275|ZAMORA|ZAMORA|ZAMORA||
24-E1-00182||CTRA BARCO (EL)|15||24514|24059|LEON|CORULLÓN|CORULLON||
24-E1-00183||CALLE VEICIELLOS|6||24377|24083|LEON|IGÜEÑA|TREMOR DE ARRIBA||
24-E1-00184||AVDA LIBERTAD (LA)|65||24012|24222|LEON|VILLAQUILAMBRE|NAVATEJERA||
24-E1-00194||CALLE CARRETERA|21||24285|24173|LEON|TURCIA|TURCIA||
24-E1-00195||CALLE GENERALISIMO|S-N||24495|24109|LEON|PALACIOS DEL SIL|PALACIOS DEL SIL||
24-E1-00203||CALLE REAL|4|||24160|LEON|SANTAS MARTAS|SANTAS MARTAS||
24-E1-00204||CALLE GRAN AVENIDA|45||24546|24007|LEON|ARGANZA|ARGANZA||
24-E1-00209||PLAZA MAYOR|13||24343|24024|LEON|EL BURGO RANERO|BURGO RANERO (EL)||
24-E1-00210||CALLE LIDIA RODRIGUEZ|9||24768|24166|LEON|SOTO DE LA VEGA|SOTO DE LA VEGA||
24-E1-00221||CALLE REAL|27||24194|24162|LEON|SANTOVENIA DE LA VALDONCINA|VILLACEDRE||
24-E1-00230||CALLE IGLESIA (LA)|S-N||24523|24171|LEON|TRABADELO|TRABADELO||
24-E1-00231||AVDA SAN ANDRES|12||24272|24055|LEON|CIMANES DEL TEJAR|CIMANES DEL TEJAR||
24-E1-00232||CALLE BAÑEZA (LA)|S-N||24795|24155|LEON|SANTA MARÍA DE LA ISLA|SANTA MARIA DE LA ISLA||
24-E1-00233||CALLE MAYOR|9||24252|24017|LEON|BERCIANOS DEL PÁRAMO|BERCIANOS DEL PARAMO||
24-E1-00242||CALLE GENARO FERNANDEZ|S-N||24237|24207|LEON|VILLADEMOR DE LA VEGA|VILLADEMOR DE LA VEGA||
24-E1-00244||CALLE TUERTA|S-N||24762|24124|LEON|QUINTANA DEL MARCO|QUINTANA DEL MARCO||
24-E1-00245||CTRA HERREROS|2||24767|24125|LEON|QUINTANA Y CONGOSTO|QUINTANA Y CONGOSTO||
24-E1-00249||CALLE PRINCIPE FELIPE|51||24250|24065|LEON|CHOZAS DE ABAJO|MOZONDIGA||
24-E1-00250||CALLE REAL|20||24763|24127|LEON|REGUERAS DE ARRIBA|REGUERAS DE ARRIBA||
24-E1-00251||TRVA MANUEL FRAGA|38||24413|24100|LEON|MOLINASECA|MOLINASECA||
24-E1-00253||CTRA GENERAL|21||24227|24175|LEON|VALDEFRESNO|VALDELAFUENTE||
24-E1-00254||PLAZA AYUNTAMIENTO (EL)|S-N||24438|24019|LEON|BERLANGA DEL BIERZO|BERLANGA DEL BIERZO||
24-E1-00257||CALLE IGLESIA (LA)|S-N||24885|24120|LEON|PRIORO|PRIORO||
24-E1-00258||CALLE ORIENTE|S-N||24222|24902|LEON|VILLAORNATE Y CASTRO|VILLAORNATE||
24-E1-00259||CTRA PANDORADO|S-N||24719|24219|LEON|VILLAOBISPO DE OTERO|SOPEÑA DE CARNEROS||
24-E1-00265||AVDA ANTONIO CORTES|8||24411|24115|LEON|PONFERRADA|FUENTESNUEVAS||
24-E1-00273||CALLE CRUZ (LA)|9||24239|24054|LEON|CIMANES DE LA VEGA|CIMANES DE LA VEGA||
24-E1-00274||CALLE REAL|48||24490|24115|LEON|PONFERRADA|COLUMBRIANOS||
24-E1-00281||CALLE TIZONA|S-N||24009|24142|LEON|SAN ANDRÉS DEL RABANEDO|TROBAJO DEL CAMINO||
24-E1-00282||CALLE ARRIBA|11||24253|24176|LEON|VALDEFUENTES DEL PÁRAMO|VALDEFUENTES DEL PARAMO||
24-E1-00294||CALLE MAXIMO CAYON WALDALISO|16||24005|24089|LEON|LEÓN|LEON||
24-E1-00295||CALLE LEIRO|14||24723|24090|LEON|LUCILLO|LUCILLO||
24-E1-00298||CTRA BAÑEZA (LA)|2||24123|24040|LEON|CARROCERA|OTERO DE LAS DUEÑAS||
24-E1-00300||CALLE ABAJO|S-N||24714|24023|LEON|BRAZUELO|PRADORREY||
24-E1-00302||PLAZA CORTINA CONCEJO (LA)|4||24915|24116|LEON|POSADA DE VALDEÓN|POSADA DE VALDEON||
24-E1-00305||CALLE SAN JUAN BOSCO|15||24190|24089|LEON|LEÓN|ARMUNIA||
24-E1-00306||AVDA AMERICA|36||24400|24115|LEON|PONFERRADA|PONFERRADA||
24-E1-00308||CALLE NICOLAS DE BRUJAS|27||24400|24115|LEON|PONFERRADA|PONFERRADA||
24-E1-00312||CALLE MARIA INMACULADA|42||24190|24089|LEON|LEÓN|ARMUNIA||
24-E1-00315||CALLE GENERAL VIVES|31|||24115|LEON|PONFERRADA|PONFERRADA||
24-E1-00316||CALLE BRAÑINA (LA)|S-N||24100|24202|LEON|VILLABLINO|VILLABLINO||
24-E1-00325||CALLE ANTONIO VAZQUEZ FERNANDEZ|3||24010|24142|LEON|SAN ANDRÉS DEL RABANEDO|TROBAJO DEL CAMINO||
24-E1-00327||AVDA LIBERTAD (LA)|2||24400|24115|LEON|PONFERRADA|PONFERRADA||
24-E1-00332||CALLE REAL|55||24012|24222|LEON|VILLAQUILAMBRE|VILLAOBISPO DE LAS REGUERAS||
24-E1-00336||CALLE CTRA. DE SANTANDER|43|||24222|LEON|VILLAQUILAMBRE|VILLAOBISPO DE LAS REGUERAS||
34-E1-00003||PLAZA GENERALISIMO|14||34120|34047|PALENCIA|CARRIÓN DE LOS CONDES|CARRION DE LOS CONDES||
34-E1-00006||CALLE MAYOR PRINCIPAL|31||34001|34120|PALENCIA|PALENCIA|PALENCIA||
34-E1-00010||CALLE CORREDERA|4||34191|34010|PALENCIA|AMPUDIA|AMPUDIA||
34-E1-00012||PASEO OTERO (DEL)|65||34003|34120|PALENCIA|PALENCIA|PALENCIA||
34-E1-00024||AVDA INGENIERO RIVERA|21||34440|34074|PALENCIA|FRÓMISTA|FROMISTA||
34-E1-00025||CALLE MAYOR PRINCIPAL|40||34001|34120|PALENCIA|PALENCIA|PALENCIA||
34-E1-00026||CALLE HONDURAS|1||34003|34120|PALENCIA|PALENCIA|PALENCIA||
34-E1-00028||CALLE MAYOR PRINCIPAL|66||34001|34120|PALENCIA|PALENCIA|PALENCIA||
34-E1-00030||CALLE ROSALES (LOS)|1||34129|34243|PALENCIA|VILLOLDO|VILLOLDO||
34-E1-00035||PLAZA MAYOR|3||34840|34056|PALENCIA|CERVERA DE PISUERGA|CERVERA DE PISUERGA||
34-E1-00041||CALLE RICARDO CORTES|5||34100|34157|PALENCIA|SALDAÑA|SALDAÑA||
34-E1-00042||CALLE MAYOR PRINCIPAL|26||34001|34120|PALENCIA|PALENCIA|PALENCIA||
34-E1-00044||CALLE TRASLAIGLESIA|6||34887|34049|PALENCIA|CASTREJÓN DE LA PEÑA|CASTREJON DE LA PEÑA||
34-E1-00045||CALLE ANSELMO POLANCO|10||34115|34037|PALENCIA|BUENAVISTA DE VALDAVIA|BUENAVISTA DE VALDAVIA||
34-E1-00047||PLAZA CAUDILLO|3||34170|34237|PALENCIA|VILLAUMBRALES|CASCON DE LA NAVA||
34-E1-00048||CALLE ALAMOS (LOS)|16||34003|34120|PALENCIA|PALENCIA|PALENCIA||
34-E1-00053||CALLE MARIA DE MOLINA|12||34002|34120|PALENCIA|PALENCIA|PALENCIA||
34-E1-00055||CALLE FERNANDO MONEDERO|S-N||34450|34017|PALENCIA|ASTUDILLO|ASTUDILLO||
34-E1-00058||CALLE SAN LUIS|10||34880|34080|PALENCIA|GUARDO|GUARDO||
34-E1-00059||AVDA ASTURIAS|9||34005|34120|PALENCIA|PALENCIA|PALENCIA||
34-E1-00060||AVDA MANUEL RIVERA|19||34002|34120|PALENCIA|PALENCIA|PALENCIA||
34-E1-00063||CALLE MAYOR|S-N||34410|34108|PALENCIA|MONZÓN DE CAMPOS|MONZON DE CAMPOS||
34-E1-00064||CALLE DON PELAYO|18|||34120|PALENCIA|PALENCIA|PALENCIA||
34-E1-00069||AVDA ESTACION|36||34200|34023|PALENCIA|VENTA DE BAÑOS|VENTA DE BAÑOS||
34-E1-00071||PLAZA LEON (DE)|S-N||34005|34120|PALENCIA|PALENCIA|PALENCIA||
34-E1-00074||PLAZA DOS DE MAYO|21||34341|34232|PALENCIA|VILLARRAMIEL|VILLARRAMIEL||
34-E1-00075||CALLE ABILIO CALDERON|13||34419|34088|PALENCIA|HUSILLOS|HUSILLOS||
34-E1-00079||AVDA VALLADOLID|4||34004|34120|PALENCIA|PALENCIA|PALENCIA||
34-E1-00089||AVDA REPUBLICA ARGENTINA|11||34002|34120|PALENCIA|PALENCIA|PALENCIA||
34-E1-00090||AVDA SIMON NIETO|29||34005|34120|PALENCIA|PALENCIA|PALENCIA||
34-E1-00091||AVDA MODESTO LAFUENTE|2||34002|34120|PALENCIA|PALENCIA|PALENCIA||
34-E1-00096||PLAZA MARQUES DE ESTELLA|2||34337|34076|PALENCIA|FUENTES DE NAVA|FUENTES DE NAVA||
34-E1-00097||AVDA BAÑOS|9||34200|34023|PALENCIA|VENTA DE BAÑOS|VENTA DE BAÑOS||
34-E1-00099||AVDA DERECHOS HUMANOS (DE LOS)|11||34003|34120|PALENCIA|PALENCIA|PALENCIA||
37-E1-00001||CALLE MAYOR DE PARDIÑAS|59||37700|37046|SALAMANCA|BÉJAR|BEJAR||
37-E1-00006||AVDA VILLAMAYOR|28||37007|37274|SALAMANCA|SALAMANCA|SALAMANCA||
37-E1-00009||CALLE SAN JUSTO|16||37001|37274|SALAMANCA|SALAMANCA|SALAMANCA||
37-E1-00011||AVDA FILIBERTO VILLALOBOS|43||37007|37274|SALAMANCA|SALAMANCA|SALAMANCA||
37-E1-00016||CALLE FEDERICO GARCIA LORCA|11||37600|37316|SALAMANCA|TAMAMES|TAMAMES||
37-E1-00020||CALLE MAESTRO TARREGA|7||37008|37274|SALAMANCA|SALAMANCA|SALAMANCA||
37-E1-00021||CALLE AZAFRANAL|14||37001|37274|SALAMANCA|SALAMANCA|SALAMANCA||
37-E1-00022||CALLE SALAMANCA|30|||37265|SALAMANCA|RÁGAMA|RAGAMA||
37-E1-00023||PLAZA ESPAÑA|33||37300|37246|SALAMANCA|PEÑARANDA DE BRACAMONTE|PEÑARANDA DE BRACAMONTE||
37-E1-00026||CTRA ALBA|26||37789|37134|SALAMANCA|FRESNO ALHÁNDIGA|FRESNO ALHANDIGA||
37-E1-00033||CALLE RUA MAYOR|27||37008|37274|SALAMANCA|SALAMANCA|SALAMANCA||
37-E1-00040||CALLE SALAMANCA|15||37470|37279|SALAMANCA|SANCTI-SPÍRITUS|SANCTI-SPIRITUS||
37-E1-00041||AVDA VILLAMAYOR|69||37007|37274|SALAMANCA|SALAMANCA|SALAMANCA||
37-E1-00042||CTRA ESTACION|71||37240|37173|SALAMANCA|LUMBRALES|LUMBRALES||
37-E1-00044||CALLE PLAZA BARCELONA|9|||37274|SALAMANCA|SALAMANCA|SALAMANCA||
37-E1-00045||CTRA ESTACION|78||37240|37173|SALAMANCA|LUMBRALES|LUMBRALES||
37-E1-00046||PLAZA BASILIOS|2||37001|37274|SALAMANCA|SALAMANCA|SALAMANCA||
37-E1-00047||CALLE SANTA CLARA|90||37500|37107|SALAMANCA|CIUDAD RODRIGO|CIUDAD RODRIGO||
37-E1-00048||PASEO CANALEJAS|55||37008|37274|SALAMANCA|SALAMANCA|SALAMANCA||
37-E1-00050||PASEO ESTACION|11||37004|37274|SALAMANCA|SALAMANCA|SALAMANCA||
37-E1-00052||PLAZA MAYOR|9||37800|37008|SALAMANCA|ALBA DE TORMES|ALBA DE TORMES||
37-E1-00054||CALLE WETONES|25||37500|37107|SALAMANCA|CIUDAD RODRIGO|CIUDAD RODRIGO||
37-E1-00059||AVDA COMUNEROS|56||37003|37274|SALAMANCA|SALAMANCA|SALAMANCA||
37-E1-00060||CALLE SUBMARINO|6|||37168|SALAMANCA|LAGUNILLA|LAGUNILLA||
37-E1-00061||CALLE ANCHA|22||37002|37274|SALAMANCA|SALAMANCA|SALAMANCA||
37-E1-00067||CALLE CALZADA|20||37450|37187|SALAMANCA|MATILLA DE LOS CAÑOS DEL RÍO|MATILLA DE LOS CAÑOS DEL RIO||
37-E1-00071||PASEO ESTACION|109||37004|37274|SALAMANCA|SALAMANCA|SALAMANCA||
37-E1-00076||PLAZA FUENTE|9||37002|37274|SALAMANCA|SALAMANCA|SALAMANCA||
37-E1-00088||PLAZA MAYOR|9||37002|37274|SALAMANCA|SALAMANCA|SALAMANCA||
37-E1-00091||CALLE ISAAC PERAL|10||37004|37274|SALAMANCA|SALAMANCA|SALAMANCA||
37-E1-00104||AVDA VALVANERA|79||37740|37297|SALAMANCA|SANTIBÁÑEZ DE BÉJAR|SANTIBAÑEZ DE BEJAR||
37-E1-00105||CALLE VAZQUEZ CORONADO|16||37002|37274|SALAMANCA|SALAMANCA|SALAMANCA||
37-E1-00110||CALLE LEOPOLDO ALONSO|6||37760|37172|SALAMANCA|LINARES DE RIOFRÍO|LINARES DE RIOFRIO||
37-E1-00112||CALLE SAN JUAN|5||37488|37357|SALAMANCA|VILLAR DE CIERVO|VILLAR DE CIERVO||
37-E1-00116||CALLE WENCES MORENO|10||37007|37274|SALAMANCA|SALAMANCA|SALAMANCA||
37-E1-00118||CALLE SANTA ANA|35||37210|37376|SALAMANCA|VITIGUDINO|VITIGUDINO||
37-E1-00119||CALLE PEDRO VELASCO|16||37210|37376|SALAMANCA|VITIGUDINO|VITIGUDINO||
37-E1-00125||CALLE CALZADA|58||37208|37289|SALAMANCA|SAN MUÑOZ|SAN MUÑOZ||
37-E1-00132||PASEO ROBLES|42||37004|37274|SALAMANCA|SALAMANCA|SALAMANCA||
37-E1-00133||AVDA PORTUGAL|30||37006|37274|SALAMANCA|SALAMANCA|SALAMANCA||
37-E1-00137||CALLE LIRIO|4||37542|37221|SALAMANCA|NAVASFRÍAS|NAVASFRIAS||
37-E1-00138||PLAZA CALVO SOTELO|6||37220|37132|SALAMANCA|LA FREGENEDA|FREGENEDA (LA)||
37-E1-00140||CALLE HIEDRA|7|||37198|SALAMANCA|MONLERAS|MONLERAS||
37-E1-00143||CALLE CANTERAS RECIAS|3||37185|37354|SALAMANCA|VILLAMAYOR|VILLAMAYOR||
37-E1-00147||CTRA ENCINAS CANTALAPIEDRA|18||37330|37038|SALAMANCA|BABILAFUENTE|BABILAFUENTE||
37-E1-00148||CALLE TABLADO|0||37624|37010|SALAMANCA|LA ALBERCA|ALBERCA (LA)||
37-E1-00149||CALLE PEREZ OLIVA|114||37120|37117|SALAMANCA|DOÑINOS DE SALAMANCA|DOÑINOS DE SALAMANCA||
37-E1-00154||CALLE VIRGEN DE LA VEGA|8||37338|37375|SALAMANCA|VILLORUELA|VILLORUELA||
37-E1-00163||CALLE CORREDERA|21||37270|37285|SALAMANCA|SAN FELICES DE LOS GALLEGOS|SAN FELICES DE LOS GALLEGOS||
37-E1-00164||CTRA LEDESMA|150||37006|37274|SALAMANCA|SALAMANCA|SALAMANCA||
37-E1-00170||CALLE BARREROS|1||37420|37152|SALAMANCA|GOMECELLO|GOMECELLO||
37-E1-00172||CALLE QUEIPO DE LLANO|S-N||37810|37148|SALAMANCA|GARCIHERNÁNDEZ|GARCIHERNANDEZ||
37-E1-00177||CALLE EL ARROYO|31||37271|37039|SALAMANCA|BAÑOBÁREZ|BAÑOBAREZ||
37-E1-00178||CALLE BOLEO|6||37796|37032|SALAMANCA|ARAPILES|ARAPILES||
37-E1-00182||CALLE IGLESIA|8||37893|37175|SALAMANCA|MACHACÓN|MACHACON||
37-E1-00184||CALLE ORIENTE|10||37310|37174|SALAMANCA|MACOTERA|MACOTERA||
37-E1-00185||CALLE NORTE|28||37281|37113|SALAMANCA|EL CUBO DE DON SANCHO|CUBO DE DON SANCHO (EL)||
37-E1-00186||CALLE IGLESIA|11||37799|37323|SALAMANCA|TOPAS|TOPAS||
37-E1-00187||PLAZA IGLESIA|25||37863|37029|SALAMANCA|ANAYA DE ALBA|ANAYA DE ALBA||
37-E1-00193||CALLE POZO|3||37523|37245|SALAMANCA|PEÑAPARDA|PEÑAPARDA||
37-E1-00200||CALLE BALNEARIO|0||37115|37345|SALAMANCA|VEGA DE TIRADOS|BAÑOS DE LEDESMA||
37-E1-00204||CALLE MAYOR|24||37290|37052|SALAMANCA|BOADA|BOADA||
37-E1-00206||CALLE IGLESIA|15||37797|37185|SALAMANCA|CASTELLANOS DE VILLIQUERA|CASTELLANOS DE VILLIQUERA||
37-E1-00207||CALLE CARRETERA|3|||37342|SALAMANCA|VALVERDÓN|VALVERDON||
37-E1-00218||CALLE MAYOR|3||37720|37102|SALAMANCA|EL CERRO|CERRO (EL)||
37-E1-00242||CALLE REINA SOFIA|21||37770|37156|SALAMANCA|GUIJUELO|GUIJUELO||
37-E1-00243||CALLE SAN BRUNO|62||37006|37274|SALAMANCA|SALAMANCA|SALAMANCA||
37-E1-00245||PLAZA ESPAÑA|4||37406|37256|SALAMANCA|POVEDA DE LAS CINTAS|POVEDA DE LAS CINTAS||
37-E1-00246||CALLE CORAZON DE MARIA|4|||37015|SALAMANCA|ALDEA DEL OBISPO|ALDEA DEL OBISPO||
37-E1-00267||CALLE CASABLANCA|10||37008|37274|SALAMANCA|SALAMANCA|SALAMANCA||
37-E1-00268||CALLE CARRETERA SALAMANCA|2|||37046|SALAMANCA|BÉJAR|BEJAR||
37-E1-00269||CALLE LIBERTAD|73||37700|37046|SALAMANCA|BÉJAR|BEJAR||
40-E1-00005||PLAZA CORPUS (DEL)|1||40001|40194|SEGOVIA|SEGOVIA|SEGOVIA||
40-E1-00006||CALLE CERVANTES|27||40001|40194|SEGOVIA|SEGOVIA|SEGOVIA||
40-E1-00007||CALLE CRONISTA LECEA (DEL)|6||40001|40194|SEGOVIA|SEGOVIA|SEGOVIA||
40-E1-00011||PLAZA C/ MAYOR|10||40450|40138|SEGOVIA|NAVA DE LA ASUNCIÓN|NAVA DE LA ASUNCION||
40-E1-00017||CALLE MARQUES DE PERALES|2||40400|40076|SEGOVIA|EL ESPINAR|ESPINAR (EL)||
40-E1-00018||CALLE ETREROS|2||40134|40180|SEGOVIA|SANGARCÍA|SANGARCIA||
40-E1-00020||CALLE JOSE ZORRILLA|117||40002|40194|SEGOVIA|SEGOVIA|SEGOVIA||
40-E1-00021||PLAZA POSITO REAL|1||40270|40043|SEGOVIA|CARBONERO EL MAYOR|CARBONERO EL MAYOR||
40-E1-00024||CALLE MARISCUELA|S-N||40141|40001|SEGOVIA|ABADES|ABADES||
40-E1-00025||CALLE EZEQUIEL GONZALEZ|21|||40194|SEGOVIA|SEGOVIA|SEGOVIA||
40-E1-00027||PLAZA MAYOR|8||40430|40030|SEGOVIA|BERNARDOS|BERNARDOS||
40-E1-00030||CALLE BAYONA|21||40560|40032|SEGOVIA|BOCEGUILLAS|BOCEGUILLAS||
40-E1-00036||CALLE REAL|S-N||40591|40053|SEGOVIA|CEREZO DE ABAJO|CEREZO DE ABAJO||
40-E1-00038||CALLE PLAZA DEL ARCO|2||40480|40057|SEGOVIA|COCA|COCA||
40-E1-00039||CALLE ALTA|4||40240|40095|SEGOVIA|GOMEZSERRACÍN|GOMEZSERRACIN||
40-E1-00043||CALLE REAL|36||40357|40092|SEGOVIA|FUENTIDUEÑA|FUENTIDUEÑA||
40-E1-00048||CALLE SAN JUAN|17||40446|40121|SEGOVIA|MARTÍN MUÑOZ DE LAS POSADAS|MARTIN MUÑOZ DE LAS POSADAS||
40-E1-00051||CALLE IGLESIA|16||40183|40136|SEGOVIA|MUÑOVEROS|MUÑOVEROS||
40-E1-00055||PLAZA MAYOR|S-N||40280|40141|SEGOVIA|NAVALMANZANO|NAVALMANZANO||
40-E1-00057||CALLE FRAGUA|10||40171|40206|SEGOVIA|TORRE VAL DE SAN PEDRO|TORRE VAL DE SAN PEDRO||
40-E1-00059||CALLE MARTIRES|1||40422|40152|SEGOVIA|OTERO DE HERREROS|OTERO DE HERREROS||
40-E1-00072||PLAZA ESPAÑA|4|||40208|SEGOVIA|TURÉGANO|TUREGANO||
40-E1-00074||PLAZA MAYOR|7||40219|40228|SEGOVIA|VILLAVERDE DE ÍSCAR|VILLAVERDE DE ISCAR||
40-E1-00077||CALLE IGLESIA|18||40150|40225|SEGOVIA|VILLACASTÍN|VILLACASTIN||
40-E1-00085||CALLE REAL|14||40463|40058|SEGOVIA|CODORNIZ|CODORNIZ||
40-E1-00087||CALLE DOCTOR LAURENTINO CARDIEL|18||40390|40214|SEGOVIA|VALSECA|VALSECA||
40-E1-00092||CALLE NUEVA|9||40192|40205|SEGOVIA|TORREIGLESIAS|TORREIGLESIAS||
40-E1-00101||CALLE CARRETERA TRESCASAS|44|||40906|SEGOVIA|SAN CRISTÓBAL DE SEGOVIA|San Cristobal de Segovia||
42-E1-00003||CALLE RONDA DE SAN FRANCISCO|1||42200|42020|SORIA|ALMAZÁN|ALMAZAN||
42-E1-00004||CALLE JUSTO Y SANCHEZ|2||42200|42020|SORIA|ALMAZÁN|ALMAZAN||
42-E1-00005||CALLE MERCED (LA)|35||42200|42020|SORIA|ALMAZÁN|ALMAZAN||
42-E1-00006||CALLE SAN SALVADOR|1||42200|42020|SORIA|ALMAZÁN|ALMAZAN||
42-E1-00008||CALLE TABLADA (LA)|9||42180|42017|SORIA|ALMAJANO|ALMAJANO||
42-E1-00012||CALLE MAYOR|9||42300|42043|SORIA|BURGO DE OSMA-CIUDAD DE OSMA|BURGO DE OSMA (EL)||
42-E1-00015||CALLE SOLEDAD|0||42213|42029|SORIA|BARAONA|BARAONA||
42-E1-00029||CALLE URBANIZACIÓN-CAMARETAS N|2||42190|42095|SORIA|GOLMAYO|GOLMAYO||
42-E1-00030||CTRA BARAONA|15||42240|42113|SORIA|MEDINACELI|MEDINACELI||
42-E1-00031||CALLE ARRABAL|6||42223|42123|SORIA|MORÓN DE ALMAZÁN|MORON DE ALMAZAN||
42-E1-00034||CALLE CERVANTES|5||42110|42134|SORIA|ÓLVEGA|OLVEGA||
42-E1-00038||CALLE SAN ISIDRO|S-N||42191|42149|SORIA|LOS RÁBANOS|RABANOS (LOS)||
42-E1-00046||CALLE PLAZA MAYOR|12||42127|42171|SORIA|SERÓN DE NÁGIMA|SERON DE NAGIMA||
42-E1-00047||AVDA MARIANO VICEN|1||42003|42173|SORIA|SORIA|SORIA||
42-E1-00048||CALLE COLLADO (EL)|46||42002|42173|SORIA|SORIA|SORIA||
42-E1-00058||CALLE Paseo Santa Bárbara c/v C/ Merineros|0|||42173|SORIA|SORIA|SORIA||
42-E1-00068||CALLE VALONSADERO|22||42001|42173|SORIA|SORIA|SORIA||
47-E1-00004||PASEO SAN VICENTE|22||47013|47186|VALLADOLID|VALLADOLID|VALLADOLID||
47-E1-00005||CALLE MARINA ESCOBAR|7||47004|47186|VALLADOLID|VALLADOLID|VALLADOLID||
47-E1-00007||CALLE FERRARI|34||47001|47186|VALLADOLID|VALLADOLID|VALLADOLID||
47-E1-00009||AVDA CERROS|2||47009|47186|VALLADOLID|VALLADOLID|VALLADOLID||
47-E1-00012||CALLE LOPEZ GOMEZ|5||47002|47186|VALLADOLID|VALLADOLID|VALLADOLID||
47-E1-00013||CALLE HERNANDO DE ACUÑA|1||47014|47186|VALLADOLID|VALLADOLID|VALLADOLID||
47-E1-00014||PLAZA SAN PABLO|S-N||47011|47186|VALLADOLID|VALLADOLID|VALLADOLID||
47-E1-00017||AVDA SEGOVIA|6||47013|47186|VALLADOLID|VALLADOLID|VALLADOLID||
47-E1-00018||CALLE DUQUE DE LA VICTORIA|20||47001|47186|VALLADOLID|VALLADOLID|VALLADOLID||
47-E1-00019||CALLE SAN ISIDRO|45||47012|47186|VALLADOLID|VALLADOLID|VALLADOLID||
47-E1-00021||CALLE SAN IGNACIO|4||47003|47186|VALLADOLID|VALLADOLID|VALLADOLID||
47-E1-00022||CALLE GAMAZO|8||47004|47186|VALLADOLID|VALLADOLID|VALLADOLID||
47-E1-00023||CALLE REGALADO|3||47002|47186|VALLADOLID|VALLADOLID|VALLADOLID||
47-E1-00026||CALLE TURINA|10||47006|47186|VALLADOLID|VALLADOLID|VALLADOLID||
47-E1-00031||CALLE DARSENA|7||47009|47186|VALLADOLID|VALLADOLID|VALLADOLID||
47-E1-00032||CALLE BAJADA DE LA LIBERTAD|6||47002|47186|VALLADOLID|VALLADOLID|VALLADOLID||
47-E1-00041||CALLE ALAMILLOS|8||47005|47186|VALLADOLID|VALLADOLID|VALLADOLID||
47-E1-00043||CALLE CANOVAS DEL CASTILLO|35||47002|47186|VALLADOLID|VALLADOLID|VALLADOLID||
47-E1-00047||CALLE JOSE GARROTE TOBAR|14||47014|47186|VALLADOLID|VALLADOLID|VALLADOLID||
47-E1-00049||CALLE SANTIAGO|5||47001|47186|VALLADOLID|VALLADOLID|VALLADOLID||
47-E1-00051||CALLE AGUILERA|4||47011|47186|VALLADOLID|VALLADOLID|VALLADOLID||
47-E1-00053||CALLE PORTILLO DE BALBOA|16||47010|47186|VALLADOLID|VALLADOLID|VALLADOLID||
47-E1-00056||PLAZA DOCTOR MARAÑON|1||47011|47186|VALLADOLID|VALLADOLID|VALLADOLID||
47-E1-00057||CALLE INDUSTRIAS|32||47005|47186|VALLADOLID|VALLADOLID|VALLADOLID||
47-E1-00059||CALLE GABILONDO|14||47007|47186|VALLADOLID|VALLADOLID|VALLADOLID||
47-E1-00060||CALLE GAVILLA|4||47014|47186|VALLADOLID|VALLADOLID|VALLADOLID||
47-E1-00068||CALLE CAAMAÑO|35||47013|47186|VALLADOLID|VALLADOLID|VALLADOLID||
47-E1-00069||CALLE MURO|8||47004|47186|VALLADOLID|VALLADOLID|VALLADOLID||
47-E1-00072||PASEO ZORRILLA|85||47008|47186|VALLADOLID|VALLADOLID|VALLADOLID||
47-E1-00078||CTRA VALLADOLID|12|||47145|VALLADOLID|SAN MIGUEL DEL ARROYO|SAN MIGUEL DEL ARROYO||
47-E1-00083||CALLE REAL VIEJA|S-N||47430|47112|VALLADOLID|PEDRAJAS DE SAN ESTEBAN|PEDRAJAS DE SAN ESTEBAN||
47-E1-00085||CALLE CRUZ|17||47670|47176|VALLADOLID|LA UNIÓN DE CAMPOS|UNION DE CAMPOS (LA)||
47-E1-00086||CALLE PLAZA MAYOR|13||47510|47004|VALLADOLID|ALAEJOS|ALAEJOS||
47-E1-00087||CALLE CAPITAN ROJAS|9||47300|47114|VALLADOLID|PEÑAFIEL|PEÑAFIEL||
47-E1-00094||CALLE CARCAVA|1||47250|47090|VALLADOLID|MOJADOS|MOJADOS||
47-E1-00099||CALLE LA RUA|56||47600|47214|VALLADOLID|VILLALÓN DE CAMPOS|VILLALON DE CAMPOS||
47-E1-00100||CALLE EDUARDO CALLEJO|12||47840|47207|VALLADOLID|VILLAGARCÍA DE CAMPOS|VILLAGARCIA DE CAMPOS||
47-E1-00113||CALLE CARRERA|5||47282|47174|VALLADOLID|TRIGUEROS DEL VALLE|TRIGUEROS DEL VALLE||
47-E1-00114||AVDA VALLADOLID|11||47320|47175|VALLADOLID|TUDELA DE DUERO|TUDELA DE DUERO||
47-E1-00115||CALLE ALONSO PESQUERA|34||47350|47129|VALLADOLID|QUINTANILLA DE ONÉSIMO|QUINTANILLA DE ONESIMO||
47-E1-00116||CALLE FRAY JUAN DE LA MOTA|11||47120|47097|VALLADOLID|MOTA DEL MARQUÉS|MOTA DEL MARQUES||
47-E1-00121||CALLE VALENTIN AREVALO AYLLON|4||47230|47082|VALLADOLID|MATAPOZUELOS|MATAPOZUELOS||
47-E1-00125||CALLE CONSTANZA|S-N||47111|47210|VALLADOLID|VILLALAR DE LOS COMUNEROS|VILLALAR DE LOS COMUNEROS||
47-E1-00126||CALLE ATRIO DE LA IGLESIA|5||47130|47161|VALLADOLID|SIMANCAS|SIMANCAS||
47-E1-00129||CALLE AVDA. TORDESILLAS|6|||47043|VALLADOLID|CASTROMONTE|CASTROMONTE||
47-E1-00133||CALLE SANTIAGO|28||47134|47171|VALLADOLID|TORRELOBATÓN|TORRELOBATON||
47-E1-00136||RONDA HUERTAS|1|||47098|VALLADOLID|MUCIENTES|MUCIENTES||
47-E1-00137||CALLE EUGENIO VELASCO|1||47490|47139|VALLADOLID|RUEDA|RUEDA||
47-E1-00138||CALLE MERCADO VIEJO|27||47300|47114|VALLADOLID|PEÑAFIEL|PEÑAFIEL||
47-E1-00140||PLAZA SANTA MARIA|1||47260|47027|VALLADOLID|CABEZÓN DE PISUERGA|CABEZON DE PISUERGA||
47-E1-00150||CALLE TEOFILO VILLAMAÑAN|1||47012|47186|VALLADOLID|VALLADOLID|VALLADOLID||
47-E1-00154||PASEO ARCO DE LADRILLO|77|||47186|VALLADOLID|VALLADOLID|VALLADOLID||
47-E1-00155||CALLE CARTAGENA|2||47013|47186|VALLADOLID|VALLADOLID|VALLADOLID||
47-E1-00158||AVDA MEDINA DEL CAMPO|15||47014|47186|VALLADOLID|VALLADOLID|VALLADOLID||
47-E1-00160||CALLE CARDENAL CISNEROS|16||47010|47186|VALLADOLID|VALLADOLID|VALLADOLID||
47-E1-00161||CALLE ANDALUCIA|9||47012|47186|VALLADOLID|VALLADOLID|VALLADOLID||
47-E1-00162||CALLE GARCIA MORATO|14||47007|47186|VALLADOLID|VALLADOLID|VALLADOLID||
47-E1-00165||CALLE CAMINO VIEJO DE SIMANCAS|46||47008|47186|VALLADOLID|VALLADOLID|VALLADOLID||
47-E1-00173||AVDA SEGOVIA|137||47013|47186|VALLADOLID|VALLADOLID|VALLADOLID||
47-E1-00174||CALLE PINGUINO|9||47012|47186|VALLADOLID|VALLADOLID|VALLADOLID||
47-E1-00175||CALLE PUENTE COLGANTE|11||47007|47186|VALLADOLID|VALLADOLID|VALLADOLID||
47-E1-00176||SBIDA FUENTE EL SOL|61||47009|47186|VALLADOLID|VALLADOLID|VALLADOLID||
47-E1-00182||CALLE NICOLAS SALMERON|30||47004|47186|VALLADOLID|VALLADOLID|VALLADOLID||
47-E1-00186||CALLE DOCE DE OCTUBRE|2||47005|47186|VALLADOLID|VALLADOLID|VALLADOLID||
47-E1-00190||CALLE CIUDAD DE LA HABANA|5||47014|47186|VALLADOLID|VALLADOLID|VALLADOLID||
47-E1-00191||CALLE CIGUEÑA|12||47012|47186|VALLADOLID|VALLADOLID|VALLADOLID||
47-E1-00193||CTRA RUEDA|43||47008|47186|VALLADOLID|VALLADOLID|VALLADOLID||
47-E1-00200||CALLE C/ JUPITER|0||47009|47186|VALLADOLID|VALLADOLID|VALLADOLID||
47-E1-00201||PASEO SAN VICENTE|11||47013|47186|VALLADOLID|VALLADOLID|VALLADOLID||
47-E1-00205||CTRA TUDELA|12||47196|47111|VALLADOLID|LA PEDRAJA DE PORTILLO|PEDRAJA DE PORTILLO (LA)||
47-E1-00210||CALLE NUEVA|9||47194|47066|VALLADOLID|FUENSALDAÑA|FUENSALDAÑA||
47-E1-00214||CALLE JOSE ANTONIO|1||47494|47067|VALLADOLID|FUENTE EL SOL|FUENTE EL SOL||
47-E1-00216||CALLE INDUSTRIAS|19||47195|47010|VALLADOLID|ARROYO DE LA ENCOMIENDA|ARROYO||
47-E1-00217||CALLE DON JUAN MORA GARZON|32||47530|47150|VALLADOLID|SAN ROMÁN DE HORNIJA|SAN ROMAN DE HORNIJA||
47-E1-00222||PLAZA MAYOR|5||47529|47204|VALLADOLID|VILLAFRANCA DE DUERO|VILLAFRANCA DE DUERO||
47-E1-00225||TRVA TORRE|1||47166|47194|VALLADOLID|VILORIA|VILORIA||
47-E1-00226||CALLE IGLESIA|17||47190|47230|VALLADOLID|WAMBA|WAMBA||
47-E1-00230||CALLE ONESIMO REDONDO|2||47175|47117|VALLADOLID|PIÑA DE ESGUEVA|PIÑA DE ESGUEVA||
47-E1-00233||CALLE CORRO DE LA FUENTE|4||47191|47051|VALLADOLID|CIGUÑUELA|CIGUÑUELA||
47-E1-00234||CALLE SAN ANTONIO|1||47494|47138|VALLADOLID|RUBÍ DE BRACAMONTE|RUBI DE BRACAMONTE||
47-E1-00237||CALLE MIGUEL DELIBES|44||47008|47186|VALLADOLID|VALLADOLID|VALLADOLID||
47-E1-00238||CALLE BARBECHO|31||47014|47186|VALLADOLID|VALLADOLID|VALLADOLID||
47-E1-00245||CALLE AVDA. DE LA ESTACION ESQ. ALBATROS|S-N||47140|47076|VALLADOLID|LAGUNA DE DUERO|LAGUNA DE DUERO||
47-E1-00248||CALLE MONTES DE OCA|4||47008|47186|VALLADOLID|VALLADOLID|VALLADOLID||
47-E1-00253||CALLE ABEDUL|7||47009|47186|VALLADOLID|VALLADOLID|VALLADOLID||
47-E1-00269||AVDA LA LAGUNA|13||47140|47076|VALLADOLID|LAGUNA DE DUERO|LAGUNA DE DUERO||
47-E1-00270||AVDA SEGOVIA|18||47160|47122|VALLADOLID|PORTILLO|ARRABAL DE PORTILLO||
47-E1-00272||CALLE MESONES|31|||47075|VALLADOLID|ÍSCAR|ISCAR||
47-E1-00275||CALLE ARRABAL|39||47140|47076|VALLADOLID|LAGUNA DE DUERO|LAGUNA DE DUERO||
47-E1-00279||CALLE ALCAPARRA|1||47008|47186|VALLADOLID|VALLADOLID|VALLADOLID||
47-E1-00281||CALLE HERNANDO DE ACUÑA|51||47014|47186|VALLADOLID|VALLADOLID|VALLADOLID||
47-E1-00282||CALLE CASTAÑUELAS|3||47013|47186|VALLADOLID|VALLADOLID|VALLADOLID||
47-E1-00283||CALLE CARRERAS|43||47400|47085|VALLADOLID|MEDINA DEL CAMPO|MEDINA DEL CAMPO||
47-E1-00284||CALLE DERECHA|5||47675|47024|VALLADOLID|BOLAÑOS DE CAMPOS|BOLAÑOS DE CAMPOS||
47-E1-00289||CALLE MATEO SEOANE SOBRAL|32||47014|47186|VALLADOLID|VALLADOLID|VALLADOLID||
49-E1-00002||CALLE CAMPO DE MARTE|11||49007|49275|ZAMORA|ZAMORA|ZAMORA||
49-E1-00004||CALLE TOMAS GOMEZ|3||49750|49207|ZAMORA|SANTOVENIA|SANTOVENIA||
49-E1-00006||AVDA PORTUGAL|21||49016|49275|ZAMORA|ZAMORA|ZAMORA||
49-E1-00007||CALLE REAL|12||49630|49250|ZAMORA|VILLALPANDO|VILLALPANDO||
49-E1-00008||CALLE AMARGURA|S-N||49130|49108|ZAMORA|MANGANESES DE LA LAMPREANA|MANGANESES DE LA LAMPREANA||
49-E1-00016||PLAZA MAYOR|12||49500|49003|ZAMORA|ALCAÑICES|ALCAÑICES||
49-E1-00017||PLAZA MAYOR DE ARRIBA|24||49610|49206|ZAMORA|SANTIBÁÑEZ DE VIDRIALES|SANTIBAÑEZ DE VIDRIALES||
49-E1-00019||AVDA MARAGATOS|19||49600|49021|ZAMORA|BENAVENTE|BENAVENTE||
49-E1-00021||AVDA GALICIA|63||49024|49275|ZAMORA|ZAMORA|ZAMORA||
49-E1-00022||AVDA EL FERIAL|84||49600|49021|ZAMORA|BENAVENTE|BENAVENTE||
49-E1-00029||PLAZA DE SANTA MARIA|1||49600|49021|ZAMORA|BENAVENTE|BENAVENTE||
49-E1-00031||CALLE LA RUA|20||49600|49021|ZAMORA|BENAVENTE|BENAVENTE||
49-E1-00034||CTRA ZAMORA|8||49716|49013|ZAMORA|ARGUJILLO|ARGUJILLO||
49-E1-00039||CALLE BARRIO NUEVO|14||49510|49071|ZAMORA|FONFRÍA|FONFRIA||
49-E1-00042||CALLE SANTA CLARA|6||49003|49275|ZAMORA|ZAMORA|ZAMORA||
49-E1-00045||CALLE OBISPO NIETO|27||49031|49275|ZAMORA|ZAMORA|ZAMORA||
49-E1-00048||CALLE AMARGURA|10||49007|49275|ZAMORA|ZAMORA|ZAMORA||
49-E1-00049||CALLE SAN ROQUE|S-N||49167|49135|ZAMORA|MUELAS DEL PAN|MUELAS DEL PAN||
49-E1-00051||CALLE BENAVENTE|18||49622|49171|ZAMORA|QUIRUELAS DE VIDRIALES|QUIRUELAS DE VIDRIALES||
49-E1-00053||CALLE RIO|S-N||49698|49029|ZAMORA|BURGANES DE VALVERDE|BURGANES DE VALVERDE||
49-E1-00055||PLAZA IGLESIA|9||49730|49056|ZAMORA|CUBILLOS|CUBILLOS||
49-E1-00060||CALLE LARGA|5||49157|49103|ZAMORA|MADRIDANOS|MADRIDANOS||
49-E1-00061||CALLE SAN JUAN|S-N||49628|49193|ZAMORA|SAN PEDRO DE CEQUE|SAN PEDRO DE CEQUE||
49-E1-00062||CALLE GENERAL FRANCO|S-N||49325|49017|ZAMORA|ASTURIANOS|ASTURIANOS||
49-E1-00063||CALLE NTRA SRA ASUNCION|18||49719|49255|ZAMORA|VILLAMOR DE LOS ESCUDEROS|VILLAMOR DE LOS ESCUDEROS||
49-E1-00065||CALLE DIEGO DE ORDAX|1||49110|49043|ZAMORA|CASTROVERDE DE CAMPOS|CASTROVERDE DE CAMPOS||
49-E1-00068||CALLE SANTA TERESA|S-N||49137|49268|ZAMORA|VILLARRÍN DE CAMPOS|VILLARRIN DE CAMPOS||
49-E1-00070||CALLE COSTANILLA|0|||49080|ZAMORA|FUENTELAPEÑA|FUENTELAPEÑA||
49-E1-00071||CALLE ARAPILES|22||49019|49275|ZAMORA|ZAMORA|ZAMORA||
49-E1-00073||CALLE SANTA CLARA|27||49015|49275|ZAMORA|ZAMORA|ZAMORA||
05-E1-00005||CALLE EDUARDO MARQUINA|22||05001|05019|AVILA|ÁVILA|AVILA||
05-E1-00006||PLAZA MERCADO CHICO (DEL)|10||05001|05019|AVILA|ÁVILA|AVILA||
05-E1-00009||CALLE VIRGEN DE LA SOTERRAÑA|20||05005|05019|AVILA|ÁVILA|AVILA||
05-E1-00010||PLAZA ROLLO (DEL)|15||05002|05019|AVILA|ÁVILA|AVILA||
05-E1-00012||CALLE LARGA|31|||05128|AVILA|MINGORRÍA|MINGORRIA||
05-E1-00014||CALLE IGLESIA|0||05130|05238|AVILA|SOLOSANCHO|SOLOSANCHO||
05-E1-00017||CALLE FUENTE (LA)|36||05610|05024|AVILA|BECEDAS|BECEDAS||
05-E1-00018||CALLE MAYOR|20||05695|05097|AVILA|LA HORCAJADA|HORCAJADA (LA)||
05-E1-00020||CALLE PILILLAS (DE LAS)|18||05500|05186|AVILA|PIEDRAHÍTA|PIEDRAHITA||
05-E1-00023||CALLE MAYOR|12||05300|05065|AVILA|CRESPOS|CRESPOS||
05-E1-00024||AVDA RAMON Y CAJAL|40||05480|05047|AVILA|CANDELEDA|CANDELEDA||
05-E1-00026||PLAZA NUEVA|3||05492|05189|AVILA|POYALES DEL HOYO|POYALES DEL HOYO||
05-E1-00027||CALLE CAMINO NARROS|S-N||05370|05073|AVILA|FLORES DE ÁVILA|FLORES DE AVILA||
05-E1-00029||CTRA AREVALO|21||05162|05027|AVILA|LAS BERLANAS|BERLANAS (LAS)||
05-E1-00030||CALLE SAN ROQUE|18||05213|05109|AVILA|LANGA|LANGA||
05-E1-00033||CALLE NUEVA|7||05450|05054|AVILA|CASAVIEJA|CASAVIEJA||
05-E1-00036||AVDA GENERALISIMO (DEL)|S-N||05635|05165|AVILA|NAVARREDONDA DE GREDOS|NAVARREDONDA DE GREDOS||
05-E1-00042||CALLE ARENAL (EL)|1||05410|05132|AVILA|MOMBELTRÁN|MOMBELTRAN||
05-E1-00044||CALLE MEDIO (DEL)|25||05470|05182|AVILA|PEDRO BERNARDO|PEDRO BERNARDO||
05-E1-00045||CALLE ZAPATEROS|2||05200|05016|AVILA|ARÉVALO|AREVALO||
05-E1-00047||CALLE PLAZA ESPAÑA|5|||05101|AVILA|HOYOCASERO|HOYOCASERO||
05-E1-00048||CALLE MAYOR|S-N||05113|05041|AVILA|BURGOHONDO|BURGOHONDO||
05-E1-00049||CALLE MORALEDA (LA)|17||05430|05002|AVILA|LA ADRADA|ADRADA (LA)||
05-E1-00056||AVDA CONSTITUCION|52||05260|05057|AVILA|CEBREROS|CEBREROS||
05-E1-00060||PLAZA CALVO SOTELO|3||05210|05099|AVILA|HORCAJO DE LAS TORRES|HORCAJO DE LAS TORRES||
05-E1-00061||AVDA PRINCIPAL|17||05230|05168|AVILA|LAS NAVAS DEL MARQUÉS|NAVAS DEL MARQUES (LAS)||
05-E1-00064||CALLE MAYOR|36||05600|05021|AVILA|EL BARCO DE ÁVILA|BARCO DE AVILA (EL)||
05-E1-00065||CALLE CANCHUELA|15||05417|05089|AVILA|GUISANDO|GUISANDO||
05-E1-00069||PLAZA PRADO|4||05400|05014|AVILA|ARENAS DE SAN PEDRO|ARENAS DE SAN PEDRO||
05-E1-00070||AVDA PRINCIPAL|55||05230|05168|AVILA|LAS NAVAS DEL MARQUÉS|NAVAS DEL MARQUES (LAS)||
05-E1-00074||PLAZA GENERALISIMO|4||05216|05152|AVILA|NAVA DE ARÉVALO|NAVA DE AREVALO||
05-E1-00081||CALLE ANTONIO MACHADO|2||05250|05102|AVILA|EL HOYO DE PINARES|HOYO DE PINARES (EL)||
05-E1-00084||AVDA ANTONIO FERNANDEZ ORTS|6||05460|05082|AVILA|GAVILANES|GAVILANES||
05-E1-00085||CALLE JOSE ANTONIO|72||05115|05233|AVILA|SERRANILLOS|SERRANILLOS||
05-E1-00097||CTRA MIRONCILLO (DE)|9||05191|05172|AVILA|NIHARRA|NIHARRA||
05-E1-00100||CALLE PERALES (LOS)|11|||05158|AVILA|NAVALMORAL|NAVALMORAL||
05-E1-00101||CALLE CORDEL (DEL)|1||05197|05076|AVILA|EL FRESNO|FRESNO (EL)||
05-E1-00104||AVDA JUAN CARLOS I|33||05004|05019|AVILA|ÁVILA|AVILA||
05-E1-00108||CALLE CUESTA|S-N||05153|05116|AVILA|MALPARTIDA DE CORNEJA|MALPARTIDA DE CORNEJA||
05-E1-00110||CALLE TREPINALDO|5||05146|05094|AVILA|HERREROS DE SUSO|HERREROS DE SUSO||
05-E1-00113||CALLE PLAZA (DE LA)|26||05196|05245|AVILA|TORNADIZOS DE ÁVILA|TORNADIZOS DE AVILA||
05-E1-00118||TRVA NORTE|1||05211|05048|AVILA|CANTIVEROS|CANTIVEROS||
05-E1-00126||PLAZA CONSTITUCION|0||05229|05023|AVILA|BARROMÁN|BARROMAN||
05-E1-00127||CALLE AGUSTIN RODRIGUEZ SAHAGUN|30||05003|05019|AVILA|ÁVILA|AVILA||
05-E1-00131||CALLE DOCTOR ARCADIO GONZALEZ,|8|||05057|AVILA|CEBREROS|CEBREROS||
05-E1-00133||PLAZA BENJAMIN PALENCIA|S-N||05571|05257|AVILA|VILLAFRANCA DE LA SIERRA|VILLAFRANCA DE LA SIERRA||
05-E1-00136||CALLE REJERO LORENZO DE AVILA|4||05004|05019|AVILA|ÁVILA|AVILA||
05-E1-00137||PASEO RECOLETOS (DE)|26||05270|05241|AVILA|EL TIEMBLO|TIEMBLO (EL)||
05-E1-00138||CALLE DOCTOR JESUS GALAN|28||05003|05019|AVILA|ÁVILA|AVILA||
05-E1-00140||CALLE OBISPO ACUÑA|10||05002|05019|AVILA|ÁVILA|AVILA||
05-E1-00141||CALLE MATADERO VIEJO|0||05530|05138|AVILA|MUÑOGALINDO|MUÑOGALINDO||
09-E1-00004||CALLE VITORIA|20||09004|09059|BURGOS|BURGOS|BURGOS||
09-E1-00008||CALLE EDUARDO MARTINEZ DEL CAMPO|2||09003|09059|BURGOS|BURGOS|BURGOS||
09-E1-00010||PLAZA MAYOR|12|||09059|BURGOS|BURGOS|BURGOS||
09-E1-00015||CALLE RIBERA|2||09199|09026|BURGOS|ARLANZÓN|ARLANZON||
09-E1-00017||CTRA AGUILAR|33||09150|09902|BURGOS|VALLE DE SANTIBÁÑEZ|SANTIBAÑEZ-ZARZAGUDA||
09-E1-00028||CALLE SANTA MARIA|2||09370|09151|BURGOS|GUMIEL DE IZÁN|GUMIEL DE IZAN||
09-E1-00031||CALLE CALLE REAL|51||09443|09152|BURGOS|GUMIEL DE MERCADO|GUMIEL DE MERCADO||
09-E1-00033||CALLE SANTO TOMAS DE AQUINO|6||09451|09064|BURGOS|CALERUEGA|CALERUEGA||
09-E1-00035||CALLE AVDA. DEL CID|77|||09369|BURGOS|SOTILLO DE LA RIBERA|SOTILLO DE LA RIBERA||
09-E1-00039||CALLE SAN ROQUE|1||09260|09274|BURGOS|PRADOLUENGO|PRADOLUENGO||
09-E1-00042||CALLE MAYOR|9||09240|09056|BURGOS|BRIVIESCA|BRIVIESCA||
09-E1-00045||CALLE AQUILINO PUERTA|57||09292|09224|BURGOS|MONASTERIO DE RODILLA|MONASTERIO DE RODILLA||
09-E1-00052||CALLE ELADIO BUSTAMANTE|18||09580|09410|BURGOS|VALLE DE MENA|VILLASANA DE MENA||
09-E1-00054||PLAZA ESCUELAS|9||09119|09034|BURGOS|LOS BALBASES|BALBASES (LOS)||
09-E1-00060||CALLE ARCO (EL)|13||09220|09250|BURGOS|PAMPLIEGA|PAMPLIEGA||
09-E1-00062||CALLE HUMILLADERO|6||09123|09363|BURGOS|SASAMÓN|SASAMON||
09-E1-00065||CALLE VITORIA|47|||09059|BURGOS|BURGOS|BURGOS||
09-E1-00070||GTA RODRIGUEZ VALCARCEL|10||09346|09113|BURGOS|COVARRUBIAS|COVARRUBIAS||
09-E1-00071||AVDA REYES CATOLICOS|20||09006|09059|BURGOS|BURGOS|BURGOS||
09-E1-00072||CALLE MAYOR|34||09339|09443|BURGOS|VILLAMAYOR DE LOS MONTES|VILLAMAYOR DE LOS MONTES||
09-E1-00073||CALLE GLORIA FUERTES,|1|||09059|BURGOS|BURGOS|BURGOS||
09-E1-00079||CALLE CALVO SOTELO|69||09312|09391|BURGOS|TÓRTOLES DE ESGUEVA|TORTOLES DE ESGUEVA||
09-E1-00087||CALLE SAN JUAN|25||09004|09059|BURGOS|BURGOS|BURGOS||
09-E1-00089||CALLE PEDRO ALFARO|9||09007|09059|BURGOS|BURGOS|BURGOS||
09-E1-00095||CALLE SAN ZADORNIL|8||09003|09059|BURGOS|BURGOS|BURGOS||
09-E1-00097||CALLE REAL ALLENDE|7||09200|09219|BURGOS|MIRANDA DE EBRO|MIRANDA DE EBRO||
09-E1-00098||CALLE BARCELONA|S-N||09007|09059|BURGOS|BURGOS|BURGOS||
09-E1-00099||CALLE CONCEPCION ARENAL|36||09200|09219|BURGOS|MIRANDA DE EBRO|MIRANDA DE EBRO||
09-E1-00100||CALLE SORBONA|1|||09059|BURGOS|BURGOS|BURGOS||
09-E1-00106||CALLE RONDA DEL FERROCARRIL|21||09200|09219|BURGOS|MIRANDA DE EBRO|MIRANDA DE EBRO||
09-E1-00107||CALLE REAL|64||09280|09251|BURGOS|PANCORBO|PANCORBO||
09-E1-00110||CALLE CALZADAS|5||09004|09059|BURGOS|BURGOS|BURGOS||
09-E1-00119||PLAZA MAYOR DE SANTA MARIA|5||09300|09321|BURGOS|ROA|ROA||
09-E1-00121||CALLE CONCEPCION ARENAL|3||09200|09219|BURGOS|MIRANDA DE EBRO|MIRANDA DE EBRO||
09-E1-00125||CALLE DIONISIO CAMARERO|28||09462|09228|BURGOS|MORADILLO DE ROA|MORADILLO DE ROA||
09-E1-00130||CALLE SAN PEDRO Y SAN FELICES|45||09001|09059|BURGOS|BURGOS|BURGOS||
09-E1-00134||CALLE BURGO DE OSMA|27||09400|09018|BURGOS|ARANDA DE DUERO|ARANDA DE DUERO||
09-E1-00135||CALLE ERAS|8||09314|09256|BURGOS|PEDROSA DE DUERO|PEDROSA DE DUERO||
09-E1-00141||LUGAR BARBADILLO DEL PEZ|0|||09039|BURGOS|BARBADILLO DEL PEZ|BARBADILLO DEL PEZ||
09-E1-00142||CALLE SANTO DOMINGO|S-N||09613|09038|BURGOS|BARBADILLO DEL MERCADO|BARBADILLO DEL MERCADO||
09-E1-00147||CALLE FRONTON|9||09690|09425|BURGOS|VILVIESTRE DEL PINAR|VILVIESTRE DEL PINAR||
09-E1-00150||PASEO DE LA PLAYA|6||09570|09025|BURGOS|ARIJA|ARIJA||
09-E1-00154||PLAZA MAYOR|2||09135|09373|BURGOS|SOTRESGUDO|SOTRESGUDO||
09-E1-00156||PLAZA MAYOR|8||09550|09903|BURGOS|VILLARCAYO DE MERINDAD DE CASTILLA LA VIEJA|VILLARCAYO||
09-E1-00157||CALLE PROGRESO|8||09560|09124|BURGOS|ESPINOSA DE LOS MONTEROS|ESPINOSA DE LOS MONTEROS||
09-E1-00160||PLAZA ESPAÑA|4||09230|09338|BURGOS|SAN MAMÉS DE BURGOS|SAN MAMES DE BURGOS||
09-E1-00164||PLAZA PUENTE VILLANUEVA|3||09500|09209|BURGOS|MEDINA DE POMAR|MEDINA DE POMAR||
09-E1-00168||CALLE PIZARRO|6||09400|09018|BURGOS|ARANDA DE DUERO|ARANDA DE DUERO||
09-E1-00172||CALLE ARANDA DE DUERO|6||09002|09059|BURGOS|BURGOS|BURGOS||
09-E1-00174||BARDA INMACULADA BLOQUE H|1||09007|09059|BURGOS|BURGOS|BURGOS||
09-E1-00178||PLAZA OBISPO ACOSTA|4||09400|09018|BURGOS|ARANDA DE DUERO|ARANDA DE DUERO||
09-E1-00181||BARDA JUAN XXIII|1||09007|09059|BURGOS|BURGOS|BURGOS||
09-E1-00184||CALLE VITORIA|141||09007|09059|BURGOS|BURGOS|BURGOS||
09-E1-00187||CALLE SAN JUAN DE ORTEGA|6||09007|09059|BURGOS|BURGOS|BURGOS||
09-E1-00192||CALLE EL TINTE|26||09300|09321|BURGOS|ROA|ROA||
09-E1-00193||CALLE FERIAL|18|||09018|BURGOS|ARANDA DE DUERO|ARANDA DE DUERO||
09-E1-00194||AVDA CANTABRIA|31||09006|09059|BURGOS|BURGOS|BURGOS||
09-E1-00196||CALLE CALLE FRANCISCO ENCINAS|7||09001|09059|BURGOS|BURGOS|BURGOS||
09-E1-00197||CALLE MAYOR|60||09240|09056|BURGOS|BRIVIESCA|BRIVIESCA||
09-E1-00198||CTRA VALLADOLID|6|||09125|BURGOS|ESTÉPAR|ESTEPAR||
09-E1-00199||CALLE HERMANAS MIRABAL|56||09007|09059|BURGOS|BURGOS|BURGOS||
09-E1-00200||CTRA POZA|75||09007|09059|BURGOS|BURGOS|BURGOS||
09-E1-00209||CALLE Calle Pozanos|23||09006|09059|BURGOS|BURGOS|BURGOS||
09-E1-00211||CALLE Calle Condesa Mencía|159||09006|09059|BURGOS|BURGOS|BURGOS||
24-E1-00002||AVDA ORDOÑO II|8||24001|24089|LEON|LEÓN|LEON||
24-E1-00006||CALLE BURGO NUEVO|13||24001|24089|LEON|LEÓN|LEON||
24-E1-00009||AVDA REINO DE LEON|32||24680|24901|LEON|VILLAMANÍN|VILLAMANIN DE LA TERCIA||
24-E1-00010||CTRA TRAVESIA LA CIANA|61||24140|24202|LEON|VILLABLINO|VILLASECA DE LACIANA||
24-E1-00012||PLAZA MAYOR|2||24320|24139|LEON|SAHAGÚN|SAHAGUN||
24-E1-00014||CALLE RUA|35||24003|24089|LEON|LEÓN|LEON||
24-E1-00015||CALLE PIO GULLON|11||24700|24008|LEON|ASTORGA|ASTORGA||
24-E1-00016||CALLE PALENCIA|1||24001|24089|LEON|LEÓN|LEON||
24-E1-00017||PLAZA MAYOR|S-N||24540|24030|LEON|CACABELOS|CACABELOS||
24-E1-00018||CALLE GRAN VIA DE SAN MARCOS|6||24002|24089|LEON|LEÓN|LEON||
24-E1-00020||CALLE VICTOR FERNANDEZ|17||24650|24114|LEON|LA POLA DE GORDÓN|SANTA LUCIA||
24-E1-00024||PLAZA GENERALISIMO|4|||24209|LEON|VILLAFRANCA DEL BIERZO|VILLAFRANCA DEL BIERZO||
24-E1-00026||CALLE MESONES|S-N||24210|24094|LEON|MANSILLA DE LAS MULAS|MANSILLA DE LAS MULAS||
24-E1-00027||CALLE LEON XIII|3||24008|24089|LEON|LEÓN|LEON||
24-E1-00033||CALLE ERAS (LAS)|S-N||24398|24057|LEON|CONGOSTO|SAN MIGUEL DE LAS DUEÑAS||
24-E1-00039||CALLE MAESTRO JOSE ALONSO BARRIO|3||24300|24014|LEON|BEMBIBRE|BEMBIBRE||
24-E1-00040||PLAZA NEGRILLON (EL)|3||24850|24021|LEON|BOÑAR|BOÑAR||
24-E1-00043||CALLE LORENZO SEGURA|2||24700|24008|LEON|ASTORGA|ASTORGA||
24-E1-00045||AVDA ASTURIAS|10||24200|24188|LEON|VALENCIA DE DON JUAN|VALENCIA DE DON JUAN||
24-E1-00048||CALLE PRIETO DE CASTRO|1||24700|24008|LEON|ASTORGA|ASTORGA||
24-E1-00053||CALLE VALDELACABRA|11||24360|24210|LEON|VILLAGATÓN|BRAÑUELAS||
24-E1-00055||AVDA REPUBLICA ARGENTINA|1||24004|24089|LEON|LEÓN|LEON||
24-E1-00059||AVDA CARDENAL AGUIRRE|37||24600|24114|LEON|LA POLA DE GORDÓN|POLA DE GORDON (LA)||
24-E1-00067||CALLE HONDA|75||24234|24088|LEON|LAGUNA DE NEGRILLOS|LAGUNA DE NEGRILLOS||
24-E1-00068||CALLE SANTA NONIA|1||24003|24089|LEON|LEÓN|LEON||
24-E1-00072||PLAZA GENERALISIMO (EL)|S-N||24170|24004|LEON|ALMANZA|ALMANZA||
24-E1-00073||CALLE CARRETERA|25||24235|24221|LEON|VILLAQUEJIDA|VILLAQUEJIDA||
24-E1-00076||CALLE DOCTOR AREN|25||24500|24209|LEON|VILLAFRANCA DEL BIERZO|VILLAFRANCA DEL BIERZO||
24-E1-00077||CALLE ARTESANOS,|2|||24152|LEON|SANTA COLOMBA DE SOMOZA|SANTA COLOMBA DE SOMOZA||
24-E1-00078||AVDA ROMA|4||24001|24089|LEON|LEÓN|LEON||
24-E1-00082||CALLE SAN AGUSTIN|1||24001|24089|LEON|LEÓN|LEON||
24-E1-00093||PLAZA ESPAÑA|11||24700|24008|LEON|ASTORGA|ASTORGA||
24-E1-00094||CALLE ALCALDE MANUEL ORALLO|3||24420|24070|LEON|FABERO|FABERO||
24-E1-00099||CALLE JUAN DE BADAJOZ|1||24002|24089|LEON|LEÓN|LEON||
24-E1-00101||CALLE JUAN CARLOS I REY|34||24750|24010|LEON|LA BAÑEZA|BAÑEZA (LA)||
24-E1-00102||CALLE ANCHA|21||24400|24115|LEON|PONFERRADA|PONFERRADA||
24-E1-00103||CALLE SAN FRANCISCO|15||24003|24089|LEON|LEÓN|LEON||
24-E1-00104||AVDA PADRE ISLA|116||24008|24089|LEON|LEÓN|LEON||
24-E1-00111||CALLE CARRETERA|0||24160|24079|LEON|GRADEFES|GRADEFES||
24-E1-00118||AVDA ORDOÑO II|3||24001|24089|LEON|LEÓN|LEON||
24-E1-00129||CALLE CARDENAL LORENZANA|2||24001|24089|LEON|LEÓN|LEON||
24-E1-00131||AVDA PADRE ISLA|4|||24089|LEON|LEÓN|LEON||
24-E1-00132||CALLE ORDOÑO II|39||24001|24089|LEON|LEÓN|LEON||
24-E1-00135||CALLE CERVANTES|3||24003|24089|LEON|LEÓN|LEON||
24-E1-00136||CALLE SAN JUAN|62||24311|24071|LEON|FOLGOSO DE LA RIBERA|FOLGOSO DE LA RIBERA||
24-E1-00139||CALLE CORPUS CHRISTI|159||24191|24142|LEON|SAN ANDRÉS DEL RABANEDO|SAN ANDRES DEL RABANEDO||
24-E1-00141||CALLE SANTA ANA|22||24006|24089|LEON|LEÓN|LEON||
24-E1-00142||AVDA MARIANO ANDRES|184||24008|24089|LEON|LEÓN|LEON||
24-E1-00148||AVDA JOSE AGUADO|32||24005|24089|LEON|LEÓN|LEON||
24-E1-00149||CALLE ERA (LA)|5||24153|24201|LEON|VEGAS DEL CONDADO|VEGAS DEL CONDADO||
24-E1-00158||AVDA MARIANO ANDRES|18||24008|24089|LEON|LEÓN|LEON||
24-E1-00159||CALLE CALVO SOTELO|S-N||24230|24187|LEON|VALDEVIMBRE|VALDEVIMBRE||
24-E1-00167||CALLE CAMINO DE SANTIAGO|29||24400|24115|LEON|PONFERRADA|PONFERRADA||
24-E1-00170||AVDA HUERTAS DEL SACRAMENTO|19||24400|24115|LEON|PONFERRADA|PONFERRADA||
24-E1-00173||CALLE RELOJERO LOSADA|23||24009|24089|LEON|LEÓN|LEON||
24-E1-00176||CALLE ANCHA|42||24400|24115|LEON|PONFERRADA|PONFERRADA||
24-E1-00177||CALLE SAN ROQUE|23||24549|24038|LEON|CARRACEDELO|CARRACEDELO||
49-E1-00075||CALLE IGLESIA|0||49210|49008|ZAMORA|ALMEIDA DE SAYAGO|ALMEIDA DE SAYAGO||
49-E1-00080||CALLE CERECINOS|22||49850|49156|ZAMORA|PINILLA DE TORO|PINILLA DE TORO||
49-E1-00084||CALLE CARRETERA|25||49332|49033|ZAMORA|CAMARZANA DE TERA|CAMARZANA DE TERA||
49-E1-00087||CALLE COSTURERAS|S-N||49696|49015|ZAMORA|ARRABALDE|ARRABALDE||
49-E1-00089||CALLE CRISTO|53||49335|49066|ZAMORA|FERRERAS DE ABAJO|FERRERAS DE ABAJO||
49-E1-00091||CLLJA ERMITA|8||49591|49176|ZAMORA|RIOFRÍO DE ALISTE|RIOFRIO DE ALISTE||
49-E1-00096||CALLE HUERTAS|10|||49022|ZAMORA|BENEGILES|BENEGILES||
49-E1-00097||CALLE ARRIBA|2|||49172|ZAMORA|RABANALES|RABANALES||
49-E1-00098||CTRA TIEDRA|2||49835|49163|ZAMORA|POZOANTIGUO|POZOANTIGUO||
49-E1-00100||PLAZA HUMILLADERO|S-N||49212|49136|ZAMORA|MUGA DE SAYAGO|MUGA DE SAYAGO||
49-E1-00109||CALLE NUÑEZ DE BALBOA|46||49022|49275|ZAMORA|ZAMORA|ZAMORA||
49-E1-00111||CALLE PLAZA DE ESPAÑA|15||49720|49151|ZAMORA|EL PERDIGÓN|PERDIGON (EL)||
49-E1-00113||CTRA SALAMANCA|40||49028|49275|ZAMORA|ZAMORA|ZAMORA||
49-E1-00116||AVDA CONSTITUCION|S-N|||49192|ZAMORA|SAN MIGUEL DEL VALLE|SAN MIGUEL DEL VALLE||
49-E1-00117||CALLE BODEGAS|3||49141|49063|ZAMORA|FARAMONTANOS DE TÁBARA|FARAMONTANOS DE TABARA||
49-E1-00120||CALLE CARMEN|15||49136|49242|ZAMORA|VILLAFÁFILA|VILLAFAFILA||
49-E1-00132||LUGAR PALACIOS|38||49121|49122|ZAMORA|MONFARRACINOS|MONFARRACINOS||
49-E1-00133||CALLE CEBADALES|9||49696|49203|ZAMORA|SANTA MARÍA DE LA VEGA|SANTA MARIA DE LA VEGA||
49-E1-00136||CMNO VENIALBO|4||49820|49239|ZAMORA|VILLABUENA DEL PUENTE|VILLABUENA DEL PUENTE||
49-E1-00137||CALLE MAYOR|2||49770|49238|ZAMORA|VILLABRÁZARO|VILLABRAZARO||
49-E1-00142||CALLE MAYOR|S-N||49699|49257|ZAMORA|VILLANUEVA DE AZOAGUE|VILLANUEVA DE AZOAGUE||
49-E1-00143||CALLE ARRIBA|33||49335|49067|ZAMORA|FERRERAS DE ARRIBA|FERRERAS DE ARRIBA||
49-E1-00148||PLAZA ENRIQUE PRIETO Y CARMEN CATALAN|1||49731|49132|ZAMORA|MORERUELA DE LOS INFANZONES|MORERUELA DE LOS INFANZONES||
49-E1-00149||PLAZA ISABEL II|S-N||49550|49068|ZAMORA|FERRERUELA|FERRERUELA DE TABARA||
49-E1-00154||CALLE BENEFICIO|60||49180|49007|ZAMORA|ALMARAZ DE DUERO|ALMARAZ DE DUERO||
49-E1-00155||CALLE ZAMORA|9||49182|49194|ZAMORA|SAN PEDRO DE LA NAVE-ALMENDRA|VALDEPERDICES||
49-E1-00156||CALLE IGLESIA|1||49619|49018|ZAMORA|AYOÓ DE VIDRIALES|AYOO DE VIDRIALES||
49-E1-00161||CALLE MEDIO|4||49660|49041|ZAMORA|CASTROGONZALO|CASTROGONZALO||
49-E1-00164||AVDA GALICIA|10||49600|49021|ZAMORA|BENAVENTE|BENAVENTE||
49-E1-00167||CALLE CRUZ|41||49151|49010|ZAMORA|ARCENILLAS|ARCENILLAS||
49-E1-00170||AVDA LUIS MORAN|69||49600|49021|ZAMORA|BENAVENTE|BENAVENTE||
