Provincias;Municipios;Sexo;Edad;Total
05 Ávila;05001 Adanero;Total;De 65 a 69 años;16
05 Ávila;05001 Adanero;Total;De 70 a 74 años;14
05 Ávila;05001 Adanero;Total;De 75 a 79 años;14
05 Ávila;05001 Adanero;Total;De 80 a 84 años;12
05 Ávila;05001 Adanero;Total;De 85 a 89 años;5
05 Ávila;05001 Adanero;Total;De 90 a 94 años;3
05 Ávila;05001 Adanero;Total;De 95 a 99 años;1
05 Ávila;05001 Adanero;Total;100 y más años;0
05 Ávila;05002 Adrada, La;Total;De 65 a 69 años;203
05 Ávila;05002 Adrada, La;Total;De 70 a 74 años;165
05 Ávila;05002 Adrada, La;Total;De 75 a 79 años;115
05 Ávila;05002 Adrada, La;Total;De 80 a 84 años;73
05 Ávila;05002 Adrada, La;Total;De 85 a 89 años;34
05 Ávila;05002 Adrada, La;Total;De 90 a 94 años;35
05 Ávila;05002 Adrada, La;Total;De 95 a 99 años;7
05 Ávila;05002 Adrada, La;Total;100 y más años;0
05 Ávila;05005 Albornos;Total;De 65 a 69 años;15
05 Ávila;05005 Albornos;Total;De 70 a 74 años;4
05 Ávila;05005 Albornos;Total;De 75 a 79 años;8
05 Ávila;05005 Albornos;Total;De 80 a 84 años;9
05 Ávila;05005 Albornos;Total;De 85 a 89 años;9
05 Ávila;05005 Albornos;Total;De 90 a 94 años;5
05 Ávila;05005 Albornos;Total;De 95 a 99 años;0
05 Ávila;05005 Albornos;Total;100 y más años;1
05 Ávila;05007 Aldeanueva de Santa Cruz;Total;De 65 a 69 años;4
05 Ávila;05007 Aldeanueva de Santa Cruz;Total;De 70 a 74 años;5
05 Ávila;05007 Aldeanueva de Santa Cruz;Total;De 75 a 79 años;10
05 Ávila;05007 Aldeanueva de Santa Cruz;Total;De 80 a 84 años;13
05 Ávila;05007 Aldeanueva de Santa Cruz;Total;De 85 a 89 años;7
05 Ávila;05007 Aldeanueva de Santa Cruz;Total;De 90 a 94 años;4
05 Ávila;05007 Aldeanueva de Santa Cruz;Total;De 95 a 99 años;2
05 Ávila;05007 Aldeanueva de Santa Cruz;Total;100 y más años;0
05 Ávila;05008 Aldeaseca;Total;De 65 a 69 años;20
05 Ávila;05008 Aldeaseca;Total;De 70 a 74 años;20
05 Ávila;05008 Aldeaseca;Total;De 75 a 79 años;22
05 Ávila;05008 Aldeaseca;Total;De 80 a 84 años;6
05 Ávila;05008 Aldeaseca;Total;De 85 a 89 años;10
05 Ávila;05008 Aldeaseca;Total;De 90 a 94 años;6
05 Ávila;05008 Aldeaseca;Total;De 95 a 99 años;1
05 Ávila;05008 Aldeaseca;Total;100 y más años;0
05 Ávila;05010 Aldehuela, La;Total;De 65 a 69 años;7
05 Ávila;05010 Aldehuela, La;Total;De 70 a 74 años;8
05 Ávila;05010 Aldehuela, La;Total;De 75 a 79 años;6
05 Ávila;05010 Aldehuela, La;Total;De 80 a 84 años;17
05 Ávila;05010 Aldehuela, La;Total;De 85 a 89 años;10
05 Ávila;05010 Aldehuela, La;Total;De 90 a 94 años;3
05 Ávila;05010 Aldehuela, La;Total;De 95 a 99 años;3
05 Ávila;05010 Aldehuela, La;Total;100 y más años;1
05 Ávila;05012 Amavida;Total;De 65 a 69 años;8
05 Ávila;05012 Amavida;Total;De 70 a 74 años;9
05 Ávila;05012 Amavida;Total;De 75 a 79 años;17
05 Ávila;05012 Amavida;Total;De 80 a 84 años;8
05 Ávila;05012 Amavida;Total;De 85 a 89 años;2
05 Ávila;05012 Amavida;Total;De 90 a 94 años;3
05 Ávila;05012 Amavida;Total;De 95 a 99 años;2
05 Ávila;05012 Amavida;Total;100 y más años;0
05 Ávila;05013 Arenal, El;Total;De 65 a 69 años;68
05 Ávila;05013 Arenal, El;Total;De 70 a 74 años;63
05 Ávila;05013 Arenal, El;Total;De 75 a 79 años;84
05 Ávila;05013 Arenal, El;Total;De 80 a 84 años;69
05 Ávila;05013 Arenal, El;Total;De 85 a 89 años;38
05 Ávila;05013 Arenal, El;Total;De 90 a 94 años;21
05 Ávila;05013 Arenal, El;Total;De 95 a 99 años;11
05 Ávila;05013 Arenal, El;Total;100 y más años;2
05 Ávila;05014 Arenas de San Pedro;Total;De 65 a 69 años;500
05 Ávila;05014 Arenas de San Pedro;Total;De 70 a 74 años;399
05 Ávila;05014 Arenas de San Pedro;Total;De 75 a 79 años;352
05 Ávila;05014 Arenas de San Pedro;Total;De 80 a 84 años;254
05 Ávila;05014 Arenas de San Pedro;Total;De 85 a 89 años;186
05 Ávila;05014 Arenas de San Pedro;Total;De 90 a 94 años;136
05 Ávila;05014 Arenas de San Pedro;Total;De 95 a 99 años;28
05 Ávila;05014 Arenas de San Pedro;Total;100 y más años;2
05 Ávila;05015 Arevalillo;Total;De 65 a 69 años;8
05 Ávila;05015 Arevalillo;Total;De 70 a 74 años;1
05 Ávila;05015 Arevalillo;Total;De 75 a 79 años;0
05 Ávila;05015 Arevalillo;Total;De 80 a 84 años;4
05 Ávila;05015 Arevalillo;Total;De 85 a 89 años;4
05 Ávila;05015 Arevalillo;Total;De 90 a 94 años;7
05 Ávila;05015 Arevalillo;Total;De 95 a 99 años;2
05 Ávila;05015 Arevalillo;Total;100 y más años;0
05 Ávila;05016 Arévalo;Total;De 65 a 69 años;513
05 Ávila;05016 Arévalo;Total;De 70 a 74 años;395
05 Ávila;05016 Arévalo;Total;De 75 a 79 años;329
05 Ávila;05016 Arévalo;Total;De 80 a 84 años;269
05 Ávila;05016 Arévalo;Total;De 85 a 89 años;159
05 Ávila;05016 Arévalo;Total;De 90 a 94 años;84
05 Ávila;05016 Arévalo;Total;De 95 a 99 años;27
05 Ávila;05016 Arévalo;Total;100 y más años;3
05 Ávila;05017 Aveinte;Total;De 65 a 69 años;8
05 Ávila;05017 Aveinte;Total;De 70 a 74 años;1
05 Ávila;05017 Aveinte;Total;De 75 a 79 años;5
05 Ávila;05017 Aveinte;Total;De 80 a 84 años;5
05 Ávila;05017 Aveinte;Total;De 85 a 89 años;2
05 Ávila;05017 Aveinte;Total;De 90 a 94 años;6
05 Ávila;05017 Aveinte;Total;De 95 a 99 años;0
05 Ávila;05017 Aveinte;Total;100 y más años;0
05 Ávila;05018 Avellaneda;Total;De 65 a 69 años;1
05 Ávila;05018 Avellaneda;Total;De 70 a 74 años;1
05 Ávila;05018 Avellaneda;Total;De 75 a 79 años;0
05 Ávila;05018 Avellaneda;Total;De 80 a 84 años;0
05 Ávila;05018 Avellaneda;Total;De 85 a 89 años;0
05 Ávila;05018 Avellaneda;Total;De 90 a 94 años;1
05 Ávila;05018 Avellaneda;Total;De 95 a 99 años;0
05 Ávila;05018 Avellaneda;Total;100 y más años;0
05 Ávila;05019 Ávila;Total;De 65 a 69 años;3.856
05 Ávila;05019 Ávila;Total;De 70 a 74 años;2.883
05 Ávila;05019 Ávila;Total;De 75 a 79 años;2.513
05 Ávila;05019 Ávila;Total;De 80 a 84 años;1.887
05 Ávila;05019 Ávila;Total;De 85 a 89 años;1.230
05 Ávila;05019 Ávila;Total;De 90 a 94 años;754
05 Ávila;05019 Ávila;Total;De 95 a 99 años;252
05 Ávila;05019 Ávila;Total;100 y más años;37
05 Ávila;05021 Barco de Ávila, El;Total;De 65 a 69 años;135
05 Ávila;05021 Barco de Ávila, El;Total;De 70 a 74 años;121
05 Ávila;05021 Barco de Ávila, El;Total;De 75 a 79 años;108
05 Ávila;05021 Barco de Ávila, El;Total;De 80 a 84 años;108
05 Ávila;05021 Barco de Ávila, El;Total;De 85 a 89 años;76
05 Ávila;05021 Barco de Ávila, El;Total;De 90 a 94 años;57
05 Ávila;05021 Barco de Ávila, El;Total;De 95 a 99 años;16
05 Ávila;05021 Barco de Ávila, El;Total;100 y más años;0
05 Ávila;05022 Barraco, El;Total;De 65 a 69 años;149
05 Ávila;05022 Barraco, El;Total;De 70 a 74 años;119
05 Ávila;05022 Barraco, El;Total;De 75 a 79 años;108
05 Ávila;05022 Barraco, El;Total;De 80 a 84 años;83
05 Ávila;05022 Barraco, El;Total;De 85 a 89 años;71
05 Ávila;05022 Barraco, El;Total;De 90 a 94 años;61
05 Ávila;05022 Barraco, El;Total;De 95 a 99 años;18
05 Ávila;05022 Barraco, El;Total;100 y más años;1
05 Ávila;05023 Barromán;Total;De 65 a 69 años;10
05 Ávila;05023 Barromán;Total;De 70 a 74 años;6
05 Ávila;05023 Barromán;Total;De 75 a 79 años;12
05 Ávila;05023 Barromán;Total;De 80 a 84 años;14
05 Ávila;05023 Barromán;Total;De 85 a 89 años;9
05 Ávila;05023 Barromán;Total;De 90 a 94 años;11
05 Ávila;05023 Barromán;Total;De 95 a 99 años;0
05 Ávila;05023 Barromán;Total;100 y más años;0
05 Ávila;05024 Becedas;Total;De 65 a 69 años;13
05 Ávila;05024 Becedas;Total;De 70 a 74 años;13
05 Ávila;05024 Becedas;Total;De 75 a 79 años;11
05 Ávila;05024 Becedas;Total;De 80 a 84 años;11
05 Ávila;05024 Becedas;Total;De 85 a 89 años;15
05 Ávila;05024 Becedas;Total;De 90 a 94 años;8
05 Ávila;05024 Becedas;Total;De 95 a 99 años;3
05 Ávila;05024 Becedas;Total;100 y más años;0
05 Ávila;05025 Becedillas;Total;De 65 a 69 años;10
05 Ávila;05025 Becedillas;Total;De 70 a 74 años;9
05 Ávila;05025 Becedillas;Total;De 75 a 79 años;4
05 Ávila;05025 Becedillas;Total;De 80 a 84 años;4
05 Ávila;05025 Becedillas;Total;De 85 a 89 años;4
05 Ávila;05025 Becedillas;Total;De 90 a 94 años;3
05 Ávila;05025 Becedillas;Total;De 95 a 99 años;0
05 Ávila;05025 Becedillas;Total;100 y más años;0
05 Ávila;05026 Bercial de Zapardiel;Total;De 65 a 69 años;13
05 Ávila;05026 Bercial de Zapardiel;Total;De 70 a 74 años;11
05 Ávila;05026 Bercial de Zapardiel;Total;De 75 a 79 años;19
05 Ávila;05026 Bercial de Zapardiel;Total;De 80 a 84 años;10
05 Ávila;05026 Bercial de Zapardiel;Total;De 85 a 89 años;11
05 Ávila;05026 Bercial de Zapardiel;Total;De 90 a 94 años;8
05 Ávila;05026 Bercial de Zapardiel;Total;De 95 a 99 años;1
05 Ávila;05026 Bercial de Zapardiel;Total;100 y más años;1
05 Ávila;05027 Berlanas, Las;Total;De 65 a 69 años;28
05 Ávila;05027 Berlanas, Las;Total;De 70 a 74 años;16
05 Ávila;05027 Berlanas, Las;Total;De 75 a 79 años;17
05 Ávila;05027 Berlanas, Las;Total;De 80 a 84 años;19
05 Ávila;05027 Berlanas, Las;Total;De 85 a 89 años;12
05 Ávila;05027 Berlanas, Las;Total;De 90 a 94 años;12
05 Ávila;05027 Berlanas, Las;Total;De 95 a 99 años;2
05 Ávila;05027 Berlanas, Las;Total;100 y más años;0
05 Ávila;05029 Bernuy-Zapardiel;Total;De 65 a 69 años;8
05 Ávila;05029 Bernuy-Zapardiel;Total;De 70 a 74 años;6
05 Ávila;05029 Bernuy-Zapardiel;Total;De 75 a 79 años;7
05 Ávila;05029 Bernuy-Zapardiel;Total;De 80 a 84 años;6
05 Ávila;05029 Bernuy-Zapardiel;Total;De 85 a 89 años;3
05 Ávila;05029 Bernuy-Zapardiel;Total;De 90 a 94 años;6
05 Ávila;05029 Bernuy-Zapardiel;Total;De 95 a 99 años;1
05 Ávila;05029 Bernuy-Zapardiel;Total;100 y más años;1
05 Ávila;05030 Berrocalejo de Aragona;Total;De 65 a 69 años;6
05 Ávila;05030 Berrocalejo de Aragona;Total;De 70 a 74 años;1
05 Ávila;05030 Berrocalejo de Aragona;Total;De 75 a 79 años;2
05 Ávila;05030 Berrocalejo de Aragona;Total;De 80 a 84 años;2
05 Ávila;05030 Berrocalejo de Aragona;Total;De 85 a 89 años;5
05 Ávila;05030 Berrocalejo de Aragona;Total;De 90 a 94 años;0
05 Ávila;05030 Berrocalejo de Aragona;Total;De 95 a 99 años;0
05 Ávila;05030 Berrocalejo de Aragona;Total;100 y más años;0
05 Ávila;05033 Blascomillán;Total;De 65 a 69 años;20
05 Ávila;05033 Blascomillán;Total;De 70 a 74 años;12
05 Ávila;05033 Blascomillán;Total;De 75 a 79 años;7
05 Ávila;05033 Blascomillán;Total;De 80 a 84 años;12
05 Ávila;05033 Blascomillán;Total;De 85 a 89 años;13
05 Ávila;05033 Blascomillán;Total;De 90 a 94 años;5
05 Ávila;05033 Blascomillán;Total;De 95 a 99 años;2
05 Ávila;05033 Blascomillán;Total;100 y más años;1
05 Ávila;05034 Blasconuño de Matacabras;Total;De 65 a 69 años;3
05 Ávila;05034 Blasconuño de Matacabras;Total;De 70 a 74 años;5
05 Ávila;05034 Blasconuño de Matacabras;Total;De 75 a 79 años;2
05 Ávila;05034 Blasconuño de Matacabras;Total;De 80 a 84 años;0
05 Ávila;05034 Blasconuño de Matacabras;Total;De 85 a 89 años;0
05 Ávila;05034 Blasconuño de Matacabras;Total;De 90 a 94 años;0
05 Ávila;05034 Blasconuño de Matacabras;Total;De 95 a 99 años;0
05 Ávila;05034 Blasconuño de Matacabras;Total;100 y más años;0
05 Ávila;05035 Blascosancho;Total;De 65 a 69 años;7
05 Ávila;05035 Blascosancho;Total;De 70 a 74 años;5
05 Ávila;05035 Blascosancho;Total;De 75 a 79 años;4
05 Ávila;05035 Blascosancho;Total;De 80 a 84 años;8
05 Ávila;05035 Blascosancho;Total;De 85 a 89 años;4
05 Ávila;05035 Blascosancho;Total;De 90 a 94 años;0
05 Ávila;05035 Blascosancho;Total;De 95 a 99 años;3
05 Ávila;05035 Blascosancho;Total;100 y más años;0
05 Ávila;05036 Bohodón, El;Total;De 65 a 69 años;16
05 Ávila;05036 Bohodón, El;Total;De 70 a 74 años;3
05 Ávila;05036 Bohodón, El;Total;De 75 a 79 años;5
05 Ávila;05036 Bohodón, El;Total;De 80 a 84 años;4
05 Ávila;05036 Bohodón, El;Total;De 85 a 89 años;11
05 Ávila;05036 Bohodón, El;Total;De 90 a 94 años;2
05 Ávila;05036 Bohodón, El;Total;De 95 a 99 años;2
05 Ávila;05036 Bohodón, El;Total;100 y más años;0
05 Ávila;05037 Bohoyo;Total;De 65 a 69 años;16
05 Ávila;05037 Bohoyo;Total;De 70 a 74 años;17
05 Ávila;05037 Bohoyo;Total;De 75 a 79 años;15
05 Ávila;05037 Bohoyo;Total;De 80 a 84 años;19
05 Ávila;05037 Bohoyo;Total;De 85 a 89 años;9
05 Ávila;05037 Bohoyo;Total;De 90 a 94 años;17
05 Ávila;05037 Bohoyo;Total;De 95 a 99 años;3
05 Ávila;05037 Bohoyo;Total;100 y más años;1
05 Ávila;05038 Bonilla de la Sierra;Total;De 65 a 69 años;15
05 Ávila;05038 Bonilla de la Sierra;Total;De 70 a 74 años;13
05 Ávila;05038 Bonilla de la Sierra;Total;De 75 a 79 años;7
05 Ávila;05038 Bonilla de la Sierra;Total;De 80 a 84 años;4
05 Ávila;05038 Bonilla de la Sierra;Total;De 85 a 89 años;9
05 Ávila;05038 Bonilla de la Sierra;Total;De 90 a 94 años;6
05 Ávila;05038 Bonilla de la Sierra;Total;De 95 a 99 años;2
05 Ávila;05038 Bonilla de la Sierra;Total;100 y más años;1
05 Ávila;05039 Brabos;Total;De 65 a 69 años;3
05 Ávila;05039 Brabos;Total;De 70 a 74 años;2
05 Ávila;05039 Brabos;Total;De 75 a 79 años;4
05 Ávila;05039 Brabos;Total;De 80 a 84 años;4
05 Ávila;05039 Brabos;Total;De 85 a 89 años;0
05 Ávila;05039 Brabos;Total;De 90 a 94 años;2
05 Ávila;05039 Brabos;Total;De 95 a 99 años;3
05 Ávila;05039 Brabos;Total;100 y más años;0
05 Ávila;05040 Bularros;Total;De 65 a 69 años;3
05 Ávila;05040 Bularros;Total;De 70 a 74 años;4
05 Ávila;05040 Bularros;Total;De 75 a 79 años;5
05 Ávila;05040 Bularros;Total;De 80 a 84 años;1
05 Ávila;05040 Bularros;Total;De 85 a 89 años;8
05 Ávila;05040 Bularros;Total;De 90 a 94 años;4
05 Ávila;05040 Bularros;Total;De 95 a 99 años;0
05 Ávila;05040 Bularros;Total;100 y más años;1
05 Ávila;05041 Burgohondo;Total;De 65 a 69 años;96
05 Ávila;05041 Burgohondo;Total;De 70 a 74 años;83
05 Ávila;05041 Burgohondo;Total;De 75 a 79 años;71
05 Ávila;05041 Burgohondo;Total;De 80 a 84 años;63
05 Ávila;05041 Burgohondo;Total;De 85 a 89 años;44
05 Ávila;05041 Burgohondo;Total;De 90 a 94 años;30
05 Ávila;05041 Burgohondo;Total;De 95 a 99 años;6
05 Ávila;05041 Burgohondo;Total;100 y más años;3
05 Ávila;05042 Cabezas de Alambre;Total;De 65 a 69 años;10
05 Ávila;05042 Cabezas de Alambre;Total;De 70 a 74 años;13
05 Ávila;05042 Cabezas de Alambre;Total;De 75 a 79 años;10
05 Ávila;05042 Cabezas de Alambre;Total;De 80 a 84 años;10
05 Ávila;05042 Cabezas de Alambre;Total;De 85 a 89 años;10
05 Ávila;05042 Cabezas de Alambre;Total;De 90 a 94 años;6
05 Ávila;05042 Cabezas de Alambre;Total;De 95 a 99 años;1
05 Ávila;05042 Cabezas de Alambre;Total;100 y más años;0
05 Ávila;05043 Cabezas del Pozo;Total;De 65 a 69 años;3
05 Ávila;05043 Cabezas del Pozo;Total;De 70 a 74 años;9
05 Ávila;05043 Cabezas del Pozo;Total;De 75 a 79 años;3
05 Ávila;05043 Cabezas del Pozo;Total;De 80 a 84 años;10
05 Ávila;05043 Cabezas del Pozo;Total;De 85 a 89 años;9
05 Ávila;05043 Cabezas del Pozo;Total;De 90 a 94 años;2
05 Ávila;05043 Cabezas del Pozo;Total;De 95 a 99 años;0
05 Ávila;05043 Cabezas del Pozo;Total;100 y más años;0
05 Ávila;05044 Cabezas del Villar;Total;De 65 a 69 años;18
05 Ávila;05044 Cabezas del Villar;Total;De 70 a 74 años;10
05 Ávila;05044 Cabezas del Villar;Total;De 75 a 79 años;14
05 Ávila;05044 Cabezas del Villar;Total;De 80 a 84 años;25
05 Ávila;05044 Cabezas del Villar;Total;De 85 a 89 años;18
05 Ávila;05044 Cabezas del Villar;Total;De 90 a 94 años;9
05 Ávila;05044 Cabezas del Villar;Total;De 95 a 99 años;6
05 Ávila;05044 Cabezas del Villar;Total;100 y más años;0
05 Ávila;05045 Cabizuela;Total;De 65 a 69 años;4
05 Ávila;05045 Cabizuela;Total;De 70 a 74 años;6
05 Ávila;05045 Cabizuela;Total;De 75 a 79 años;4
05 Ávila;05045 Cabizuela;Total;De 80 a 84 años;4
05 Ávila;05045 Cabizuela;Total;De 85 a 89 años;6
05 Ávila;05045 Cabizuela;Total;De 90 a 94 años;5
05 Ávila;05045 Cabizuela;Total;De 95 a 99 años;1
05 Ávila;05045 Cabizuela;Total;100 y más años;0
05 Ávila;05046 Canales;Total;De 65 a 69 años;1
05 Ávila;05046 Canales;Total;De 70 a 74 años;2
05 Ávila;05046 Canales;Total;De 75 a 79 años;3
05 Ávila;05046 Canales;Total;De 80 a 84 años;2
05 Ávila;05046 Canales;Total;De 85 a 89 años;2
05 Ávila;05046 Canales;Total;De 90 a 94 años;0
05 Ávila;05046 Canales;Total;De 95 a 99 años;0
05 Ávila;05046 Canales;Total;100 y más años;0
05 Ávila;05047 Candeleda;Total;De 65 a 69 años;366
05 Ávila;05047 Candeleda;Total;De 70 a 74 años;294
05 Ávila;05047 Candeleda;Total;De 75 a 79 años;245
05 Ávila;05047 Candeleda;Total;De 80 a 84 años;222
05 Ávila;05047 Candeleda;Total;De 85 a 89 años;123
05 Ávila;05047 Candeleda;Total;De 90 a 94 años;96
05 Ávila;05047 Candeleda;Total;De 95 a 99 años;29
05 Ávila;05047 Candeleda;Total;100 y más años;4
05 Ávila;05048 Cantiveros;Total;De 65 a 69 años;12
05 Ávila;05048 Cantiveros;Total;De 70 a 74 años;10
05 Ávila;05048 Cantiveros;Total;De 75 a 79 años;7
05 Ávila;05048 Cantiveros;Total;De 80 a 84 años;7
05 Ávila;05048 Cantiveros;Total;De 85 a 89 años;6
05 Ávila;05048 Cantiveros;Total;De 90 a 94 años;2
05 Ávila;05048 Cantiveros;Total;De 95 a 99 años;1
05 Ávila;05048 Cantiveros;Total;100 y más años;0
05 Ávila;05049 Cardeñosa;Total;De 65 a 69 años;28
05 Ávila;05049 Cardeñosa;Total;De 70 a 74 años;28
05 Ávila;05049 Cardeñosa;Total;De 75 a 79 años;18
05 Ávila;05049 Cardeñosa;Total;De 80 a 84 años;23
05 Ávila;05049 Cardeñosa;Total;De 85 a 89 años;16
05 Ávila;05049 Cardeñosa;Total;De 90 a 94 años;9
05 Ávila;05049 Cardeñosa;Total;De 95 a 99 años;2
05 Ávila;05049 Cardeñosa;Total;100 y más años;0
05 Ávila;05051 Carrera, La;Total;De 65 a 69 años;12
05 Ávila;05051 Carrera, La;Total;De 70 a 74 años;12
05 Ávila;05051 Carrera, La;Total;De 75 a 79 años;21
05 Ávila;05051 Carrera, La;Total;De 80 a 84 años;9
05 Ávila;05051 Carrera, La;Total;De 85 a 89 años;4
05 Ávila;05051 Carrera, La;Total;De 90 a 94 años;4
05 Ávila;05051 Carrera, La;Total;De 95 a 99 años;1
05 Ávila;05051 Carrera, La;Total;100 y más años;0
05 Ávila;05052 Casas del Puerto;Total;De 65 a 69 años;7
05 Ávila;05052 Casas del Puerto;Total;De 70 a 74 años;8
05 Ávila;05052 Casas del Puerto;Total;De 75 a 79 años;8
05 Ávila;05052 Casas del Puerto;Total;De 80 a 84 años;6
05 Ávila;05052 Casas del Puerto;Total;De 85 a 89 años;3
05 Ávila;05052 Casas del Puerto;Total;De 90 a 94 años;3
05 Ávila;05052 Casas del Puerto;Total;De 95 a 99 años;0
05 Ávila;05052 Casas del Puerto;Total;100 y más años;2
05 Ávila;05053 Casasola;Total;De 65 a 69 años;7
05 Ávila;05053 Casasola;Total;De 70 a 74 años;5
05 Ávila;05053 Casasola;Total;De 75 a 79 años;5
05 Ávila;05053 Casasola;Total;De 80 a 84 años;10
05 Ávila;05053 Casasola;Total;De 85 a 89 años;7
05 Ávila;05053 Casasola;Total;De 90 a 94 años;4
05 Ávila;05053 Casasola;Total;De 95 a 99 años;2
05 Ávila;05053 Casasola;Total;100 y más años;0
05 Ávila;05054 Casavieja;Total;De 65 a 69 años;123
05 Ávila;05054 Casavieja;Total;De 70 a 74 años;83
05 Ávila;05054 Casavieja;Total;De 75 a 79 años;73
05 Ávila;05054 Casavieja;Total;De 80 a 84 años;48
05 Ávila;05054 Casavieja;Total;De 85 a 89 años;42
05 Ávila;05054 Casavieja;Total;De 90 a 94 años;36
05 Ávila;05054 Casavieja;Total;De 95 a 99 años;9
05 Ávila;05054 Casavieja;Total;100 y más años;1
05 Ávila;05055 Casillas;Total;De 65 a 69 años;60
05 Ávila;05055 Casillas;Total;De 70 a 74 años;39
05 Ávila;05055 Casillas;Total;De 75 a 79 años;42
05 Ávila;05055 Casillas;Total;De 80 a 84 años;35
05 Ávila;05055 Casillas;Total;De 85 a 89 años;23
05 Ávila;05055 Casillas;Total;De 90 a 94 años;16
05 Ávila;05055 Casillas;Total;De 95 a 99 años;6
05 Ávila;05055 Casillas;Total;100 y más años;1
05 Ávila;05056 Castellanos de Zapardiel;Total;De 65 a 69 años;12
05 Ávila;05056 Castellanos de Zapardiel;Total;De 70 a 74 años;5
05 Ávila;05056 Castellanos de Zapardiel;Total;De 75 a 79 años;5
05 Ávila;05056 Castellanos de Zapardiel;Total;De 80 a 84 años;6
05 Ávila;05056 Castellanos de Zapardiel;Total;De 85 a 89 años;5
05 Ávila;05056 Castellanos de Zapardiel;Total;De 90 a 94 años;3
05 Ávila;05056 Castellanos de Zapardiel;Total;De 95 a 99 años;2
05 Ávila;05056 Castellanos de Zapardiel;Total;100 y más años;0
05 Ávila;05057 Cebreros;Total;De 65 a 69 años;195
05 Ávila;05057 Cebreros;Total;De 70 a 74 años;179
05 Ávila;05057 Cebreros;Total;De 75 a 79 años;168
05 Ávila;05057 Cebreros;Total;De 80 a 84 años;142
05 Ávila;05057 Cebreros;Total;De 85 a 89 años;82
05 Ávila;05057 Cebreros;Total;De 90 a 94 años;67
05 Ávila;05057 Cebreros;Total;De 95 a 99 años;10
05 Ávila;05057 Cebreros;Total;100 y más años;2
05 Ávila;05058 Cepeda la Mora;Total;De 65 a 69 años;4
05 Ávila;05058 Cepeda la Mora;Total;De 70 a 74 años;7
05 Ávila;05058 Cepeda la Mora;Total;De 75 a 79 años;4
05 Ávila;05058 Cepeda la Mora;Total;De 80 a 84 años;3
05 Ávila;05058 Cepeda la Mora;Total;De 85 a 89 años;1
05 Ávila;05058 Cepeda la Mora;Total;De 90 a 94 años;2
05 Ávila;05058 Cepeda la Mora;Total;De 95 a 99 años;1
05 Ávila;05058 Cepeda la Mora;Total;100 y más años;0
05 Ávila;05059 Cillán;Total;De 65 a 69 años;7
05 Ávila;05059 Cillán;Total;De 70 a 74 años;5
05 Ávila;05059 Cillán;Total;De 75 a 79 años;8
05 Ávila;05059 Cillán;Total;De 80 a 84 años;3
05 Ávila;05059 Cillán;Total;De 85 a 89 años;5
05 Ávila;05059 Cillán;Total;De 90 a 94 años;3
05 Ávila;05059 Cillán;Total;De 95 a 99 años;2
05 Ávila;05059 Cillán;Total;100 y más años;1
05 Ávila;05060 Cisla;Total;De 65 a 69 años;4
05 Ávila;05060 Cisla;Total;De 70 a 74 años;10
05 Ávila;05060 Cisla;Total;De 75 a 79 años;2
05 Ávila;05060 Cisla;Total;De 80 a 84 años;8
05 Ávila;05060 Cisla;Total;De 85 a 89 años;5
05 Ávila;05060 Cisla;Total;De 90 a 94 años;8
05 Ávila;05060 Cisla;Total;De 95 a 99 años;4
05 Ávila;05060 Cisla;Total;100 y más años;0
05 Ávila;05061 Colilla, La;Total;De 65 a 69 años;14
05 Ávila;05061 Colilla, La;Total;De 70 a 74 años;10
05 Ávila;05061 Colilla, La;Total;De 75 a 79 años;9
05 Ávila;05061 Colilla, La;Total;De 80 a 84 años;10
05 Ávila;05061 Colilla, La;Total;De 85 a 89 años;3
05 Ávila;05061 Colilla, La;Total;De 90 a 94 años;11
05 Ávila;05061 Colilla, La;Total;De 95 a 99 años;0
05 Ávila;05061 Colilla, La;Total;100 y más años;1
05 Ávila;05062 Collado de Contreras;Total;De 65 a 69 años;18
05 Ávila;05062 Collado de Contreras;Total;De 70 a 74 años;16
05 Ávila;05062 Collado de Contreras;Total;De 75 a 79 años;5
05 Ávila;05062 Collado de Contreras;Total;De 80 a 84 años;8
05 Ávila;05062 Collado de Contreras;Total;De 85 a 89 años;11
05 Ávila;05062 Collado de Contreras;Total;De 90 a 94 años;5
05 Ávila;05062 Collado de Contreras;Total;De 95 a 99 años;1
05 Ávila;05062 Collado de Contreras;Total;100 y más años;0
05 Ávila;05063 Collado del Mirón;Total;De 65 a 69 años;1
05 Ávila;05063 Collado del Mirón;Total;De 70 a 74 años;1
05 Ávila;05063 Collado del Mirón;Total;De 75 a 79 años;0
05 Ávila;05063 Collado del Mirón;Total;De 80 a 84 años;0
05 Ávila;05063 Collado del Mirón;Total;De 85 a 89 años;5
05 Ávila;05063 Collado del Mirón;Total;De 90 a 94 años;4
05 Ávila;05063 Collado del Mirón;Total;De 95 a 99 años;0
05 Ávila;05063 Collado del Mirón;Total;100 y más años;0
05 Ávila;05064 Constanzana;Total;De 65 a 69 años;13
05 Ávila;05064 Constanzana;Total;De 70 a 74 años;5
05 Ávila;05064 Constanzana;Total;De 75 a 79 años;8
05 Ávila;05064 Constanzana;Total;De 80 a 84 años;7
05 Ávila;05064 Constanzana;Total;De 85 a 89 años;7
05 Ávila;05064 Constanzana;Total;De 90 a 94 años;5
05 Ávila;05064 Constanzana;Total;De 95 a 99 años;1
05 Ávila;05064 Constanzana;Total;100 y más años;1
05 Ávila;05065 Crespos;Total;De 65 a 69 años;37
05 Ávila;05065 Crespos;Total;De 70 a 74 años;34
05 Ávila;05065 Crespos;Total;De 75 a 79 años;18
05 Ávila;05065 Crespos;Total;De 80 a 84 años;15
05 Ávila;05065 Crespos;Total;De 85 a 89 años;22
05 Ávila;05065 Crespos;Total;De 90 a 94 años;29
05 Ávila;05065 Crespos;Total;De 95 a 99 años;4
05 Ávila;05065 Crespos;Total;100 y más años;0
05 Ávila;05066 Cuevas del Valle;Total;De 65 a 69 años;46
05 Ávila;05066 Cuevas del Valle;Total;De 70 a 74 años;38
05 Ávila;05066 Cuevas del Valle;Total;De 75 a 79 años;37
05 Ávila;05066 Cuevas del Valle;Total;De 80 a 84 años;24
05 Ávila;05066 Cuevas del Valle;Total;De 85 a 89 años;17
05 Ávila;05066 Cuevas del Valle;Total;De 90 a 94 años;4
05 Ávila;05066 Cuevas del Valle;Total;De 95 a 99 años;5
05 Ávila;05066 Cuevas del Valle;Total;100 y más años;0
05 Ávila;05067 Chamartín;Total;De 65 a 69 años;5
05 Ávila;05067 Chamartín;Total;De 70 a 74 años;0
05 Ávila;05067 Chamartín;Total;De 75 a 79 años;2
05 Ávila;05067 Chamartín;Total;De 80 a 84 años;0
05 Ávila;05067 Chamartín;Total;De 85 a 89 años;5
05 Ávila;05067 Chamartín;Total;De 90 a 94 años;2
05 Ávila;05067 Chamartín;Total;De 95 a 99 años;0
05 Ávila;05067 Chamartín;Total;100 y más años;0
05 Ávila;05069 Donjimeno;Total;De 65 a 69 años;6
05 Ávila;05069 Donjimeno;Total;De 70 a 74 años;13
05 Ávila;05069 Donjimeno;Total;De 75 a 79 años;7
05 Ávila;05069 Donjimeno;Total;De 80 a 84 años;5
05 Ávila;05069 Donjimeno;Total;De 85 a 89 años;0
05 Ávila;05069 Donjimeno;Total;De 90 a 94 años;1
05 Ávila;05069 Donjimeno;Total;De 95 a 99 años;0
05 Ávila;05069 Donjimeno;Total;100 y más años;0
05 Ávila;05070 Donvidas;Total;De 65 a 69 años;6
05 Ávila;05070 Donvidas;Total;De 70 a 74 años;5
05 Ávila;05070 Donvidas;Total;De 75 a 79 años;2
05 Ávila;05070 Donvidas;Total;De 80 a 84 años;0
05 Ávila;05070 Donvidas;Total;De 85 a 89 años;0
05 Ávila;05070 Donvidas;Total;De 90 a 94 años;1
05 Ávila;05070 Donvidas;Total;De 95 a 99 años;0
05 Ávila;05070 Donvidas;Total;100 y más años;0
05 Ávila;05072 Espinosa de los Caballeros;Total;De 65 a 69 años;6
05 Ávila;05072 Espinosa de los Caballeros;Total;De 70 a 74 años;4
05 Ávila;05072 Espinosa de los Caballeros;Total;De 75 a 79 años;5
05 Ávila;05072 Espinosa de los Caballeros;Total;De 80 a 84 años;5
05 Ávila;05072 Espinosa de los Caballeros;Total;De 85 a 89 años;4
05 Ávila;05072 Espinosa de los Caballeros;Total;De 90 a 94 años;2
05 Ávila;05072 Espinosa de los Caballeros;Total;De 95 a 99 años;2
05 Ávila;05072 Espinosa de los Caballeros;Total;100 y más años;0
05 Ávila;05073 Flores de Ávila;Total;De 65 a 69 años;28
05 Ávila;05073 Flores de Ávila;Total;De 70 a 74 años;22
05 Ávila;05073 Flores de Ávila;Total;De 75 a 79 años;12
05 Ávila;05073 Flores de Ávila;Total;De 80 a 84 años;16
05 Ávila;05073 Flores de Ávila;Total;De 85 a 89 años;14
05 Ávila;05073 Flores de Ávila;Total;De 90 a 94 años;8
05 Ávila;05073 Flores de Ávila;Total;De 95 a 99 años;4
05 Ávila;05073 Flores de Ávila;Total;100 y más años;1
05 Ávila;05074 Fontiveros;Total;De 65 a 69 años;59
05 Ávila;05074 Fontiveros;Total;De 70 a 74 años;48
05 Ávila;05074 Fontiveros;Total;De 75 a 79 años;43
05 Ávila;05074 Fontiveros;Total;De 80 a 84 años;38
05 Ávila;05074 Fontiveros;Total;De 85 a 89 años;38
05 Ávila;05074 Fontiveros;Total;De 90 a 94 años;31
05 Ávila;05074 Fontiveros;Total;De 95 a 99 años;5
05 Ávila;05074 Fontiveros;Total;100 y más años;1
05 Ávila;05075 Fresnedilla;Total;De 65 a 69 años;4
05 Ávila;05075 Fresnedilla;Total;De 70 a 74 años;8
05 Ávila;05075 Fresnedilla;Total;De 75 a 79 años;7
05 Ávila;05075 Fresnedilla;Total;De 80 a 84 años;5
05 Ávila;05075 Fresnedilla;Total;De 85 a 89 años;6
05 Ávila;05075 Fresnedilla;Total;De 90 a 94 años;10
05 Ávila;05075 Fresnedilla;Total;De 95 a 99 años;4
05 Ávila;05075 Fresnedilla;Total;100 y más años;1
05 Ávila;05076 Fresno, El;Total;De 65 a 69 años;27
05 Ávila;05076 Fresno, El;Total;De 70 a 74 años;20
05 Ávila;05076 Fresno, El;Total;De 75 a 79 años;26
05 Ávila;05076 Fresno, El;Total;De 80 a 84 años;24
05 Ávila;05076 Fresno, El;Total;De 85 a 89 años;11
05 Ávila;05076 Fresno, El;Total;De 90 a 94 años;11
05 Ávila;05076 Fresno, El;Total;De 95 a 99 años;1
05 Ávila;05076 Fresno, El;Total;100 y más años;1
05 Ávila;05077 Fuente el Saúz;Total;De 65 a 69 años;9
05 Ávila;05077 Fuente el Saúz;Total;De 70 a 74 años;14
05 Ávila;05077 Fuente el Saúz;Total;De 75 a 79 años;13
05 Ávila;05077 Fuente el Saúz;Total;De 80 a 84 años;15
05 Ávila;05077 Fuente el Saúz;Total;De 85 a 89 años;6
05 Ávila;05077 Fuente el Saúz;Total;De 90 a 94 años;3
05 Ávila;05077 Fuente el Saúz;Total;De 95 a 99 años;2
05 Ávila;05077 Fuente el Saúz;Total;100 y más años;0
05 Ávila;05078 Fuentes de Año;Total;De 65 a 69 años;13
05 Ávila;05078 Fuentes de Año;Total;De 70 a 74 años;18
05 Ávila;05078 Fuentes de Año;Total;De 75 a 79 años;9
05 Ávila;05078 Fuentes de Año;Total;De 80 a 84 años;3
05 Ávila;05078 Fuentes de Año;Total;De 85 a 89 años;1
05 Ávila;05078 Fuentes de Año;Total;De 90 a 94 años;4
05 Ávila;05078 Fuentes de Año;Total;De 95 a 99 años;1
05 Ávila;05078 Fuentes de Año;Total;100 y más años;0
05 Ávila;05079 Gallegos de Altamiros;Total;De 65 a 69 años;8
05 Ávila;05079 Gallegos de Altamiros;Total;De 70 a 74 años;10
05 Ávila;05079 Gallegos de Altamiros;Total;De 75 a 79 años;4
05 Ávila;05079 Gallegos de Altamiros;Total;De 80 a 84 años;0
05 Ávila;05079 Gallegos de Altamiros;Total;De 85 a 89 años;0
05 Ávila;05079 Gallegos de Altamiros;Total;De 90 a 94 años;2
05 Ávila;05079 Gallegos de Altamiros;Total;De 95 a 99 años;0
05 Ávila;05079 Gallegos de Altamiros;Total;100 y más años;0
05 Ávila;05080 Gallegos de Sobrinos;Total;De 65 a 69 años;3
05 Ávila;05080 Gallegos de Sobrinos;Total;De 70 a 74 años;2
05 Ávila;05080 Gallegos de Sobrinos;Total;De 75 a 79 años;4
05 Ávila;05080 Gallegos de Sobrinos;Total;De 80 a 84 años;5
05 Ávila;05080 Gallegos de Sobrinos;Total;De 85 a 89 años;3
05 Ávila;05080 Gallegos de Sobrinos;Total;De 90 a 94 años;3
05 Ávila;05080 Gallegos de Sobrinos;Total;De 95 a 99 años;0
05 Ávila;05080 Gallegos de Sobrinos;Total;100 y más años;1
05 Ávila;05081 Garganta del Villar;Total;De 65 a 69 años;2
05 Ávila;05081 Garganta del Villar;Total;De 70 a 74 años;0
05 Ávila;05081 Garganta del Villar;Total;De 75 a 79 años;3
05 Ávila;05081 Garganta del Villar;Total;De 80 a 84 años;5
05 Ávila;05081 Garganta del Villar;Total;De 85 a 89 años;2
05 Ávila;05081 Garganta del Villar;Total;De 90 a 94 años;0
05 Ávila;05081 Garganta del Villar;Total;De 95 a 99 años;1
05 Ávila;05081 Garganta del Villar;Total;100 y más años;0
05 Ávila;05082 Gavilanes;Total;De 65 a 69 años;48
05 Ávila;05082 Gavilanes;Total;De 70 a 74 años;37
05 Ávila;05082 Gavilanes;Total;De 75 a 79 años;46
05 Ávila;05082 Gavilanes;Total;De 80 a 84 años;35
05 Ávila;05082 Gavilanes;Total;De 85 a 89 años;22
05 Ávila;05082 Gavilanes;Total;De 90 a 94 años;11
05 Ávila;05082 Gavilanes;Total;De 95 a 99 años;0
05 Ávila;05082 Gavilanes;Total;100 y más años;0
05 Ávila;05083 Gemuño;Total;De 65 a 69 años;14
05 Ávila;05083 Gemuño;Total;De 70 a 74 años;11
05 Ávila;05083 Gemuño;Total;De 75 a 79 años;10
05 Ávila;05083 Gemuño;Total;De 80 a 84 años;14
05 Ávila;05083 Gemuño;Total;De 85 a 89 años;6
05 Ávila;05083 Gemuño;Total;De 90 a 94 años;2
05 Ávila;05083 Gemuño;Total;De 95 a 99 años;0
05 Ávila;05083 Gemuño;Total;100 y más años;0
05 Ávila;05084 Gilbuena;Total;De 65 a 69 años;4
05 Ávila;05084 Gilbuena;Total;De 70 a 74 años;2
05 Ávila;05084 Gilbuena;Total;De 75 a 79 años;1
05 Ávila;05084 Gilbuena;Total;De 80 a 84 años;4
05 Ávila;05084 Gilbuena;Total;De 85 a 89 años;8
05 Ávila;05084 Gilbuena;Total;De 90 a 94 años;4
05 Ávila;05084 Gilbuena;Total;De 95 a 99 años;2
05 Ávila;05084 Gilbuena;Total;100 y más años;1
05 Ávila;05085 Gil García;Total;De 65 a 69 años;0
05 Ávila;05085 Gil García;Total;De 70 a 74 años;4
05 Ávila;05085 Gil García;Total;De 75 a 79 años;5
05 Ávila;05085 Gil García;Total;De 80 a 84 años;2
05 Ávila;05085 Gil García;Total;De 85 a 89 años;5
05 Ávila;05085 Gil García;Total;De 90 a 94 años;0
05 Ávila;05085 Gil García;Total;De 95 a 99 años;0
05 Ávila;05085 Gil García;Total;100 y más años;0
05 Ávila;05086 Gimialcón;Total;De 65 a 69 años;4
05 Ávila;05086 Gimialcón;Total;De 70 a 74 años;6
05 Ávila;05086 Gimialcón;Total;De 75 a 79 años;8
05 Ávila;05086 Gimialcón;Total;De 80 a 84 años;2
05 Ávila;05086 Gimialcón;Total;De 85 a 89 años;5
05 Ávila;05086 Gimialcón;Total;De 90 a 94 años;3
05 Ávila;05086 Gimialcón;Total;De 95 a 99 años;2
05 Ávila;05086 Gimialcón;Total;100 y más años;0
05 Ávila;05087 Gotarrendura;Total;De 65 a 69 años;14
05 Ávila;05087 Gotarrendura;Total;De 70 a 74 años;17
05 Ávila;05087 Gotarrendura;Total;De 75 a 79 años;7
05 Ávila;05087 Gotarrendura;Total;De 80 a 84 años;6
05 Ávila;05087 Gotarrendura;Total;De 85 a 89 años;8
05 Ávila;05087 Gotarrendura;Total;De 90 a 94 años;6
05 Ávila;05087 Gotarrendura;Total;De 95 a 99 años;3
05 Ávila;05087 Gotarrendura;Total;100 y más años;0
05 Ávila;05088 Grandes y San Martín;Total;De 65 a 69 años;2
05 Ávila;05088 Grandes y San Martín;Total;De 70 a 74 años;2
05 Ávila;05088 Grandes y San Martín;Total;De 75 a 79 años;1
05 Ávila;05088 Grandes y San Martín;Total;De 80 a 84 años;3
05 Ávila;05088 Grandes y San Martín;Total;De 85 a 89 años;1
05 Ávila;05088 Grandes y San Martín;Total;De 90 a 94 años;1
05 Ávila;05088 Grandes y San Martín;Total;De 95 a 99 años;0
05 Ávila;05088 Grandes y San Martín;Total;100 y más años;0
05 Ávila;05089 Guisando;Total;De 65 a 69 años;33
05 Ávila;05089 Guisando;Total;De 70 a 74 años;37
05 Ávila;05089 Guisando;Total;De 75 a 79 años;23
05 Ávila;05089 Guisando;Total;De 80 a 84 años;22
05 Ávila;05089 Guisando;Total;De 85 a 89 años;21
05 Ávila;05089 Guisando;Total;De 90 a 94 años;20
05 Ávila;05089 Guisando;Total;De 95 a 99 años;7
05 Ávila;05089 Guisando;Total;100 y más años;3
05 Ávila;05090 Gutierre-Muñoz;Total;De 65 a 69 años;4
05 Ávila;05090 Gutierre-Muñoz;Total;De 70 a 74 años;5
05 Ávila;05090 Gutierre-Muñoz;Total;De 75 a 79 años;7
05 Ávila;05090 Gutierre-Muñoz;Total;De 80 a 84 años;4
05 Ávila;05090 Gutierre-Muñoz;Total;De 85 a 89 años;3
05 Ávila;05090 Gutierre-Muñoz;Total;De 90 a 94 años;3
05 Ávila;05090 Gutierre-Muñoz;Total;De 95 a 99 años;1
05 Ávila;05090 Gutierre-Muñoz;Total;100 y más años;0
05 Ávila;05092 Hernansancho;Total;De 65 a 69 años;18
05 Ávila;05092 Hernansancho;Total;De 70 a 74 años;12
05 Ávila;05092 Hernansancho;Total;De 75 a 79 años;8
05 Ávila;05092 Hernansancho;Total;De 80 a 84 años;9
05 Ávila;05092 Hernansancho;Total;De 85 a 89 años;7
05 Ávila;05092 Hernansancho;Total;De 90 a 94 años;3
05 Ávila;05092 Hernansancho;Total;De 95 a 99 años;1
05 Ávila;05092 Hernansancho;Total;100 y más años;0
05 Ávila;05093 Herradón de Pinares;Total;De 65 a 69 años;46
05 Ávila;05093 Herradón de Pinares;Total;De 70 a 74 años;37
05 Ávila;05093 Herradón de Pinares;Total;De 75 a 79 años;21
05 Ávila;05093 Herradón de Pinares;Total;De 80 a 84 años;27
05 Ávila;05093 Herradón de Pinares;Total;De 85 a 89 años;6
05 Ávila;05093 Herradón de Pinares;Total;De 90 a 94 años;10
05 Ávila;05093 Herradón de Pinares;Total;De 95 a 99 años;3
05 Ávila;05093 Herradón de Pinares;Total;100 y más años;1
05 Ávila;05094 Herreros de Suso;Total;De 65 a 69 años;6
05 Ávila;05094 Herreros de Suso;Total;De 70 a 74 años;7
05 Ávila;05094 Herreros de Suso;Total;De 75 a 79 años;4
05 Ávila;05094 Herreros de Suso;Total;De 80 a 84 años;11
05 Ávila;05094 Herreros de Suso;Total;De 85 a 89 años;6
05 Ávila;05094 Herreros de Suso;Total;De 90 a 94 años;10
05 Ávila;05094 Herreros de Suso;Total;De 95 a 99 años;3
05 Ávila;05094 Herreros de Suso;Total;100 y más años;0
05 Ávila;05095 Higuera de las Dueñas;Total;De 65 a 69 años;30
05 Ávila;05095 Higuera de las Dueñas;Total;De 70 a 74 años;20
05 Ávila;05095 Higuera de las Dueñas;Total;De 75 a 79 años;7
05 Ávila;05095 Higuera de las Dueñas;Total;De 80 a 84 años;7
05 Ávila;05095 Higuera de las Dueñas;Total;De 85 a 89 años;7
05 Ávila;05095 Higuera de las Dueñas;Total;De 90 a 94 años;7
05 Ávila;05095 Higuera de las Dueñas;Total;De 95 a 99 años;1
05 Ávila;05095 Higuera de las Dueñas;Total;100 y más años;0
05 Ávila;05096 Hija de Dios, La;Total;De 65 a 69 años;11
05 Ávila;05096 Hija de Dios, La;Total;De 70 a 74 años;9
05 Ávila;05096 Hija de Dios, La;Total;De 75 a 79 años;5
05 Ávila;05096 Hija de Dios, La;Total;De 80 a 84 años;2
05 Ávila;05096 Hija de Dios, La;Total;De 85 a 89 años;2
05 Ávila;05096 Hija de Dios, La;Total;De 90 a 94 años;3
05 Ávila;05096 Hija de Dios, La;Total;De 95 a 99 años;2
05 Ávila;05096 Hija de Dios, La;Total;100 y más años;0
05 Ávila;05097 Horcajada, La;Total;De 65 a 69 años;38
05 Ávila;05097 Horcajada, La;Total;De 70 a 74 años;25
05 Ávila;05097 Horcajada, La;Total;De 75 a 79 años;34
05 Ávila;05097 Horcajada, La;Total;De 80 a 84 años;37
05 Ávila;05097 Horcajada, La;Total;De 85 a 89 años;20
05 Ávila;05097 Horcajada, La;Total;De 90 a 94 años;24
05 Ávila;05097 Horcajada, La;Total;De 95 a 99 años;3
05 Ávila;05097 Horcajada, La;Total;100 y más años;1
05 Ávila;05099 Horcajo de las Torres;Total;De 65 a 69 años;34
05 Ávila;05099 Horcajo de las Torres;Total;De 70 a 74 años;35
05 Ávila;05099 Horcajo de las Torres;Total;De 75 a 79 años;37
05 Ávila;05099 Horcajo de las Torres;Total;De 80 a 84 años;29
05 Ávila;05099 Horcajo de las Torres;Total;De 85 a 89 años;15
05 Ávila;05099 Horcajo de las Torres;Total;De 90 a 94 años;12
05 Ávila;05099 Horcajo de las Torres;Total;De 95 a 99 años;1
05 Ávila;05099 Horcajo de las Torres;Total;100 y más años;0
05 Ávila;05100 Hornillo, El;Total;De 65 a 69 años;19
05 Ávila;05100 Hornillo, El;Total;De 70 a 74 años;25
05 Ávila;05100 Hornillo, El;Total;De 75 a 79 años;23
05 Ávila;05100 Hornillo, El;Total;De 80 a 84 años;20
05 Ávila;05100 Hornillo, El;Total;De 85 a 89 años;14
05 Ávila;05100 Hornillo, El;Total;De 90 a 94 años;8
05 Ávila;05100 Hornillo, El;Total;De 95 a 99 años;4
05 Ávila;05100 Hornillo, El;Total;100 y más años;1
05 Ávila;05101 Hoyocasero;Total;De 65 a 69 años;35
05 Ávila;05101 Hoyocasero;Total;De 70 a 74 años;22
05 Ávila;05101 Hoyocasero;Total;De 75 a 79 años;28
05 Ávila;05101 Hoyocasero;Total;De 80 a 84 años;22
05 Ávila;05101 Hoyocasero;Total;De 85 a 89 años;6
05 Ávila;05101 Hoyocasero;Total;De 90 a 94 años;12
05 Ávila;05101 Hoyocasero;Total;De 95 a 99 años;0
05 Ávila;05101 Hoyocasero;Total;100 y más años;0
05 Ávila;05102 Hoyo de Pinares, El;Total;De 65 a 69 años;157
05 Ávila;05102 Hoyo de Pinares, El;Total;De 70 a 74 años;124
05 Ávila;05102 Hoyo de Pinares, El;Total;De 75 a 79 años;115
05 Ávila;05102 Hoyo de Pinares, El;Total;De 80 a 84 años;71
05 Ávila;05102 Hoyo de Pinares, El;Total;De 85 a 89 años;53
05 Ávila;05102 Hoyo de Pinares, El;Total;De 90 a 94 años;30
05 Ávila;05102 Hoyo de Pinares, El;Total;De 95 a 99 años;13
05 Ávila;05102 Hoyo de Pinares, El;Total;100 y más años;1
05 Ávila;05103 Hoyorredondo;Total;De 65 a 69 años;7
05 Ávila;05103 Hoyorredondo;Total;De 70 a 74 años;3
05 Ávila;05103 Hoyorredondo;Total;De 75 a 79 años;6
05 Ávila;05103 Hoyorredondo;Total;De 80 a 84 años;1
05 Ávila;05103 Hoyorredondo;Total;De 85 a 89 años;2
05 Ávila;05103 Hoyorredondo;Total;De 90 a 94 años;5
05 Ávila;05103 Hoyorredondo;Total;De 95 a 99 años;1
05 Ávila;05103 Hoyorredondo;Total;100 y más años;0
05 Ávila;05104 Hoyos del Collado;Total;De 65 a 69 años;4
05 Ávila;05104 Hoyos del Collado;Total;De 70 a 74 años;0
05 Ávila;05104 Hoyos del Collado;Total;De 75 a 79 años;3
05 Ávila;05104 Hoyos del Collado;Total;De 80 a 84 años;1
05 Ávila;05104 Hoyos del Collado;Total;De 85 a 89 años;2
05 Ávila;05104 Hoyos del Collado;Total;De 90 a 94 años;1
05 Ávila;05104 Hoyos del Collado;Total;De 95 a 99 años;1
05 Ávila;05104 Hoyos del Collado;Total;100 y más años;0
05 Ávila;05105 Hoyos del Espino;Total;De 65 a 69 años;27
05 Ávila;05105 Hoyos del Espino;Total;De 70 a 74 años;27
05 Ávila;05105 Hoyos del Espino;Total;De 75 a 79 años;26
05 Ávila;05105 Hoyos del Espino;Total;De 80 a 84 años;17
05 Ávila;05105 Hoyos del Espino;Total;De 85 a 89 años;12
05 Ávila;05105 Hoyos del Espino;Total;De 90 a 94 años;3
05 Ávila;05105 Hoyos del Espino;Total;De 95 a 99 años;1
05 Ávila;05105 Hoyos del Espino;Total;100 y más años;1
05 Ávila;05106 Hoyos de Miguel Muñoz;Total;De 65 a 69 años;1
05 Ávila;05106 Hoyos de Miguel Muñoz;Total;De 70 a 74 años;0
05 Ávila;05106 Hoyos de Miguel Muñoz;Total;De 75 a 79 años;2
05 Ávila;05106 Hoyos de Miguel Muñoz;Total;De 80 a 84 años;1
05 Ávila;05106 Hoyos de Miguel Muñoz;Total;De 85 a 89 años;2
05 Ávila;05106 Hoyos de Miguel Muñoz;Total;De 90 a 94 años;1
05 Ávila;05106 Hoyos de Miguel Muñoz;Total;De 95 a 99 años;1
05 Ávila;05106 Hoyos de Miguel Muñoz;Total;100 y más años;0
05 Ávila;05107 Hurtumpascual;Total;De 65 a 69 años;4
05 Ávila;05107 Hurtumpascual;Total;De 70 a 74 años;2
05 Ávila;05107 Hurtumpascual;Total;De 75 a 79 años;1
05 Ávila;05107 Hurtumpascual;Total;De 80 a 84 años;3
05 Ávila;05107 Hurtumpascual;Total;De 85 a 89 años;2
05 Ávila;05107 Hurtumpascual;Total;De 90 a 94 años;7
05 Ávila;05107 Hurtumpascual;Total;De 95 a 99 años;2
05 Ávila;05107 Hurtumpascual;Total;100 y más años;0
05 Ávila;05108 Junciana;Total;De 65 a 69 años;1
05 Ávila;05108 Junciana;Total;De 70 a 74 años;1
05 Ávila;05108 Junciana;Total;De 75 a 79 años;3
05 Ávila;05108 Junciana;Total;De 80 a 84 años;3
05 Ávila;05108 Junciana;Total;De 85 a 89 años;4
05 Ávila;05108 Junciana;Total;De 90 a 94 años;0
05 Ávila;05108 Junciana;Total;De 95 a 99 años;1
05 Ávila;05108 Junciana;Total;100 y más años;0
05 Ávila;05109 Langa;Total;De 65 a 69 años;39
05 Ávila;05109 Langa;Total;De 70 a 74 años;32
05 Ávila;05109 Langa;Total;De 75 a 79 años;21
05 Ávila;05109 Langa;Total;De 80 a 84 años;12
05 Ávila;05109 Langa;Total;De 85 a 89 años;12
05 Ávila;05109 Langa;Total;De 90 a 94 años;9
05 Ávila;05109 Langa;Total;De 95 a 99 años;3
05 Ávila;05109 Langa;Total;100 y más años;0
05 Ávila;05110 Lanzahíta;Total;De 65 a 69 años;58
05 Ávila;05110 Lanzahíta;Total;De 70 a 74 años;65
05 Ávila;05110 Lanzahíta;Total;De 75 a 79 años;53
05 Ávila;05110 Lanzahíta;Total;De 80 a 84 años;38
05 Ávila;05110 Lanzahíta;Total;De 85 a 89 años;27
05 Ávila;05110 Lanzahíta;Total;De 90 a 94 años;14
05 Ávila;05110 Lanzahíta;Total;De 95 a 99 años;1
05 Ávila;05110 Lanzahíta;Total;100 y más años;0
05 Ávila;05112 Losar del Barco, El;Total;De 65 a 69 años;5
05 Ávila;05112 Losar del Barco, El;Total;De 70 a 74 años;1
05 Ávila;05112 Losar del Barco, El;Total;De 75 a 79 años;4
05 Ávila;05112 Losar del Barco, El;Total;De 80 a 84 años;8
05 Ávila;05112 Losar del Barco, El;Total;De 85 a 89 años;3
05 Ávila;05112 Losar del Barco, El;Total;De 90 a 94 años;4
05 Ávila;05112 Losar del Barco, El;Total;De 95 a 99 años;2
05 Ávila;05112 Losar del Barco, El;Total;100 y más años;1
05 Ávila;05113 Llanos de Tormes, Los;Total;De 65 a 69 años;3
05 Ávila;05113 Llanos de Tormes, Los;Total;De 70 a 74 años;5
05 Ávila;05113 Llanos de Tormes, Los;Total;De 75 a 79 años;6
05 Ávila;05113 Llanos de Tormes, Los;Total;De 80 a 84 años;8
05 Ávila;05113 Llanos de Tormes, Los;Total;De 85 a 89 años;2
05 Ávila;05113 Llanos de Tormes, Los;Total;De 90 a 94 años;3
05 Ávila;05113 Llanos de Tormes, Los;Total;De 95 a 99 años;3
05 Ávila;05113 Llanos de Tormes, Los;Total;100 y más años;0
05 Ávila;05114 Madrigal de las Altas Torres;Total;De 65 a 69 años;111
05 Ávila;05114 Madrigal de las Altas Torres;Total;De 70 a 74 años;89
05 Ávila;05114 Madrigal de las Altas Torres;Total;De 75 a 79 años;85
05 Ávila;05114 Madrigal de las Altas Torres;Total;De 80 a 84 años;65
05 Ávila;05114 Madrigal de las Altas Torres;Total;De 85 a 89 años;41
05 Ávila;05114 Madrigal de las Altas Torres;Total;De 90 a 94 años;27
05 Ávila;05114 Madrigal de las Altas Torres;Total;De 95 a 99 años;7
05 Ávila;05114 Madrigal de las Altas Torres;Total;100 y más años;1
05 Ávila;05115 Maello;Total;De 65 a 69 años;67
05 Ávila;05115 Maello;Total;De 70 a 74 años;38
05 Ávila;05115 Maello;Total;De 75 a 79 años;58
05 Ávila;05115 Maello;Total;De 80 a 84 años;23
05 Ávila;05115 Maello;Total;De 85 a 89 años;19
05 Ávila;05115 Maello;Total;De 90 a 94 años;11
05 Ávila;05115 Maello;Total;De 95 a 99 años;7
05 Ávila;05115 Maello;Total;100 y más años;1
05 Ávila;05116 Malpartida de Corneja;Total;De 65 a 69 años;9
05 Ávila;05116 Malpartida de Corneja;Total;De 70 a 74 años;14
05 Ávila;05116 Malpartida de Corneja;Total;De 75 a 79 años;12
05 Ávila;05116 Malpartida de Corneja;Total;De 80 a 84 años;11
05 Ávila;05116 Malpartida de Corneja;Total;De 85 a 89 años;1
05 Ávila;05116 Malpartida de Corneja;Total;De 90 a 94 años;4
05 Ávila;05116 Malpartida de Corneja;Total;De 95 a 99 años;3
05 Ávila;05116 Malpartida de Corneja;Total;100 y más años;0
05 Ávila;05117 Mamblas;Total;De 65 a 69 años;18
05 Ávila;05117 Mamblas;Total;De 70 a 74 años;22
05 Ávila;05117 Mamblas;Total;De 75 a 79 años;13
05 Ávila;05117 Mamblas;Total;De 80 a 84 años;11
05 Ávila;05117 Mamblas;Total;De 85 a 89 años;11
05 Ávila;05117 Mamblas;Total;De 90 a 94 años;3
05 Ávila;05117 Mamblas;Total;De 95 a 99 años;1
05 Ávila;05117 Mamblas;Total;100 y más años;0
05 Ávila;05118 Mancera de Arriba;Total;De 65 a 69 años;4
05 Ávila;05118 Mancera de Arriba;Total;De 70 a 74 años;4
05 Ávila;05118 Mancera de Arriba;Total;De 75 a 79 años;2
05 Ávila;05118 Mancera de Arriba;Total;De 80 a 84 años;5
05 Ávila;05118 Mancera de Arriba;Total;De 85 a 89 años;3
05 Ávila;05118 Mancera de Arriba;Total;De 90 a 94 años;5
05 Ávila;05118 Mancera de Arriba;Total;De 95 a 99 años;1
05 Ávila;05118 Mancera de Arriba;Total;100 y más años;0
05 Ávila;05119 Manjabálago y Ortigosa de Rioalmar;Total;De 65 a 69 años;3
05 Ávila;05119 Manjabálago y Ortigosa de Rioalmar;Total;De 70 a 74 años;0
05 Ávila;05119 Manjabálago y Ortigosa de Rioalmar;Total;De 75 a 79 años;2
05 Ávila;05119 Manjabálago y Ortigosa de Rioalmar;Total;De 80 a 84 años;1
05 Ávila;05119 Manjabálago y Ortigosa de Rioalmar;Total;De 85 a 89 años;3
05 Ávila;05119 Manjabálago y Ortigosa de Rioalmar;Total;De 90 a 94 años;3
05 Ávila;05119 Manjabálago y Ortigosa de Rioalmar;Total;De 95 a 99 años;0
05 Ávila;05119 Manjabálago y Ortigosa de Rioalmar;Total;100 y más años;0
05 Ávila;05120 Marlín;Total;De 65 a 69 años;5
05 Ávila;05120 Marlín;Total;De 70 a 74 años;2
05 Ávila;05120 Marlín;Total;De 75 a 79 años;2
05 Ávila;05120 Marlín;Total;De 80 a 84 años;2
05 Ávila;05120 Marlín;Total;De 85 a 89 años;1
05 Ávila;05120 Marlín;Total;De 90 a 94 años;2
05 Ávila;05120 Marlín;Total;De 95 a 99 años;0
05 Ávila;05120 Marlín;Total;100 y más años;0
05 Ávila;05121 Martiherrero;Total;De 65 a 69 años;23
05 Ávila;05121 Martiherrero;Total;De 70 a 74 años;17
05 Ávila;05121 Martiherrero;Total;De 75 a 79 años;17
05 Ávila;05121 Martiherrero;Total;De 80 a 84 años;13
05 Ávila;05121 Martiherrero;Total;De 85 a 89 años;8
05 Ávila;05121 Martiherrero;Total;De 90 a 94 años;4
05 Ávila;05121 Martiherrero;Total;De 95 a 99 años;1
05 Ávila;05121 Martiherrero;Total;100 y más años;0
05 Ávila;05122 Martínez;Total;De 65 a 69 años;9
05 Ávila;05122 Martínez;Total;De 70 a 74 años;14
05 Ávila;05122 Martínez;Total;De 75 a 79 años;12
05 Ávila;05122 Martínez;Total;De 80 a 84 años;10
05 Ávila;05122 Martínez;Total;De 85 a 89 años;9
05 Ávila;05122 Martínez;Total;De 90 a 94 años;3
05 Ávila;05122 Martínez;Total;De 95 a 99 años;4
05 Ávila;05122 Martínez;Total;100 y más años;0
05 Ávila;05123 Mediana de Voltoya;Total;De 65 a 69 años;19
05 Ávila;05123 Mediana de Voltoya;Total;De 70 a 74 años;5
05 Ávila;05123 Mediana de Voltoya;Total;De 75 a 79 años;5
05 Ávila;05123 Mediana de Voltoya;Total;De 80 a 84 años;4
05 Ávila;05123 Mediana de Voltoya;Total;De 85 a 89 años;4
05 Ávila;05123 Mediana de Voltoya;Total;De 90 a 94 años;0
05 Ávila;05123 Mediana de Voltoya;Total;De 95 a 99 años;1
05 Ávila;05123 Mediana de Voltoya;Total;100 y más años;0
05 Ávila;05124 Medinilla;Total;De 65 a 69 años;11
05 Ávila;05124 Medinilla;Total;De 70 a 74 años;4
05 Ávila;05124 Medinilla;Total;De 75 a 79 años;5
05 Ávila;05124 Medinilla;Total;De 80 a 84 años;6
05 Ávila;05124 Medinilla;Total;De 85 a 89 años;4
05 Ávila;05124 Medinilla;Total;De 90 a 94 años;6
05 Ávila;05124 Medinilla;Total;De 95 a 99 años;4
05 Ávila;05124 Medinilla;Total;100 y más años;2
05 Ávila;05125 Mengamuñoz;Total;De 65 a 69 años;4
05 Ávila;05125 Mengamuñoz;Total;De 70 a 74 años;2
05 Ávila;05125 Mengamuñoz;Total;De 75 a 79 años;2
05 Ávila;05125 Mengamuñoz;Total;De 80 a 84 años;3
05 Ávila;05125 Mengamuñoz;Total;De 85 a 89 años;2
05 Ávila;05125 Mengamuñoz;Total;De 90 a 94 años;3
05 Ávila;05125 Mengamuñoz;Total;De 95 a 99 años;1
05 Ávila;05125 Mengamuñoz;Total;100 y más años;0
05 Ávila;05126 Mesegar de Corneja;Total;De 65 a 69 años;3
05 Ávila;05126 Mesegar de Corneja;Total;De 70 a 74 años;4
05 Ávila;05126 Mesegar de Corneja;Total;De 75 a 79 años;8
05 Ávila;05126 Mesegar de Corneja;Total;De 80 a 84 años;4
05 Ávila;05126 Mesegar de Corneja;Total;De 85 a 89 años;4
05 Ávila;05126 Mesegar de Corneja;Total;De 90 a 94 años;5
05 Ávila;05126 Mesegar de Corneja;Total;De 95 a 99 años;0
05 Ávila;05126 Mesegar de Corneja;Total;100 y más años;0
05 Ávila;05127 Mijares;Total;De 65 a 69 años;60
05 Ávila;05127 Mijares;Total;De 70 a 74 años;50
05 Ávila;05127 Mijares;Total;De 75 a 79 años;48
05 Ávila;05127 Mijares;Total;De 80 a 84 años;45
05 Ávila;05127 Mijares;Total;De 85 a 89 años;36
05 Ávila;05127 Mijares;Total;De 90 a 94 años;23
05 Ávila;05127 Mijares;Total;De 95 a 99 años;4
05 Ávila;05127 Mijares;Total;100 y más años;2
05 Ávila;05128 Mingorría;Total;De 65 a 69 años;25
05 Ávila;05128 Mingorría;Total;De 70 a 74 años;27
05 Ávila;05128 Mingorría;Total;De 75 a 79 años;24
05 Ávila;05128 Mingorría;Total;De 80 a 84 años;14
05 Ávila;05128 Mingorría;Total;De 85 a 89 años;15
05 Ávila;05128 Mingorría;Total;De 90 a 94 años;9
05 Ávila;05128 Mingorría;Total;De 95 a 99 años;4
05 Ávila;05128 Mingorría;Total;100 y más años;0
05 Ávila;05129 Mirón, El;Total;De 65 a 69 años;7
05 Ávila;05129 Mirón, El;Total;De 70 a 74 años;13
05 Ávila;05129 Mirón, El;Total;De 75 a 79 años;8
05 Ávila;05129 Mirón, El;Total;De 80 a 84 años;9
05 Ávila;05129 Mirón, El;Total;De 85 a 89 años;10
05 Ávila;05129 Mirón, El;Total;De 90 a 94 años;3
05 Ávila;05129 Mirón, El;Total;De 95 a 99 años;7
05 Ávila;05129 Mirón, El;Total;100 y más años;1
05 Ávila;05130 Mironcillo;Total;De 65 a 69 años;9
05 Ávila;05130 Mironcillo;Total;De 70 a 74 años;9
05 Ávila;05130 Mironcillo;Total;De 75 a 79 años;11
05 Ávila;05130 Mironcillo;Total;De 80 a 84 años;6
05 Ávila;05130 Mironcillo;Total;De 85 a 89 años;5
05 Ávila;05130 Mironcillo;Total;De 90 a 94 años;2
05 Ávila;05130 Mironcillo;Total;De 95 a 99 años;1
05 Ávila;05130 Mironcillo;Total;100 y más años;0
05 Ávila;05131 Mirueña de los Infanzones;Total;De 65 a 69 años;8
05 Ávila;05131 Mirueña de los Infanzones;Total;De 70 a 74 años;3
05 Ávila;05131 Mirueña de los Infanzones;Total;De 75 a 79 años;6
05 Ávila;05131 Mirueña de los Infanzones;Total;De 80 a 84 años;5
05 Ávila;05131 Mirueña de los Infanzones;Total;De 85 a 89 años;8
05 Ávila;05131 Mirueña de los Infanzones;Total;De 90 a 94 años;6
05 Ávila;05131 Mirueña de los Infanzones;Total;De 95 a 99 años;0
05 Ávila;05131 Mirueña de los Infanzones;Total;100 y más años;0
05 Ávila;05132 Mombeltrán;Total;De 65 a 69 años;74
05 Ávila;05132 Mombeltrán;Total;De 70 a 74 años;58
05 Ávila;05132 Mombeltrán;Total;De 75 a 79 años;71
05 Ávila;05132 Mombeltrán;Total;De 80 a 84 años;45
05 Ávila;05132 Mombeltrán;Total;De 85 a 89 años;42
05 Ávila;05132 Mombeltrán;Total;De 90 a 94 años;37
05 Ávila;05132 Mombeltrán;Total;De 95 a 99 años;9
05 Ávila;05132 Mombeltrán;Total;100 y más años;0
05 Ávila;05133 Monsalupe;Total;De 65 a 69 años;7
05 Ávila;05133 Monsalupe;Total;De 70 a 74 años;3
05 Ávila;05133 Monsalupe;Total;De 75 a 79 años;5
05 Ávila;05133 Monsalupe;Total;De 80 a 84 años;6
05 Ávila;05133 Monsalupe;Total;De 85 a 89 años;0
05 Ávila;05133 Monsalupe;Total;De 90 a 94 años;5
05 Ávila;05133 Monsalupe;Total;De 95 a 99 años;0
05 Ávila;05133 Monsalupe;Total;100 y más años;0
05 Ávila;05134 Moraleja de Matacabras;Total;De 65 a 69 años;2
05 Ávila;05134 Moraleja de Matacabras;Total;De 70 a 74 años;8
05 Ávila;05134 Moraleja de Matacabras;Total;De 75 a 79 años;6
05 Ávila;05134 Moraleja de Matacabras;Total;De 80 a 84 años;1
05 Ávila;05134 Moraleja de Matacabras;Total;De 85 a 89 años;2
05 Ávila;05134 Moraleja de Matacabras;Total;De 90 a 94 años;2
05 Ávila;05134 Moraleja de Matacabras;Total;De 95 a 99 años;0
05 Ávila;05134 Moraleja de Matacabras;Total;100 y más años;1
05 Ávila;05135 Muñana;Total;De 65 a 69 años;51
05 Ávila;05135 Muñana;Total;De 70 a 74 años;23
05 Ávila;05135 Muñana;Total;De 75 a 79 años;15
05 Ávila;05135 Muñana;Total;De 80 a 84 años;12
05 Ávila;05135 Muñana;Total;De 85 a 89 años;14
05 Ávila;05135 Muñana;Total;De 90 a 94 años;14
05 Ávila;05135 Muñana;Total;De 95 a 99 años;4
05 Ávila;05135 Muñana;Total;100 y más años;1
05 Ávila;05136 Muñico;Total;De 65 a 69 años;4
05 Ávila;05136 Muñico;Total;De 70 a 74 años;2
05 Ávila;05136 Muñico;Total;De 75 a 79 años;8
05 Ávila;05136 Muñico;Total;De 80 a 84 años;4
05 Ávila;05136 Muñico;Total;De 85 a 89 años;3
05 Ávila;05136 Muñico;Total;De 90 a 94 años;3
05 Ávila;05136 Muñico;Total;De 95 a 99 años;1
05 Ávila;05136 Muñico;Total;100 y más años;0
05 Ávila;05138 Muñogalindo;Total;De 65 a 69 años;22
05 Ávila;05138 Muñogalindo;Total;De 70 a 74 años;22
05 Ávila;05138 Muñogalindo;Total;De 75 a 79 años;26
05 Ávila;05138 Muñogalindo;Total;De 80 a 84 años;16
05 Ávila;05138 Muñogalindo;Total;De 85 a 89 años;6
05 Ávila;05138 Muñogalindo;Total;De 90 a 94 años;5
05 Ávila;05138 Muñogalindo;Total;De 95 a 99 años;3
05 Ávila;05138 Muñogalindo;Total;100 y más años;1
05 Ávila;05139 Muñogrande;Total;De 65 a 69 años;6
05 Ávila;05139 Muñogrande;Total;De 70 a 74 años;7
05 Ávila;05139 Muñogrande;Total;De 75 a 79 años;6
05 Ávila;05139 Muñogrande;Total;De 80 a 84 años;5
05 Ávila;05139 Muñogrande;Total;De 85 a 89 años;4
05 Ávila;05139 Muñogrande;Total;De 90 a 94 años;3
05 Ávila;05139 Muñogrande;Total;De 95 a 99 años;2
05 Ávila;05139 Muñogrande;Total;100 y más años;0
05 Ávila;05140 Muñomer del Peco;Total;De 65 a 69 años;6
05 Ávila;05140 Muñomer del Peco;Total;De 70 a 74 años;3
05 Ávila;05140 Muñomer del Peco;Total;De 75 a 79 años;6
05 Ávila;05140 Muñomer del Peco;Total;De 80 a 84 años;4
05 Ávila;05140 Muñomer del Peco;Total;De 85 a 89 años;3
05 Ávila;05140 Muñomer del Peco;Total;De 90 a 94 años;1
05 Ávila;05140 Muñomer del Peco;Total;De 95 a 99 años;1
05 Ávila;05140 Muñomer del Peco;Total;100 y más años;0
05 Ávila;05141 Muñopepe;Total;De 65 a 69 años;3
05 Ávila;05141 Muñopepe;Total;De 70 a 74 años;5
05 Ávila;05141 Muñopepe;Total;De 75 a 79 años;7
05 Ávila;05141 Muñopepe;Total;De 80 a 84 años;11
05 Ávila;05141 Muñopepe;Total;De 85 a 89 años;4
05 Ávila;05141 Muñopepe;Total;De 90 a 94 años;5
05 Ávila;05141 Muñopepe;Total;De 95 a 99 años;1
05 Ávila;05141 Muñopepe;Total;100 y más años;0
05 Ávila;05142 Muñosancho;Total;De 65 a 69 años;10
05 Ávila;05142 Muñosancho;Total;De 70 a 74 años;17
05 Ávila;05142 Muñosancho;Total;De 75 a 79 años;6
05 Ávila;05142 Muñosancho;Total;De 80 a 84 años;2
05 Ávila;05142 Muñosancho;Total;De 85 a 89 años;3
05 Ávila;05142 Muñosancho;Total;De 90 a 94 años;5
05 Ávila;05142 Muñosancho;Total;De 95 a 99 años;2
05 Ávila;05142 Muñosancho;Total;100 y más años;0
05 Ávila;05143 Muñotello;Total;De 65 a 69 años;7
05 Ávila;05143 Muñotello;Total;De 70 a 74 años;5
05 Ávila;05143 Muñotello;Total;De 75 a 79 años;0
05 Ávila;05143 Muñotello;Total;De 80 a 84 años;5
05 Ávila;05143 Muñotello;Total;De 85 a 89 años;6
05 Ávila;05143 Muñotello;Total;De 90 a 94 años;0
05 Ávila;05143 Muñotello;Total;De 95 a 99 años;2
05 Ávila;05143 Muñotello;Total;100 y más años;0
05 Ávila;05144 Narrillos del Álamo;Total;De 65 a 69 años;4
05 Ávila;05144 Narrillos del Álamo;Total;De 70 a 74 años;3
05 Ávila;05144 Narrillos del Álamo;Total;De 75 a 79 años;3
05 Ávila;05144 Narrillos del Álamo;Total;De 80 a 84 años;3
05 Ávila;05144 Narrillos del Álamo;Total;De 85 a 89 años;4
05 Ávila;05144 Narrillos del Álamo;Total;De 90 a 94 años;2
05 Ávila;05144 Narrillos del Álamo;Total;De 95 a 99 años;1
05 Ávila;05144 Narrillos del Álamo;Total;100 y más años;0
05 Ávila;05145 Narrillos del Rebollar;Total;De 65 a 69 años;3
05 Ávila;05145 Narrillos del Rebollar;Total;De 70 a 74 años;6
05 Ávila;05145 Narrillos del Rebollar;Total;De 75 a 79 años;4
05 Ávila;05145 Narrillos del Rebollar;Total;De 80 a 84 años;1
05 Ávila;05145 Narrillos del Rebollar;Total;De 85 a 89 años;2
05 Ávila;05145 Narrillos del Rebollar;Total;De 90 a 94 años;1
05 Ávila;05145 Narrillos del Rebollar;Total;De 95 a 99 años;0
05 Ávila;05145 Narrillos del Rebollar;Total;100 y más años;0
05 Ávila;05147 Narros del Castillo;Total;De 65 a 69 años;9
05 Ávila;05147 Narros del Castillo;Total;De 70 a 74 años;12
05 Ávila;05147 Narros del Castillo;Total;De 75 a 79 años;13
05 Ávila;05147 Narros del Castillo;Total;De 80 a 84 años;6
05 Ávila;05147 Narros del Castillo;Total;De 85 a 89 años;4
05 Ávila;05147 Narros del Castillo;Total;De 90 a 94 años;6
05 Ávila;05147 Narros del Castillo;Total;De 95 a 99 años;3
05 Ávila;05147 Narros del Castillo;Total;100 y más años;2
05 Ávila;05148 Narros del Puerto;Total;De 65 a 69 años;5
05 Ávila;05148 Narros del Puerto;Total;De 70 a 74 años;3
05 Ávila;05148 Narros del Puerto;Total;De 75 a 79 años;0
05 Ávila;05148 Narros del Puerto;Total;De 80 a 84 años;0
05 Ávila;05148 Narros del Puerto;Total;De 85 a 89 años;2
05 Ávila;05148 Narros del Puerto;Total;De 90 a 94 años;1
05 Ávila;05148 Narros del Puerto;Total;De 95 a 99 años;1
05 Ávila;05148 Narros del Puerto;Total;100 y más años;0
05 Ávila;05149 Narros de Saldueña;Total;De 65 a 69 años;9
05 Ávila;05149 Narros de Saldueña;Total;De 70 a 74 años;8
05 Ávila;05149 Narros de Saldueña;Total;De 75 a 79 años;12
05 Ávila;05149 Narros de Saldueña;Total;De 80 a 84 años;8
05 Ávila;05149 Narros de Saldueña;Total;De 85 a 89 años;3
05 Ávila;05149 Narros de Saldueña;Total;De 90 a 94 años;5
05 Ávila;05149 Narros de Saldueña;Total;De 95 a 99 años;1
05 Ávila;05149 Narros de Saldueña;Total;100 y más años;0
05 Ávila;05151 Navacepedilla de Corneja;Total;De 65 a 69 años;2
05 Ávila;05151 Navacepedilla de Corneja;Total;De 70 a 74 años;4
05 Ávila;05151 Navacepedilla de Corneja;Total;De 75 a 79 años;9
05 Ávila;05151 Navacepedilla de Corneja;Total;De 80 a 84 años;6
05 Ávila;05151 Navacepedilla de Corneja;Total;De 85 a 89 años;6
05 Ávila;05151 Navacepedilla de Corneja;Total;De 90 a 94 años;2
05 Ávila;05151 Navacepedilla de Corneja;Total;De 95 a 99 años;1
05 Ávila;05151 Navacepedilla de Corneja;Total;100 y más años;1
05 Ávila;05152 Nava de Arévalo;Total;De 65 a 69 años;56
05 Ávila;05152 Nava de Arévalo;Total;De 70 a 74 años;56
05 Ávila;05152 Nava de Arévalo;Total;De 75 a 79 años;43
05 Ávila;05152 Nava de Arévalo;Total;De 80 a 84 años;32
05 Ávila;05152 Nava de Arévalo;Total;De 85 a 89 años;21
05 Ávila;05152 Nava de Arévalo;Total;De 90 a 94 años;18
05 Ávila;05152 Nava de Arévalo;Total;De 95 a 99 años;3
05 Ávila;05152 Nava de Arévalo;Total;100 y más años;0
05 Ávila;05153 Nava del Barco;Total;De 65 a 69 años;6
05 Ávila;05153 Nava del Barco;Total;De 70 a 74 años;7
05 Ávila;05153 Nava del Barco;Total;De 75 a 79 años;9
05 Ávila;05153 Nava del Barco;Total;De 80 a 84 años;11
05 Ávila;05153 Nava del Barco;Total;De 85 a 89 años;4
05 Ávila;05153 Nava del Barco;Total;De 90 a 94 años;3
05 Ávila;05153 Nava del Barco;Total;De 95 a 99 años;2
05 Ávila;05153 Nava del Barco;Total;100 y más años;0
05 Ávila;05154 Navadijos;Total;De 65 a 69 años;4
05 Ávila;05154 Navadijos;Total;De 70 a 74 años;1
05 Ávila;05154 Navadijos;Total;De 75 a 79 años;1
05 Ávila;05154 Navadijos;Total;De 80 a 84 años;3
05 Ávila;05154 Navadijos;Total;De 85 a 89 años;0
05 Ávila;05154 Navadijos;Total;De 90 a 94 años;0
05 Ávila;05154 Navadijos;Total;De 95 a 99 años;1
05 Ávila;05154 Navadijos;Total;100 y más años;0
05 Ávila;05155 Navaescurial;Total;De 65 a 69 años;6
05 Ávila;05155 Navaescurial;Total;De 70 a 74 años;5
05 Ávila;05155 Navaescurial;Total;De 75 a 79 años;3
05 Ávila;05155 Navaescurial;Total;De 80 a 84 años;6
05 Ávila;05155 Navaescurial;Total;De 85 a 89 años;0
05 Ávila;05155 Navaescurial;Total;De 90 a 94 años;2
05 Ávila;05155 Navaescurial;Total;De 95 a 99 años;1
05 Ávila;05155 Navaescurial;Total;100 y más años;0
05 Ávila;05156 Navahondilla;Total;De 65 a 69 años;23
05 Ávila;05156 Navahondilla;Total;De 70 a 74 años;9
05 Ávila;05156 Navahondilla;Total;De 75 a 79 años;20
05 Ávila;05156 Navahondilla;Total;De 80 a 84 años;18
05 Ávila;05156 Navahondilla;Total;De 85 a 89 años;13
05 Ávila;05156 Navahondilla;Total;De 90 a 94 años;8
05 Ávila;05156 Navahondilla;Total;De 95 a 99 años;2
05 Ávila;05156 Navahondilla;Total;100 y más años;0
05 Ávila;05157 Navalacruz;Total;De 65 a 69 años;19
05 Ávila;05157 Navalacruz;Total;De 70 a 74 años;13
05 Ávila;05157 Navalacruz;Total;De 75 a 79 años;17
05 Ávila;05157 Navalacruz;Total;De 80 a 84 años;13
05 Ávila;05157 Navalacruz;Total;De 85 a 89 años;8
05 Ávila;05157 Navalacruz;Total;De 90 a 94 años;8
05 Ávila;05157 Navalacruz;Total;De 95 a 99 años;2
05 Ávila;05157 Navalacruz;Total;100 y más años;0
05 Ávila;05158 Navalmoral;Total;De 65 a 69 años;45
05 Ávila;05158 Navalmoral;Total;De 70 a 74 años;33
05 Ávila;05158 Navalmoral;Total;De 75 a 79 años;43
05 Ávila;05158 Navalmoral;Total;De 80 a 84 años;24
05 Ávila;05158 Navalmoral;Total;De 85 a 89 años;18
05 Ávila;05158 Navalmoral;Total;De 90 a 94 años;15
05 Ávila;05158 Navalmoral;Total;De 95 a 99 años;6
05 Ávila;05158 Navalmoral;Total;100 y más años;2
05 Ávila;05159 Navalonguilla;Total;De 65 a 69 años;15
05 Ávila;05159 Navalonguilla;Total;De 70 a 74 años;16
05 Ávila;05159 Navalonguilla;Total;De 75 a 79 años;24
05 Ávila;05159 Navalonguilla;Total;De 80 a 84 años;27
05 Ávila;05159 Navalonguilla;Total;De 85 a 89 años;14
05 Ávila;05159 Navalonguilla;Total;De 90 a 94 años;6
05 Ávila;05159 Navalonguilla;Total;De 95 a 99 años;2
05 Ávila;05159 Navalonguilla;Total;100 y más años;2
05 Ávila;05160 Navalosa;Total;De 65 a 69 años;26
05 Ávila;05160 Navalosa;Total;De 70 a 74 años;26
05 Ávila;05160 Navalosa;Total;De 75 a 79 años;16
05 Ávila;05160 Navalosa;Total;De 80 a 84 años;24
05 Ávila;05160 Navalosa;Total;De 85 a 89 años;20
05 Ávila;05160 Navalosa;Total;De 90 a 94 años;18
05 Ávila;05160 Navalosa;Total;De 95 a 99 años;2
05 Ávila;05160 Navalosa;Total;100 y más años;0
05 Ávila;05161 Navalperal de Pinares;Total;De 65 a 69 años;86
05 Ávila;05161 Navalperal de Pinares;Total;De 70 a 74 años;65
05 Ávila;05161 Navalperal de Pinares;Total;De 75 a 79 años;39
05 Ávila;05161 Navalperal de Pinares;Total;De 80 a 84 años;17
05 Ávila;05161 Navalperal de Pinares;Total;De 85 a 89 años;20
05 Ávila;05161 Navalperal de Pinares;Total;De 90 a 94 años;14
05 Ávila;05161 Navalperal de Pinares;Total;De 95 a 99 años;6
05 Ávila;05161 Navalperal de Pinares;Total;100 y más años;1
05 Ávila;05162 Navalperal de Tormes;Total;De 65 a 69 años;5
05 Ávila;05162 Navalperal de Tormes;Total;De 70 a 74 años;5
05 Ávila;05162 Navalperal de Tormes;Total;De 75 a 79 años;1
05 Ávila;05162 Navalperal de Tormes;Total;De 80 a 84 años;1
05 Ávila;05162 Navalperal de Tormes;Total;De 85 a 89 años;9
05 Ávila;05162 Navalperal de Tormes;Total;De 90 a 94 años;3
05 Ávila;05162 Navalperal de Tormes;Total;De 95 a 99 años;1
05 Ávila;05162 Navalperal de Tormes;Total;100 y más años;0
05 Ávila;05163 Navaluenga;Total;De 65 a 69 años;177
05 Ávila;05163 Navaluenga;Total;De 70 a 74 años;145
05 Ávila;05163 Navaluenga;Total;De 75 a 79 años;149
05 Ávila;05163 Navaluenga;Total;De 80 a 84 años;95
05 Ávila;05163 Navaluenga;Total;De 85 a 89 años;64
05 Ávila;05163 Navaluenga;Total;De 90 a 94 años;58
05 Ávila;05163 Navaluenga;Total;De 95 a 99 años;25
05 Ávila;05163 Navaluenga;Total;100 y más años;5
05 Ávila;05164 Navaquesera;Total;De 65 a 69 años;3
05 Ávila;05164 Navaquesera;Total;De 70 a 74 años;2
05 Ávila;05164 Navaquesera;Total;De 75 a 79 años;7
05 Ávila;05164 Navaquesera;Total;De 80 a 84 años;3
05 Ávila;05164 Navaquesera;Total;De 85 a 89 años;3
05 Ávila;05164 Navaquesera;Total;De 90 a 94 años;4
05 Ávila;05164 Navaquesera;Total;De 95 a 99 años;1
05 Ávila;05164 Navaquesera;Total;100 y más años;0
05 Ávila;05165 Navarredonda de Gredos;Total;De 65 a 69 años;45
05 Ávila;05165 Navarredonda de Gredos;Total;De 70 a 74 años;16
05 Ávila;05165 Navarredonda de Gredos;Total;De 75 a 79 años;20
05 Ávila;05165 Navarredonda de Gredos;Total;De 80 a 84 años;16
05 Ávila;05165 Navarredonda de Gredos;Total;De 85 a 89 años;12
05 Ávila;05165 Navarredonda de Gredos;Total;De 90 a 94 años;6
05 Ávila;05165 Navarredonda de Gredos;Total;De 95 a 99 años;7
05 Ávila;05165 Navarredonda de Gredos;Total;100 y más años;1
05 Ávila;05166 Navarredondilla;Total;De 65 a 69 años;10
05 Ávila;05166 Navarredondilla;Total;De 70 a 74 años;15
05 Ávila;05166 Navarredondilla;Total;De 75 a 79 años;11
05 Ávila;05166 Navarredondilla;Total;De 80 a 84 años;17
05 Ávila;05166 Navarredondilla;Total;De 85 a 89 años;11
05 Ávila;05166 Navarredondilla;Total;De 90 a 94 años;3
05 Ávila;05166 Navarredondilla;Total;De 95 a 99 años;1
05 Ávila;05166 Navarredondilla;Total;100 y más años;1
05 Ávila;05167 Navarrevisca;Total;De 65 a 69 años;35
05 Ávila;05167 Navarrevisca;Total;De 70 a 74 años;16
05 Ávila;05167 Navarrevisca;Total;De 75 a 79 años;11
05 Ávila;05167 Navarrevisca;Total;De 80 a 84 años;9
05 Ávila;05167 Navarrevisca;Total;De 85 a 89 años;11
05 Ávila;05167 Navarrevisca;Total;De 90 a 94 años;10
05 Ávila;05167 Navarrevisca;Total;De 95 a 99 años;3
05 Ávila;05167 Navarrevisca;Total;100 y más años;0
05 Ávila;05168 Navas del Marqués, Las;Total;De 65 a 69 años;323
05 Ávila;05168 Navas del Marqués, Las;Total;De 70 a 74 años;276
05 Ávila;05168 Navas del Marqués, Las;Total;De 75 a 79 años;214
05 Ávila;05168 Navas del Marqués, Las;Total;De 80 a 84 años;137
05 Ávila;05168 Navas del Marqués, Las;Total;De 85 a 89 años;101
05 Ávila;05168 Navas del Marqués, Las;Total;De 90 a 94 años;61
05 Ávila;05168 Navas del Marqués, Las;Total;De 95 a 99 años;16
05 Ávila;05168 Navas del Marqués, Las;Total;100 y más años;3
05 Ávila;05169 Navatalgordo;Total;De 65 a 69 años;28
05 Ávila;05169 Navatalgordo;Total;De 70 a 74 años;20
05 Ávila;05169 Navatalgordo;Total;De 75 a 79 años;26
05 Ávila;05169 Navatalgordo;Total;De 80 a 84 años;13
05 Ávila;05169 Navatalgordo;Total;De 85 a 89 años;13
05 Ávila;05169 Navatalgordo;Total;De 90 a 94 años;8
05 Ávila;05169 Navatalgordo;Total;De 95 a 99 años;3
05 Ávila;05169 Navatalgordo;Total;100 y más años;1
05 Ávila;05170 Navatejares;Total;De 65 a 69 años;2
05 Ávila;05170 Navatejares;Total;De 70 a 74 años;5
05 Ávila;05170 Navatejares;Total;De 75 a 79 años;3
05 Ávila;05170 Navatejares;Total;De 80 a 84 años;5
05 Ávila;05170 Navatejares;Total;De 85 a 89 años;6
05 Ávila;05170 Navatejares;Total;De 90 a 94 años;3
05 Ávila;05170 Navatejares;Total;De 95 a 99 años;0
05 Ávila;05170 Navatejares;Total;100 y más años;1
05 Ávila;05171 Neila de San Miguel;Total;De 65 a 69 años;3
05 Ávila;05171 Neila de San Miguel;Total;De 70 a 74 años;6
05 Ávila;05171 Neila de San Miguel;Total;De 75 a 79 años;9
05 Ávila;05171 Neila de San Miguel;Total;De 80 a 84 años;8
05 Ávila;05171 Neila de San Miguel;Total;De 85 a 89 años;4
05 Ávila;05171 Neila de San Miguel;Total;De 90 a 94 años;0
05 Ávila;05171 Neila de San Miguel;Total;De 95 a 99 años;1
05 Ávila;05171 Neila de San Miguel;Total;100 y más años;0
05 Ávila;05172 Niharra;Total;De 65 a 69 años;17
05 Ávila;05172 Niharra;Total;De 70 a 74 años;8
05 Ávila;05172 Niharra;Total;De 75 a 79 años;5
05 Ávila;05172 Niharra;Total;De 80 a 84 años;5
05 Ávila;05172 Niharra;Total;De 85 a 89 años;6
05 Ávila;05172 Niharra;Total;De 90 a 94 años;4
05 Ávila;05172 Niharra;Total;De 95 a 99 años;2
05 Ávila;05172 Niharra;Total;100 y más años;1
05 Ávila;05173 Ojos-Albos;Total;De 65 a 69 años;3
05 Ávila;05173 Ojos-Albos;Total;De 70 a 74 años;8
05 Ávila;05173 Ojos-Albos;Total;De 75 a 79 años;8
05 Ávila;05173 Ojos-Albos;Total;De 80 a 84 años;7
05 Ávila;05173 Ojos-Albos;Total;De 85 a 89 años;2
05 Ávila;05173 Ojos-Albos;Total;De 90 a 94 años;1
05 Ávila;05173 Ojos-Albos;Total;De 95 a 99 años;1
05 Ávila;05173 Ojos-Albos;Total;100 y más años;0
05 Ávila;05174 Orbita;Total;De 65 a 69 años;2
05 Ávila;05174 Orbita;Total;De 70 a 74 años;3
05 Ávila;05174 Orbita;Total;De 75 a 79 años;6
05 Ávila;05174 Orbita;Total;De 80 a 84 años;5
05 Ávila;05174 Orbita;Total;De 85 a 89 años;3
05 Ávila;05174 Orbita;Total;De 90 a 94 años;1
05 Ávila;05174 Orbita;Total;De 95 a 99 años;3
05 Ávila;05174 Orbita;Total;100 y más años;0
05 Ávila;05175 Oso, El;Total;De 65 a 69 años;11
05 Ávila;05175 Oso, El;Total;De 70 a 74 años;9
05 Ávila;05175 Oso, El;Total;De 75 a 79 años;7
05 Ávila;05175 Oso, El;Total;De 80 a 84 años;8
05 Ávila;05175 Oso, El;Total;De 85 a 89 años;9
05 Ávila;05175 Oso, El;Total;De 90 a 94 años;5
05 Ávila;05175 Oso, El;Total;De 95 a 99 años;4
05 Ávila;05175 Oso, El;Total;100 y más años;1
05 Ávila;05176 Padiernos;Total;De 65 a 69 años;27
05 Ávila;05176 Padiernos;Total;De 70 a 74 años;20
05 Ávila;05176 Padiernos;Total;De 75 a 79 años;20
05 Ávila;05176 Padiernos;Total;De 80 a 84 años;10
05 Ávila;05176 Padiernos;Total;De 85 a 89 años;6
05 Ávila;05176 Padiernos;Total;De 90 a 94 años;4
05 Ávila;05176 Padiernos;Total;De 95 a 99 años;1
05 Ávila;05176 Padiernos;Total;100 y más años;0
05 Ávila;05177 Pajares de Adaja;Total;De 65 a 69 años;14
05 Ávila;05177 Pajares de Adaja;Total;De 70 a 74 años;12
05 Ávila;05177 Pajares de Adaja;Total;De 75 a 79 años;12
05 Ávila;05177 Pajares de Adaja;Total;De 80 a 84 años;6
05 Ávila;05177 Pajares de Adaja;Total;De 85 a 89 años;6
05 Ávila;05177 Pajares de Adaja;Total;De 90 a 94 años;3
05 Ávila;05177 Pajares de Adaja;Total;De 95 a 99 años;1
05 Ávila;05177 Pajares de Adaja;Total;100 y más años;0
05 Ávila;05178 Palacios de Goda;Total;De 65 a 69 años;28
05 Ávila;05178 Palacios de Goda;Total;De 70 a 74 años;23
05 Ávila;05178 Palacios de Goda;Total;De 75 a 79 años;22
05 Ávila;05178 Palacios de Goda;Total;De 80 a 84 años;27
05 Ávila;05178 Palacios de Goda;Total;De 85 a 89 años;11
05 Ávila;05178 Palacios de Goda;Total;De 90 a 94 años;12
05 Ávila;05178 Palacios de Goda;Total;De 95 a 99 años;0
05 Ávila;05178 Palacios de Goda;Total;100 y más años;0
05 Ávila;05179 Papatrigo;Total;De 65 a 69 años;23
05 Ávila;05179 Papatrigo;Total;De 70 a 74 años;12
05 Ávila;05179 Papatrigo;Total;De 75 a 79 años;20
05 Ávila;05179 Papatrigo;Total;De 80 a 84 años;16
05 Ávila;05179 Papatrigo;Total;De 85 a 89 años;10
05 Ávila;05179 Papatrigo;Total;De 90 a 94 años;6
05 Ávila;05179 Papatrigo;Total;De 95 a 99 años;0
05 Ávila;05179 Papatrigo;Total;100 y más años;0
05 Ávila;05180 Parral, El;Total;De 65 a 69 años;6
05 Ávila;05180 Parral, El;Total;De 70 a 74 años;11
05 Ávila;05180 Parral, El;Total;De 75 a 79 años;5
05 Ávila;05180 Parral, El;Total;De 80 a 84 años;4
05 Ávila;05180 Parral, El;Total;De 85 a 89 años;3
05 Ávila;05180 Parral, El;Total;De 90 a 94 años;2
05 Ávila;05180 Parral, El;Total;De 95 a 99 años;1
05 Ávila;05180 Parral, El;Total;100 y más años;2
05 Ávila;05181 Pascualcobo;Total;De 65 a 69 años;7
05 Ávila;05181 Pascualcobo;Total;De 70 a 74 años;6
05 Ávila;05181 Pascualcobo;Total;De 75 a 79 años;3
05 Ávila;05181 Pascualcobo;Total;De 80 a 84 años;3
05 Ávila;05181 Pascualcobo;Total;De 85 a 89 años;2
05 Ávila;05181 Pascualcobo;Total;De 90 a 94 años;0
05 Ávila;05181 Pascualcobo;Total;De 95 a 99 años;0
05 Ávila;05181 Pascualcobo;Total;100 y más años;0
05 Ávila;05182 Pedro Bernardo;Total;De 65 a 69 años;53
05 Ávila;05182 Pedro Bernardo;Total;De 70 a 74 años;70
05 Ávila;05182 Pedro Bernardo;Total;De 75 a 79 años;47
05 Ávila;05182 Pedro Bernardo;Total;De 80 a 84 años;56
05 Ávila;05182 Pedro Bernardo;Total;De 85 a 89 años;43
05 Ávila;05182 Pedro Bernardo;Total;De 90 a 94 años;41
05 Ávila;05182 Pedro Bernardo;Total;De 95 a 99 años;9
05 Ávila;05182 Pedro Bernardo;Total;100 y más años;2
05 Ávila;05183 Pedro-Rodríguez;Total;De 65 a 69 años;6
05 Ávila;05183 Pedro-Rodríguez;Total;De 70 a 74 años;8
05 Ávila;05183 Pedro-Rodríguez;Total;De 75 a 79 años;10
05 Ávila;05183 Pedro-Rodríguez;Total;De 80 a 84 años;15
05 Ávila;05183 Pedro-Rodríguez;Total;De 85 a 89 años;9
05 Ávila;05183 Pedro-Rodríguez;Total;De 90 a 94 años;4
05 Ávila;05183 Pedro-Rodríguez;Total;De 95 a 99 años;1
05 Ávila;05183 Pedro-Rodríguez;Total;100 y más años;1
05 Ávila;05184 Peguerinos;Total;De 65 a 69 años;28
05 Ávila;05184 Peguerinos;Total;De 70 a 74 años;16
05 Ávila;05184 Peguerinos;Total;De 75 a 79 años;12
05 Ávila;05184 Peguerinos;Total;De 80 a 84 años;11
05 Ávila;05184 Peguerinos;Total;De 85 a 89 años;5
05 Ávila;05184 Peguerinos;Total;De 90 a 94 años;12
05 Ávila;05184 Peguerinos;Total;De 95 a 99 años;3
05 Ávila;05184 Peguerinos;Total;100 y más años;1
05 Ávila;05185 Peñalba de Ávila;Total;De 65 a 69 años;10
05 Ávila;05185 Peñalba de Ávila;Total;De 70 a 74 años;6
05 Ávila;05185 Peñalba de Ávila;Total;De 75 a 79 años;9
05 Ávila;05185 Peñalba de Ávila;Total;De 80 a 84 años;2
05 Ávila;05185 Peñalba de Ávila;Total;De 85 a 89 años;5
05 Ávila;05185 Peñalba de Ávila;Total;De 90 a 94 años;3
05 Ávila;05185 Peñalba de Ávila;Total;De 95 a 99 años;1
05 Ávila;05185 Peñalba de Ávila;Total;100 y más años;0
05 Ávila;05186 Piedrahíta;Total;De 65 a 69 años;103
05 Ávila;05186 Piedrahíta;Total;De 70 a 74 años;108
05 Ávila;05186 Piedrahíta;Total;De 75 a 79 años;108
05 Ávila;05186 Piedrahíta;Total;De 80 a 84 años;97
05 Ávila;05186 Piedrahíta;Total;De 85 a 89 años;62
05 Ávila;05186 Piedrahíta;Total;De 90 a 94 años;41
05 Ávila;05186 Piedrahíta;Total;De 95 a 99 años;26
05 Ávila;05186 Piedrahíta;Total;100 y más años;5
05 Ávila;05187 Piedralaves;Total;De 65 a 69 años;141
05 Ávila;05187 Piedralaves;Total;De 70 a 74 años;123
05 Ávila;05187 Piedralaves;Total;De 75 a 79 años;104
05 Ávila;05187 Piedralaves;Total;De 80 a 84 años;91
05 Ávila;05187 Piedralaves;Total;De 85 a 89 años;63
05 Ávila;05187 Piedralaves;Total;De 90 a 94 años;37
05 Ávila;05187 Piedralaves;Total;De 95 a 99 años;7
05 Ávila;05187 Piedralaves;Total;100 y más años;3
05 Ávila;05188 Poveda;Total;De 65 a 69 años;0
05 Ávila;05188 Poveda;Total;De 70 a 74 años;1
05 Ávila;05188 Poveda;Total;De 75 a 79 años;3
05 Ávila;05188 Poveda;Total;De 80 a 84 años;6
05 Ávila;05188 Poveda;Total;De 85 a 89 años;4
05 Ávila;05188 Poveda;Total;De 90 a 94 años;1
05 Ávila;05188 Poveda;Total;De 95 a 99 años;0
05 Ávila;05188 Poveda;Total;100 y más años;0
05 Ávila;05189 Poyales del Hoyo;Total;De 65 a 69 años;50
05 Ávila;05189 Poyales del Hoyo;Total;De 70 a 74 años;26
05 Ávila;05189 Poyales del Hoyo;Total;De 75 a 79 años;20
05 Ávila;05189 Poyales del Hoyo;Total;De 80 a 84 años;29
05 Ávila;05189 Poyales del Hoyo;Total;De 85 a 89 años;23
05 Ávila;05189 Poyales del Hoyo;Total;De 90 a 94 años;15
05 Ávila;05189 Poyales del Hoyo;Total;De 95 a 99 años;4
05 Ávila;05189 Poyales del Hoyo;Total;100 y más años;0
05 Ávila;05190 Pozanco;Total;De 65 a 69 años;1
05 Ávila;05190 Pozanco;Total;De 70 a 74 años;5
05 Ávila;05190 Pozanco;Total;De 75 a 79 años;5
05 Ávila;05190 Pozanco;Total;De 80 a 84 años;6
05 Ávila;05190 Pozanco;Total;De 85 a 89 años;5
05 Ávila;05190 Pozanco;Total;De 90 a 94 años;1
05 Ávila;05190 Pozanco;Total;De 95 a 99 años;0
05 Ávila;05190 Pozanco;Total;100 y más años;0
05 Ávila;05191 Pradosegar;Total;De 65 a 69 años;4
05 Ávila;05191 Pradosegar;Total;De 70 a 74 años;6
05 Ávila;05191 Pradosegar;Total;De 75 a 79 años;8
05 Ávila;05191 Pradosegar;Total;De 80 a 84 años;9
05 Ávila;05191 Pradosegar;Total;De 85 a 89 años;9
05 Ávila;05191 Pradosegar;Total;De 90 a 94 años;4
05 Ávila;05191 Pradosegar;Total;De 95 a 99 años;1
05 Ávila;05191 Pradosegar;Total;100 y más años;0
05 Ávila;05192 Puerto Castilla;Total;De 65 a 69 años;7
05 Ávila;05192 Puerto Castilla;Total;De 70 a 74 años;11
05 Ávila;05192 Puerto Castilla;Total;De 75 a 79 años;8
05 Ávila;05192 Puerto Castilla;Total;De 80 a 84 años;7
05 Ávila;05192 Puerto Castilla;Total;De 85 a 89 años;4
05 Ávila;05192 Puerto Castilla;Total;De 90 a 94 años;2
05 Ávila;05192 Puerto Castilla;Total;De 95 a 99 años;0
05 Ávila;05192 Puerto Castilla;Total;100 y más años;0
05 Ávila;05193 Rasueros;Total;De 65 a 69 años;18
05 Ávila;05193 Rasueros;Total;De 70 a 74 años;14
05 Ávila;05193 Rasueros;Total;De 75 a 79 años;14
05 Ávila;05193 Rasueros;Total;De 80 a 84 años;14
05 Ávila;05193 Rasueros;Total;De 85 a 89 años;14
05 Ávila;05193 Rasueros;Total;De 90 a 94 años;8
05 Ávila;05193 Rasueros;Total;De 95 a 99 años;2
05 Ávila;05193 Rasueros;Total;100 y más años;0
05 Ávila;05194 Riocabado;Total;De 65 a 69 años;14
05 Ávila;05194 Riocabado;Total;De 70 a 74 años;10
05 Ávila;05194 Riocabado;Total;De 75 a 79 años;5
05 Ávila;05194 Riocabado;Total;De 80 a 84 años;8
05 Ávila;05194 Riocabado;Total;De 85 a 89 años;6
05 Ávila;05194 Riocabado;Total;De 90 a 94 años;2
05 Ávila;05194 Riocabado;Total;De 95 a 99 años;0
05 Ávila;05194 Riocabado;Total;100 y más años;0
05 Ávila;05195 Riofrío;Total;De 65 a 69 años;15
05 Ávila;05195 Riofrío;Total;De 70 a 74 años;23
05 Ávila;05195 Riofrío;Total;De 75 a 79 años;16
05 Ávila;05195 Riofrío;Total;De 80 a 84 años;15
05 Ávila;05195 Riofrío;Total;De 85 a 89 años;11
05 Ávila;05195 Riofrío;Total;De 90 a 94 años;4
05 Ávila;05195 Riofrío;Total;De 95 a 99 años;3
05 Ávila;05195 Riofrío;Total;100 y más años;1
05 Ávila;05196 Rivilla de Barajas;Total;De 65 a 69 años;4
05 Ávila;05196 Rivilla de Barajas;Total;De 70 a 74 años;4
05 Ávila;05196 Rivilla de Barajas;Total;De 75 a 79 años;3
05 Ávila;05196 Rivilla de Barajas;Total;De 80 a 84 años;0
05 Ávila;05196 Rivilla de Barajas;Total;De 85 a 89 años;1
05 Ávila;05196 Rivilla de Barajas;Total;De 90 a 94 años;2
05 Ávila;05196 Rivilla de Barajas;Total;De 95 a 99 años;0
05 Ávila;05196 Rivilla de Barajas;Total;100 y más años;0
05 Ávila;05197 Salobral;Total;De 65 a 69 años;4
05 Ávila;05197 Salobral;Total;De 70 a 74 años;5
05 Ávila;05197 Salobral;Total;De 75 a 79 años;9
05 Ávila;05197 Salobral;Total;De 80 a 84 años;9
05 Ávila;05197 Salobral;Total;De 85 a 89 años;5
05 Ávila;05197 Salobral;Total;De 90 a 94 años;2
05 Ávila;05197 Salobral;Total;De 95 a 99 años;0
05 Ávila;05197 Salobral;Total;100 y más años;0
05 Ávila;05198 Salvadiós;Total;De 65 a 69 años;5
05 Ávila;05198 Salvadiós;Total;De 70 a 74 años;6
05 Ávila;05198 Salvadiós;Total;De 75 a 79 años;5
05 Ávila;05198 Salvadiós;Total;De 80 a 84 años;6
05 Ávila;05198 Salvadiós;Total;De 85 a 89 años;4
05 Ávila;05198 Salvadiós;Total;De 90 a 94 años;4
05 Ávila;05198 Salvadiós;Total;De 95 a 99 años;1
05 Ávila;05198 Salvadiós;Total;100 y más años;1
05 Ávila;05199 San Bartolomé de Béjar;Total;De 65 a 69 años;1
05 Ávila;05199 San Bartolomé de Béjar;Total;De 70 a 74 años;1
05 Ávila;05199 San Bartolomé de Béjar;Total;De 75 a 79 años;0
05 Ávila;05199 San Bartolomé de Béjar;Total;De 80 a 84 años;1
05 Ávila;05199 San Bartolomé de Béjar;Total;De 85 a 89 años;2
05 Ávila;05199 San Bartolomé de Béjar;Total;De 90 a 94 años;2
05 Ávila;05199 San Bartolomé de Béjar;Total;De 95 a 99 años;0
05 Ávila;05199 San Bartolomé de Béjar;Total;100 y más años;2
05 Ávila;05200 San Bartolomé de Corneja;Total;De 65 a 69 años;7
05 Ávila;05200 San Bartolomé de Corneja;Total;De 70 a 74 años;0
05 Ávila;05200 San Bartolomé de Corneja;Total;De 75 a 79 años;3
05 Ávila;05200 San Bartolomé de Corneja;Total;De 80 a 84 años;3
05 Ávila;05200 San Bartolomé de Corneja;Total;De 85 a 89 años;2
05 Ávila;05200 San Bartolomé de Corneja;Total;De 90 a 94 años;2
05 Ávila;05200 San Bartolomé de Corneja;Total;De 95 a 99 años;0
05 Ávila;05200 San Bartolomé de Corneja;Total;100 y más años;0
05 Ávila;05201 San Bartolomé de Pinares;Total;De 65 a 69 años;49
05 Ávila;05201 San Bartolomé de Pinares;Total;De 70 a 74 años;45
05 Ávila;05201 San Bartolomé de Pinares;Total;De 75 a 79 años;39
05 Ávila;05201 San Bartolomé de Pinares;Total;De 80 a 84 años;20
05 Ávila;05201 San Bartolomé de Pinares;Total;De 85 a 89 años;11
05 Ávila;05201 San Bartolomé de Pinares;Total;De 90 a 94 años;10
05 Ávila;05201 San Bartolomé de Pinares;Total;De 95 a 99 años;2
05 Ávila;05201 San Bartolomé de Pinares;Total;100 y más años;1
05 Ávila;05204 Sanchidrián;Total;De 65 a 69 años;47
05 Ávila;05204 Sanchidrián;Total;De 70 a 74 años;38
05 Ávila;05204 Sanchidrián;Total;De 75 a 79 años;43
05 Ávila;05204 Sanchidrián;Total;De 80 a 84 años;36
05 Ávila;05204 Sanchidrián;Total;De 85 a 89 años;32
05 Ávila;05204 Sanchidrián;Total;De 90 a 94 años;19
05 Ávila;05204 Sanchidrián;Total;De 95 a 99 años;3
05 Ávila;05204 Sanchidrián;Total;100 y más años;0
05 Ávila;05205 Sanchorreja;Total;De 65 a 69 años;7
05 Ávila;05205 Sanchorreja;Total;De 70 a 74 años;3
05 Ávila;05205 Sanchorreja;Total;De 75 a 79 años;7
05 Ávila;05205 Sanchorreja;Total;De 80 a 84 años;3
05 Ávila;05205 Sanchorreja;Total;De 85 a 89 años;5
05 Ávila;05205 Sanchorreja;Total;De 90 a 94 años;3
05 Ávila;05205 Sanchorreja;Total;De 95 a 99 años;1
05 Ávila;05205 Sanchorreja;Total;100 y más años;0
05 Ávila;05206 San Esteban de los Patos;Total;De 65 a 69 años;2
05 Ávila;05206 San Esteban de los Patos;Total;De 70 a 74 años;1
05 Ávila;05206 San Esteban de los Patos;Total;De 75 a 79 años;1
05 Ávila;05206 San Esteban de los Patos;Total;De 80 a 84 años;2
05 Ávila;05206 San Esteban de los Patos;Total;De 85 a 89 años;0
05 Ávila;05206 San Esteban de los Patos;Total;De 90 a 94 años;0
05 Ávila;05206 San Esteban de los Patos;Total;De 95 a 99 años;1
05 Ávila;05206 San Esteban de los Patos;Total;100 y más años;0
05 Ávila;05207 San Esteban del Valle;Total;De 65 a 69 años;77
05 Ávila;05207 San Esteban del Valle;Total;De 70 a 74 años;49
05 Ávila;05207 San Esteban del Valle;Total;De 75 a 79 años;51
05 Ávila;05207 San Esteban del Valle;Total;De 80 a 84 años;37
05 Ávila;05207 San Esteban del Valle;Total;De 85 a 89 años;38
05 Ávila;05207 San Esteban del Valle;Total;De 90 a 94 años;20
05 Ávila;05207 San Esteban del Valle;Total;De 95 a 99 años;9
05 Ávila;05207 San Esteban del Valle;Total;100 y más años;2
05 Ávila;05208 San Esteban de Zapardiel;Total;De 65 a 69 años;2
05 Ávila;05208 San Esteban de Zapardiel;Total;De 70 a 74 años;6
05 Ávila;05208 San Esteban de Zapardiel;Total;De 75 a 79 años;3
05 Ávila;05208 San Esteban de Zapardiel;Total;De 80 a 84 años;7
05 Ávila;05208 San Esteban de Zapardiel;Total;De 85 a 89 años;1
05 Ávila;05208 San Esteban de Zapardiel;Total;De 90 a 94 años;3
05 Ávila;05208 San Esteban de Zapardiel;Total;De 95 a 99 años;0
05 Ávila;05208 San Esteban de Zapardiel;Total;100 y más años;0
05 Ávila;05209 San García de Ingelmos;Total;De 65 a 69 años;4
05 Ávila;05209 San García de Ingelmos;Total;De 70 a 74 años;2
05 Ávila;05209 San García de Ingelmos;Total;De 75 a 79 años;7
05 Ávila;05209 San García de Ingelmos;Total;De 80 a 84 años;2
05 Ávila;05209 San García de Ingelmos;Total;De 85 a 89 años;8
05 Ávila;05209 San García de Ingelmos;Total;De 90 a 94 años;3
05 Ávila;05209 San García de Ingelmos;Total;De 95 a 99 años;1
05 Ávila;05209 San García de Ingelmos;Total;100 y más años;0
05 Ávila;05210 San Juan de la Encinilla;Total;De 65 a 69 años;10
05 Ávila;05210 San Juan de la Encinilla;Total;De 70 a 74 años;6
05 Ávila;05210 San Juan de la Encinilla;Total;De 75 a 79 años;4
05 Ávila;05210 San Juan de la Encinilla;Total;De 80 a 84 años;5
05 Ávila;05210 San Juan de la Encinilla;Total;De 85 a 89 años;5
05 Ávila;05210 San Juan de la Encinilla;Total;De 90 a 94 años;5
05 Ávila;05210 San Juan de la Encinilla;Total;De 95 a 99 años;2
05 Ávila;05210 San Juan de la Encinilla;Total;100 y más años;0
05 Ávila;05211 San Juan de la Nava;Total;De 65 a 69 años;39
05 Ávila;05211 San Juan de la Nava;Total;De 70 a 74 años;35
05 Ávila;05211 San Juan de la Nava;Total;De 75 a 79 años;19
05 Ávila;05211 San Juan de la Nava;Total;De 80 a 84 años;21
05 Ávila;05211 San Juan de la Nava;Total;De 85 a 89 años;15
05 Ávila;05211 San Juan de la Nava;Total;De 90 a 94 años;11
05 Ávila;05211 San Juan de la Nava;Total;De 95 a 99 años;1
05 Ávila;05211 San Juan de la Nava;Total;100 y más años;2
05 Ávila;05212 San Juan del Molinillo;Total;De 65 a 69 años;17
05 Ávila;05212 San Juan del Molinillo;Total;De 70 a 74 años;23
05 Ávila;05212 San Juan del Molinillo;Total;De 75 a 79 años;23
05 Ávila;05212 San Juan del Molinillo;Total;De 80 a 84 años;17
05 Ávila;05212 San Juan del Molinillo;Total;De 85 a 89 años;14
05 Ávila;05212 San Juan del Molinillo;Total;De 90 a 94 años;6
05 Ávila;05212 San Juan del Molinillo;Total;De 95 a 99 años;0
05 Ávila;05212 San Juan del Molinillo;Total;100 y más años;0
05 Ávila;05213 San Juan del Olmo;Total;De 65 a 69 años;7
05 Ávila;05213 San Juan del Olmo;Total;De 70 a 74 años;3
05 Ávila;05213 San Juan del Olmo;Total;De 75 a 79 años;3
05 Ávila;05213 San Juan del Olmo;Total;De 80 a 84 años;6
05 Ávila;05213 San Juan del Olmo;Total;De 85 a 89 años;6
05 Ávila;05213 San Juan del Olmo;Total;De 90 a 94 años;1
05 Ávila;05213 San Juan del Olmo;Total;De 95 a 99 años;0
05 Ávila;05213 San Juan del Olmo;Total;100 y más años;0
05 Ávila;05214 San Lorenzo de Tormes;Total;De 65 a 69 años;3
05 Ávila;05214 San Lorenzo de Tormes;Total;De 70 a 74 años;3
05 Ávila;05214 San Lorenzo de Tormes;Total;De 75 a 79 años;1
05 Ávila;05214 San Lorenzo de Tormes;Total;De 80 a 84 años;2
05 Ávila;05214 San Lorenzo de Tormes;Total;De 85 a 89 años;1
05 Ávila;05214 San Lorenzo de Tormes;Total;De 90 a 94 años;2
05 Ávila;05214 San Lorenzo de Tormes;Total;De 95 a 99 años;0
05 Ávila;05214 San Lorenzo de Tormes;Total;100 y más años;0
05 Ávila;05215 San Martín de la Vega del Alberche;Total;De 65 a 69 años;20
05 Ávila;05215 San Martín de la Vega del Alberche;Total;De 70 a 74 años;9
05 Ávila;05215 San Martín de la Vega del Alberche;Total;De 75 a 79 años;6
05 Ávila;05215 San Martín de la Vega del Alberche;Total;De 80 a 84 años;9
05 Ávila;05215 San Martín de la Vega del Alberche;Total;De 85 a 89 años;11
05 Ávila;05215 San Martín de la Vega del Alberche;Total;De 90 a 94 años;5
05 Ávila;05215 San Martín de la Vega del Alberche;Total;De 95 a 99 años;2
05 Ávila;05215 San Martín de la Vega del Alberche;Total;100 y más años;0
05 Ávila;05216 San Martín del Pimpollar;Total;De 65 a 69 años;22
05 Ávila;05216 San Martín del Pimpollar;Total;De 70 a 74 años;15
05 Ávila;05216 San Martín del Pimpollar;Total;De 75 a 79 años;17
05 Ávila;05216 San Martín del Pimpollar;Total;De 80 a 84 años;11
05 Ávila;05216 San Martín del Pimpollar;Total;De 85 a 89 años;8
05 Ávila;05216 San Martín del Pimpollar;Total;De 90 a 94 años;5
05 Ávila;05216 San Martín del Pimpollar;Total;De 95 a 99 años;2
05 Ávila;05216 San Martín del Pimpollar;Total;100 y más años;1
05 Ávila;05217 San Miguel de Corneja;Total;De 65 a 69 años;4
05 Ávila;05217 San Miguel de Corneja;Total;De 70 a 74 años;5
05 Ávila;05217 San Miguel de Corneja;Total;De 75 a 79 años;5
05 Ávila;05217 San Miguel de Corneja;Total;De 80 a 84 años;1
05 Ávila;05217 San Miguel de Corneja;Total;De 85 a 89 años;2
05 Ávila;05217 San Miguel de Corneja;Total;De 90 a 94 años;0
05 Ávila;05217 San Miguel de Corneja;Total;De 95 a 99 años;2
05 Ávila;05217 San Miguel de Corneja;Total;100 y más años;0
05 Ávila;05218 San Miguel de Serrezuela;Total;De 65 a 69 años;5
05 Ávila;05218 San Miguel de Serrezuela;Total;De 70 a 74 años;9
05 Ávila;05218 San Miguel de Serrezuela;Total;De 75 a 79 años;7
05 Ávila;05218 San Miguel de Serrezuela;Total;De 80 a 84 años;6
05 Ávila;05218 San Miguel de Serrezuela;Total;De 85 a 89 años;5
05 Ávila;05218 San Miguel de Serrezuela;Total;De 90 a 94 años;6
05 Ávila;05218 San Miguel de Serrezuela;Total;De 95 a 99 años;3
05 Ávila;05218 San Miguel de Serrezuela;Total;100 y más años;1
05 Ávila;05219 San Pascual;Total;De 65 a 69 años;4
05 Ávila;05219 San Pascual;Total;De 70 a 74 años;2
05 Ávila;05219 San Pascual;Total;De 75 a 79 años;1
05 Ávila;05219 San Pascual;Total;De 80 a 84 años;1
05 Ávila;05219 San Pascual;Total;De 85 a 89 años;0
05 Ávila;05219 San Pascual;Total;De 90 a 94 años;1
05 Ávila;05219 San Pascual;Total;De 95 a 99 años;1
05 Ávila;05219 San Pascual;Total;100 y más años;0
05 Ávila;05220 San Pedro del Arroyo;Total;De 65 a 69 años;35
05 Ávila;05220 San Pedro del Arroyo;Total;De 70 a 74 años;30
05 Ávila;05220 San Pedro del Arroyo;Total;De 75 a 79 años;20
05 Ávila;05220 San Pedro del Arroyo;Total;De 80 a 84 años;21
05 Ávila;05220 San Pedro del Arroyo;Total;De 85 a 89 años;7
05 Ávila;05220 San Pedro del Arroyo;Total;De 90 a 94 años;6
05 Ávila;05220 San Pedro del Arroyo;Total;De 95 a 99 años;2
05 Ávila;05220 San Pedro del Arroyo;Total;100 y más años;1
05 Ávila;05221 Santa Cruz del Valle;Total;De 65 a 69 años;31
05 Ávila;05221 Santa Cruz del Valle;Total;De 70 a 74 años;21
05 Ávila;05221 Santa Cruz del Valle;Total;De 75 a 79 años;30
05 Ávila;05221 Santa Cruz del Valle;Total;De 80 a 84 años;11
05 Ávila;05221 Santa Cruz del Valle;Total;De 85 a 89 años;12
05 Ávila;05221 Santa Cruz del Valle;Total;De 90 a 94 años;15
05 Ávila;05221 Santa Cruz del Valle;Total;De 95 a 99 años;3
05 Ávila;05221 Santa Cruz del Valle;Total;100 y más años;0
05 Ávila;05222 Santa Cruz de Pinares;Total;De 65 a 69 años;14
05 Ávila;05222 Santa Cruz de Pinares;Total;De 70 a 74 años;5
05 Ávila;05222 Santa Cruz de Pinares;Total;De 75 a 79 años;10
05 Ávila;05222 Santa Cruz de Pinares;Total;De 80 a 84 años;11
05 Ávila;05222 Santa Cruz de Pinares;Total;De 85 a 89 años;8
05 Ávila;05222 Santa Cruz de Pinares;Total;De 90 a 94 años;5
05 Ávila;05222 Santa Cruz de Pinares;Total;De 95 a 99 años;1
05 Ávila;05222 Santa Cruz de Pinares;Total;100 y más años;0
05 Ávila;05224 Santa María del Arroyo;Total;De 65 a 69 años;6
05 Ávila;05224 Santa María del Arroyo;Total;De 70 a 74 años;10
05 Ávila;05224 Santa María del Arroyo;Total;De 75 a 79 años;11
05 Ávila;05224 Santa María del Arroyo;Total;De 80 a 84 años;12
05 Ávila;05224 Santa María del Arroyo;Total;De 85 a 89 años;3
05 Ávila;05224 Santa María del Arroyo;Total;De 90 a 94 años;6
05 Ávila;05224 Santa María del Arroyo;Total;De 95 a 99 años;1
05 Ávila;05224 Santa María del Arroyo;Total;100 y más años;0
05 Ávila;05225 Santa María del Berrocal;Total;De 65 a 69 años;32
05 Ávila;05225 Santa María del Berrocal;Total;De 70 a 74 años;17
05 Ávila;05225 Santa María del Berrocal;Total;De 75 a 79 años;26
05 Ávila;05225 Santa María del Berrocal;Total;De 80 a 84 años;23
05 Ávila;05225 Santa María del Berrocal;Total;De 85 a 89 años;18
05 Ávila;05225 Santa María del Berrocal;Total;De 90 a 94 años;20
05 Ávila;05225 Santa María del Berrocal;Total;De 95 a 99 años;7
05 Ávila;05225 Santa María del Berrocal;Total;100 y más años;1
05 Ávila;05226 Santa María de los Caballeros;Total;De 65 a 69 años;6
05 Ávila;05226 Santa María de los Caballeros;Total;De 70 a 74 años;7
05 Ávila;05226 Santa María de los Caballeros;Total;De 75 a 79 años;2
05 Ávila;05226 Santa María de los Caballeros;Total;De 80 a 84 años;4
05 Ávila;05226 Santa María de los Caballeros;Total;De 85 a 89 años;2
05 Ávila;05226 Santa María de los Caballeros;Total;De 90 a 94 años;0
05 Ávila;05226 Santa María de los Caballeros;Total;De 95 a 99 años;3
05 Ávila;05226 Santa María de los Caballeros;Total;100 y más años;0
05 Ávila;05227 Santa María del Tiétar;Total;De 65 a 69 años;38
05 Ávila;05227 Santa María del Tiétar;Total;De 70 a 74 años;25
05 Ávila;05227 Santa María del Tiétar;Total;De 75 a 79 años;26
05 Ávila;05227 Santa María del Tiétar;Total;De 80 a 84 años;19
05 Ávila;05227 Santa María del Tiétar;Total;De 85 a 89 años;8
05 Ávila;05227 Santa María del Tiétar;Total;De 90 a 94 años;3
05 Ávila;05227 Santa María del Tiétar;Total;De 95 a 99 años;2
05 Ávila;05227 Santa María del Tiétar;Total;100 y más años;0
05 Ávila;05228 Santiago del Collado;Total;De 65 a 69 años;15
05 Ávila;05228 Santiago del Collado;Total;De 70 a 74 años;13
05 Ávila;05228 Santiago del Collado;Total;De 75 a 79 años;24
05 Ávila;05228 Santiago del Collado;Total;De 80 a 84 años;17
05 Ávila;05228 Santiago del Collado;Total;De 85 a 89 años;6
05 Ávila;05228 Santiago del Collado;Total;De 90 a 94 años;7
05 Ávila;05228 Santiago del Collado;Total;De 95 a 99 años;5
05 Ávila;05228 Santiago del Collado;Total;100 y más años;0
05 Ávila;05229 Santo Domingo de las Posadas;Total;De 65 a 69 años;5
05 Ávila;05229 Santo Domingo de las Posadas;Total;De 70 a 74 años;4
05 Ávila;05229 Santo Domingo de las Posadas;Total;De 75 a 79 años;8
05 Ávila;05229 Santo Domingo de las Posadas;Total;De 80 a 84 años;6
05 Ávila;05229 Santo Domingo de las Posadas;Total;De 85 a 89 años;5
05 Ávila;05229 Santo Domingo de las Posadas;Total;De 90 a 94 años;1
05 Ávila;05229 Santo Domingo de las Posadas;Total;De 95 a 99 años;0
05 Ávila;05229 Santo Domingo de las Posadas;Total;100 y más años;0
05 Ávila;05230 Santo Tomé de Zabarcos;Total;De 65 a 69 años;7
05 Ávila;05230 Santo Tomé de Zabarcos;Total;De 70 a 74 años;5
05 Ávila;05230 Santo Tomé de Zabarcos;Total;De 75 a 79 años;4
05 Ávila;05230 Santo Tomé de Zabarcos;Total;De 80 a 84 años;0
05 Ávila;05230 Santo Tomé de Zabarcos;Total;De 85 a 89 años;2
05 Ávila;05230 Santo Tomé de Zabarcos;Total;De 90 a 94 años;6
05 Ávila;05230 Santo Tomé de Zabarcos;Total;De 95 a 99 años;0
05 Ávila;05230 Santo Tomé de Zabarcos;Total;100 y más años;0
05 Ávila;05231 San Vicente de Arévalo;Total;De 65 a 69 años;14
05 Ávila;05231 San Vicente de Arévalo;Total;De 70 a 74 años;12
05 Ávila;05231 San Vicente de Arévalo;Total;De 75 a 79 años;9
05 Ávila;05231 San Vicente de Arévalo;Total;De 80 a 84 años;6
05 Ávila;05231 San Vicente de Arévalo;Total;De 85 a 89 años;3
05 Ávila;05231 San Vicente de Arévalo;Total;De 90 a 94 años;9
05 Ávila;05231 San Vicente de Arévalo;Total;De 95 a 99 años;3
05 Ávila;05231 San Vicente de Arévalo;Total;100 y más años;0
05 Ávila;05232 Serrada, La;Total;De 65 a 69 años;9
05 Ávila;05232 Serrada, La;Total;De 70 a 74 años;10
05 Ávila;05232 Serrada, La;Total;De 75 a 79 años;2
05 Ávila;05232 Serrada, La;Total;De 80 a 84 años;4
05 Ávila;05232 Serrada, La;Total;De 85 a 89 años;5
05 Ávila;05232 Serrada, La;Total;De 90 a 94 años;4
05 Ávila;05232 Serrada, La;Total;De 95 a 99 años;2
05 Ávila;05232 Serrada, La;Total;100 y más años;0
05 Ávila;05233 Serranillos;Total;De 65 a 69 años;21
05 Ávila;05233 Serranillos;Total;De 70 a 74 años;12
05 Ávila;05233 Serranillos;Total;De 75 a 79 años;16
05 Ávila;05233 Serranillos;Total;De 80 a 84 años;18
05 Ávila;05233 Serranillos;Total;De 85 a 89 años;14
05 Ávila;05233 Serranillos;Total;De 90 a 94 años;6
05 Ávila;05233 Serranillos;Total;De 95 a 99 años;0
05 Ávila;05233 Serranillos;Total;100 y más años;0
05 Ávila;05234 Sigeres;Total;De 65 a 69 años;5
05 Ávila;05234 Sigeres;Total;De 70 a 74 años;4
05 Ávila;05234 Sigeres;Total;De 75 a 79 años;8
05 Ávila;05234 Sigeres;Total;De 80 a 84 años;1
05 Ávila;05234 Sigeres;Total;De 85 a 89 años;1
05 Ávila;05234 Sigeres;Total;De 90 a 94 años;5
05 Ávila;05234 Sigeres;Total;De 95 a 99 años;1
05 Ávila;05234 Sigeres;Total;100 y más años;0
05 Ávila;05235 Sinlabajos;Total;De 65 a 69 años;10
05 Ávila;05235 Sinlabajos;Total;De 70 a 74 años;7
05 Ávila;05235 Sinlabajos;Total;De 75 a 79 años;4
05 Ávila;05235 Sinlabajos;Total;De 80 a 84 años;3
05 Ávila;05235 Sinlabajos;Total;De 85 a 89 años;15
05 Ávila;05235 Sinlabajos;Total;De 90 a 94 años;16
05 Ávila;05235 Sinlabajos;Total;De 95 a 99 años;9
05 Ávila;05235 Sinlabajos;Total;100 y más años;1
05 Ávila;05236 Solana de Ávila;Total;De 65 a 69 años;10
05 Ávila;05236 Solana de Ávila;Total;De 70 a 74 años;7
05 Ávila;05236 Solana de Ávila;Total;De 75 a 79 años;7
05 Ávila;05236 Solana de Ávila;Total;De 80 a 84 años;4
05 Ávila;05236 Solana de Ávila;Total;De 85 a 89 años;5
05 Ávila;05236 Solana de Ávila;Total;De 90 a 94 años;3
05 Ávila;05236 Solana de Ávila;Total;De 95 a 99 años;0
05 Ávila;05236 Solana de Ávila;Total;100 y más años;0
05 Ávila;05237 Solana de Rioalmar;Total;De 65 a 69 años;17
05 Ávila;05237 Solana de Rioalmar;Total;De 70 a 74 años;13
05 Ávila;05237 Solana de Rioalmar;Total;De 75 a 79 años;6
05 Ávila;05237 Solana de Rioalmar;Total;De 80 a 84 años;2
05 Ávila;05237 Solana de Rioalmar;Total;De 85 a 89 años;11
05 Ávila;05237 Solana de Rioalmar;Total;De 90 a 94 años;5
05 Ávila;05237 Solana de Rioalmar;Total;De 95 a 99 años;2
05 Ávila;05237 Solana de Rioalmar;Total;100 y más años;0
05 Ávila;05238 Solosancho;Total;De 65 a 69 años;67
05 Ávila;05238 Solosancho;Total;De 70 a 74 años;42
05 Ávila;05238 Solosancho;Total;De 75 a 79 años;47
05 Ávila;05238 Solosancho;Total;De 80 a 84 años;46
05 Ávila;05238 Solosancho;Total;De 85 a 89 años;38
05 Ávila;05238 Solosancho;Total;De 90 a 94 años;22
05 Ávila;05238 Solosancho;Total;De 95 a 99 años;1
05 Ávila;05238 Solosancho;Total;100 y más años;1
05 Ávila;05239 Sotalbo;Total;De 65 a 69 años;18
05 Ávila;05239 Sotalbo;Total;De 70 a 74 años;9
05 Ávila;05239 Sotalbo;Total;De 75 a 79 años;10
05 Ávila;05239 Sotalbo;Total;De 80 a 84 años;6
05 Ávila;05239 Sotalbo;Total;De 85 a 89 años;9
05 Ávila;05239 Sotalbo;Total;De 90 a 94 años;1
05 Ávila;05239 Sotalbo;Total;De 95 a 99 años;2
05 Ávila;05239 Sotalbo;Total;100 y más años;0
05 Ávila;05240 Sotillo de la Adrada;Total;De 65 a 69 años;299
05 Ávila;05240 Sotillo de la Adrada;Total;De 70 a 74 años;221
05 Ávila;05240 Sotillo de la Adrada;Total;De 75 a 79 años;189
05 Ávila;05240 Sotillo de la Adrada;Total;De 80 a 84 años;176
05 Ávila;05240 Sotillo de la Adrada;Total;De 85 a 89 años;95
05 Ávila;05240 Sotillo de la Adrada;Total;De 90 a 94 años;74
05 Ávila;05240 Sotillo de la Adrada;Total;De 95 a 99 años;28
05 Ávila;05240 Sotillo de la Adrada;Total;100 y más años;2
05 Ávila;05241 Tiemblo, El;Total;De 65 a 69 años;296
05 Ávila;05241 Tiemblo, El;Total;De 70 a 74 años;208
05 Ávila;05241 Tiemblo, El;Total;De 75 a 79 años;182
05 Ávila;05241 Tiemblo, El;Total;De 80 a 84 años;141
05 Ávila;05241 Tiemblo, El;Total;De 85 a 89 años;111
05 Ávila;05241 Tiemblo, El;Total;De 90 a 94 años;68
05 Ávila;05241 Tiemblo, El;Total;De 95 a 99 años;24
05 Ávila;05241 Tiemblo, El;Total;100 y más años;2
05 Ávila;05242 Tiñosillos;Total;De 65 a 69 años;64
05 Ávila;05242 Tiñosillos;Total;De 70 a 74 años;44
05 Ávila;05242 Tiñosillos;Total;De 75 a 79 años;30
05 Ávila;05242 Tiñosillos;Total;De 80 a 84 años;22
05 Ávila;05242 Tiñosillos;Total;De 85 a 89 años;11
05 Ávila;05242 Tiñosillos;Total;De 90 a 94 años;6
05 Ávila;05242 Tiñosillos;Total;De 95 a 99 años;1
05 Ávila;05242 Tiñosillos;Total;100 y más años;0
05 Ávila;05243 Tolbaños;Total;De 65 a 69 años;4
05 Ávila;05243 Tolbaños;Total;De 70 a 74 años;7
05 Ávila;05243 Tolbaños;Total;De 75 a 79 años;1
05 Ávila;05243 Tolbaños;Total;De 80 a 84 años;1
05 Ávila;05243 Tolbaños;Total;De 85 a 89 años;4
05 Ávila;05243 Tolbaños;Total;De 90 a 94 años;3
05 Ávila;05243 Tolbaños;Total;De 95 a 99 años;2
05 Ávila;05243 Tolbaños;Total;100 y más años;0
05 Ávila;05244 Tormellas;Total;De 65 a 69 años;8
05 Ávila;05244 Tormellas;Total;De 70 a 74 años;0
05 Ávila;05244 Tormellas;Total;De 75 a 79 años;5
05 Ávila;05244 Tormellas;Total;De 80 a 84 años;5
05 Ávila;05244 Tormellas;Total;De 85 a 89 años;3
05 Ávila;05244 Tormellas;Total;De 90 a 94 años;2
05 Ávila;05244 Tormellas;Total;De 95 a 99 años;1
05 Ávila;05244 Tormellas;Total;100 y más años;0
05 Ávila;05245 Tornadizos de Ávila;Total;De 65 a 69 años;19
05 Ávila;05245 Tornadizos de Ávila;Total;De 70 a 74 años;20
05 Ávila;05245 Tornadizos de Ávila;Total;De 75 a 79 años;14
05 Ávila;05245 Tornadizos de Ávila;Total;De 80 a 84 años;17
05 Ávila;05245 Tornadizos de Ávila;Total;De 85 a 89 años;10
05 Ávila;05245 Tornadizos de Ávila;Total;De 90 a 94 años;8
05 Ávila;05245 Tornadizos de Ávila;Total;De 95 a 99 años;3
05 Ávila;05245 Tornadizos de Ávila;Total;100 y más años;0
05 Ávila;05246 Tórtoles;Total;De 65 a 69 años;8
05 Ávila;05246 Tórtoles;Total;De 70 a 74 años;2
05 Ávila;05246 Tórtoles;Total;De 75 a 79 años;2
05 Ávila;05246 Tórtoles;Total;De 80 a 84 años;2
05 Ávila;05246 Tórtoles;Total;De 85 a 89 años;4
05 Ávila;05246 Tórtoles;Total;De 90 a 94 años;4
05 Ávila;05246 Tórtoles;Total;De 95 a 99 años;1
05 Ávila;05246 Tórtoles;Total;100 y más años;0
05 Ávila;05247 Torre, La;Total;De 65 a 69 años;13
05 Ávila;05247 Torre, La;Total;De 70 a 74 años;18
05 Ávila;05247 Torre, La;Total;De 75 a 79 años;11
05 Ávila;05247 Torre, La;Total;De 80 a 84 años;12
05 Ávila;05247 Torre, La;Total;De 85 a 89 años;13
05 Ávila;05247 Torre, La;Total;De 90 a 94 años;16
05 Ávila;05247 Torre, La;Total;De 95 a 99 años;7
05 Ávila;05247 Torre, La;Total;100 y más años;1
05 Ávila;05249 Umbrías;Total;De 65 a 69 años;7
05 Ávila;05249 Umbrías;Total;De 70 a 74 años;2
05 Ávila;05249 Umbrías;Total;De 75 a 79 años;2
05 Ávila;05249 Umbrías;Total;De 80 a 84 años;3
05 Ávila;05249 Umbrías;Total;De 85 a 89 años;5
05 Ávila;05249 Umbrías;Total;De 90 a 94 años;5
05 Ávila;05249 Umbrías;Total;De 95 a 99 años;1
05 Ávila;05249 Umbrías;Total;100 y más años;2
05 Ávila;05251 Vadillo de la Sierra;Total;De 65 a 69 años;6
05 Ávila;05251 Vadillo de la Sierra;Total;De 70 a 74 años;6
05 Ávila;05251 Vadillo de la Sierra;Total;De 75 a 79 años;2
05 Ávila;05251 Vadillo de la Sierra;Total;De 80 a 84 años;5
05 Ávila;05251 Vadillo de la Sierra;Total;De 85 a 89 años;4
05 Ávila;05251 Vadillo de la Sierra;Total;De 90 a 94 años;1
05 Ávila;05251 Vadillo de la Sierra;Total;De 95 a 99 años;0
05 Ávila;05251 Vadillo de la Sierra;Total;100 y más años;0
05 Ávila;05252 Valdecasa;Total;De 65 a 69 años;9
05 Ávila;05252 Valdecasa;Total;De 70 a 74 años;4
05 Ávila;05252 Valdecasa;Total;De 75 a 79 años;3
05 Ávila;05252 Valdecasa;Total;De 80 a 84 años;4
05 Ávila;05252 Valdecasa;Total;De 85 a 89 años;4
05 Ávila;05252 Valdecasa;Total;De 90 a 94 años;0
05 Ávila;05252 Valdecasa;Total;De 95 a 99 años;0
05 Ávila;05252 Valdecasa;Total;100 y más años;0
05 Ávila;05253 Vega de Santa María;Total;De 65 a 69 años;7
05 Ávila;05253 Vega de Santa María;Total;De 70 a 74 años;1
05 Ávila;05253 Vega de Santa María;Total;De 75 a 79 años;2
05 Ávila;05253 Vega de Santa María;Total;De 80 a 84 años;4
05 Ávila;05253 Vega de Santa María;Total;De 85 a 89 años;3
05 Ávila;05253 Vega de Santa María;Total;De 90 a 94 años;3
05 Ávila;05253 Vega de Santa María;Total;De 95 a 99 años;5
05 Ávila;05253 Vega de Santa María;Total;100 y más años;0
05 Ávila;05254 Velayos;Total;De 65 a 69 años;20
05 Ávila;05254 Velayos;Total;De 70 a 74 años;19
05 Ávila;05254 Velayos;Total;De 75 a 79 años;10
05 Ávila;05254 Velayos;Total;De 80 a 84 años;7
05 Ávila;05254 Velayos;Total;De 85 a 89 años;6
05 Ávila;05254 Velayos;Total;De 90 a 94 años;4
05 Ávila;05254 Velayos;Total;De 95 a 99 años;2
05 Ávila;05254 Velayos;Total;100 y más años;0
05 Ávila;05256 Villaflor;Total;De 65 a 69 años;14
05 Ávila;05256 Villaflor;Total;De 70 a 74 años;8
05 Ávila;05256 Villaflor;Total;De 75 a 79 años;9
05 Ávila;05256 Villaflor;Total;De 80 a 84 años;4
05 Ávila;05256 Villaflor;Total;De 85 a 89 años;5
05 Ávila;05256 Villaflor;Total;De 90 a 94 años;4
05 Ávila;05256 Villaflor;Total;De 95 a 99 años;1
05 Ávila;05256 Villaflor;Total;100 y más años;0
05 Ávila;05257 Villafranca de la Sierra;Total;De 65 a 69 años;14
05 Ávila;05257 Villafranca de la Sierra;Total;De 70 a 74 años;9
05 Ávila;05257 Villafranca de la Sierra;Total;De 75 a 79 años;7
05 Ávila;05257 Villafranca de la Sierra;Total;De 80 a 84 años;9
05 Ávila;05257 Villafranca de la Sierra;Total;De 85 a 89 años;2
05 Ávila;05257 Villafranca de la Sierra;Total;De 90 a 94 años;6
05 Ávila;05257 Villafranca de la Sierra;Total;De 95 a 99 años;0
05 Ávila;05257 Villafranca de la Sierra;Total;100 y más años;0
05 Ávila;05258 Villanueva de Gómez;Total;De 65 a 69 años;11
05 Ávila;05258 Villanueva de Gómez;Total;De 70 a 74 años;10
05 Ávila;05258 Villanueva de Gómez;Total;De 75 a 79 años;13
05 Ávila;05258 Villanueva de Gómez;Total;De 80 a 84 años;5
05 Ávila;05258 Villanueva de Gómez;Total;De 85 a 89 años;5
05 Ávila;05258 Villanueva de Gómez;Total;De 90 a 94 años;5
05 Ávila;05258 Villanueva de Gómez;Total;De 95 a 99 años;1
05 Ávila;05258 Villanueva de Gómez;Total;100 y más años;0
05 Ávila;05259 Villanueva del Aceral;Total;De 65 a 69 años;4
05 Ávila;05259 Villanueva del Aceral;Total;De 70 a 74 años;5
05 Ávila;05259 Villanueva del Aceral;Total;De 75 a 79 años;4
05 Ávila;05259 Villanueva del Aceral;Total;De 80 a 84 años;9
05 Ávila;05259 Villanueva del Aceral;Total;De 85 a 89 años;6
05 Ávila;05259 Villanueva del Aceral;Total;De 90 a 94 años;5
05 Ávila;05259 Villanueva del Aceral;Total;De 95 a 99 años;1
05 Ávila;05259 Villanueva del Aceral;Total;100 y más años;0
05 Ávila;05260 Villanueva del Campillo;Total;De 65 a 69 años;6
05 Ávila;05260 Villanueva del Campillo;Total;De 70 a 74 años;4
05 Ávila;05260 Villanueva del Campillo;Total;De 75 a 79 años;10
05 Ávila;05260 Villanueva del Campillo;Total;De 80 a 84 años;2
05 Ávila;05260 Villanueva del Campillo;Total;De 85 a 89 años;5
05 Ávila;05260 Villanueva del Campillo;Total;De 90 a 94 años;5
05 Ávila;05260 Villanueva del Campillo;Total;De 95 a 99 años;3
05 Ávila;05260 Villanueva del Campillo;Total;100 y más años;0
05 Ávila;05261 Villar de Corneja;Total;De 65 a 69 años;2
05 Ávila;05261 Villar de Corneja;Total;De 70 a 74 años;3
05 Ávila;05261 Villar de Corneja;Total;De 75 a 79 años;2
05 Ávila;05261 Villar de Corneja;Total;De 80 a 84 años;2
05 Ávila;05261 Villar de Corneja;Total;De 85 a 89 años;3
05 Ávila;05261 Villar de Corneja;Total;De 90 a 94 años;2
05 Ávila;05261 Villar de Corneja;Total;De 95 a 99 años;0
05 Ávila;05261 Villar de Corneja;Total;100 y más años;0
05 Ávila;05262 Villarejo del Valle;Total;De 65 a 69 años;32
05 Ávila;05262 Villarejo del Valle;Total;De 70 a 74 años;30
05 Ávila;05262 Villarejo del Valle;Total;De 75 a 79 años;26
05 Ávila;05262 Villarejo del Valle;Total;De 80 a 84 años;14
05 Ávila;05262 Villarejo del Valle;Total;De 85 a 89 años;16
05 Ávila;05262 Villarejo del Valle;Total;De 90 a 94 años;11
05 Ávila;05262 Villarejo del Valle;Total;De 95 a 99 años;2
05 Ávila;05262 Villarejo del Valle;Total;100 y más años;1
05 Ávila;05263 Villatoro;Total;De 65 a 69 años;18
05 Ávila;05263 Villatoro;Total;De 70 a 74 años;15
05 Ávila;05263 Villatoro;Total;De 75 a 79 años;13
05 Ávila;05263 Villatoro;Total;De 80 a 84 años;10
05 Ávila;05263 Villatoro;Total;De 85 a 89 años;4
05 Ávila;05263 Villatoro;Total;De 90 a 94 años;5
05 Ávila;05263 Villatoro;Total;De 95 a 99 años;0
05 Ávila;05263 Villatoro;Total;100 y más años;0
05 Ávila;05264 Viñegra de Moraña;Total;De 65 a 69 años;14
05 Ávila;05264 Viñegra de Moraña;Total;De 70 a 74 años;4
05 Ávila;05264 Viñegra de Moraña;Total;De 75 a 79 años;4
05 Ávila;05264 Viñegra de Moraña;Total;De 80 a 84 años;2
05 Ávila;05264 Viñegra de Moraña;Total;De 85 a 89 años;1
05 Ávila;05264 Viñegra de Moraña;Total;De 90 a 94 años;1
05 Ávila;05264 Viñegra de Moraña;Total;De 95 a 99 años;0
05 Ávila;05264 Viñegra de Moraña;Total;100 y más años;0
05 Ávila;05265 Vita;Total;De 65 a 69 años;4
05 Ávila;05265 Vita;Total;De 70 a 74 años;1
05 Ávila;05265 Vita;Total;De 75 a 79 años;4
05 Ávila;05265 Vita;Total;De 80 a 84 años;4
05 Ávila;05265 Vita;Total;De 85 a 89 años;6
05 Ávila;05265 Vita;Total;De 90 a 94 años;2
05 Ávila;05265 Vita;Total;De 95 a 99 años;0
05 Ávila;05265 Vita;Total;100 y más años;0
05 Ávila;05266 Zapardiel de la Cañada;Total;De 65 a 69 años;11
05 Ávila;05266 Zapardiel de la Cañada;Total;De 70 a 74 años;12
05 Ávila;05266 Zapardiel de la Cañada;Total;De 75 a 79 años;9
05 Ávila;05266 Zapardiel de la Cañada;Total;De 80 a 84 años;3
05 Ávila;05266 Zapardiel de la Cañada;Total;De 85 a 89 años;7
05 Ávila;05266 Zapardiel de la Cañada;Total;De 90 a 94 años;4
05 Ávila;05266 Zapardiel de la Cañada;Total;De 95 a 99 años;1
05 Ávila;05266 Zapardiel de la Cañada;Total;100 y más años;0
05 Ávila;05267 Zapardiel de la Ribera;Total;De 65 a 69 años;1
05 Ávila;05267 Zapardiel de la Ribera;Total;De 70 a 74 años;1
05 Ávila;05267 Zapardiel de la Ribera;Total;De 75 a 79 años;6
05 Ávila;05267 Zapardiel de la Ribera;Total;De 80 a 84 años;3
05 Ávila;05267 Zapardiel de la Ribera;Total;De 85 a 89 años;7
05 Ávila;05267 Zapardiel de la Ribera;Total;De 90 a 94 años;3
05 Ávila;05267 Zapardiel de la Ribera;Total;De 95 a 99 años;1
05 Ávila;05267 Zapardiel de la Ribera;Total;100 y más años;0
05 Ávila;05901 San Juan de Gredos;Total;De 65 a 69 años;26
05 Ávila;05901 San Juan de Gredos;Total;De 70 a 74 años;17
05 Ávila;05901 San Juan de Gredos;Total;De 75 a 79 años;11
05 Ávila;05901 San Juan de Gredos;Total;De 80 a 84 años;9
05 Ávila;05901 San Juan de Gredos;Total;De 85 a 89 años;13
05 Ávila;05901 San Juan de Gredos;Total;De 90 a 94 años;13
05 Ávila;05901 San Juan de Gredos;Total;De 95 a 99 años;3
05 Ávila;05901 San Juan de Gredos;Total;100 y más años;0
05 Ávila;05902 Santa María del Cubillo;Total;De 65 a 69 años;25
05 Ávila;05902 Santa María del Cubillo;Total;De 70 a 74 años;22
05 Ávila;05902 Santa María del Cubillo;Total;De 75 a 79 años;26
05 Ávila;05902 Santa María del Cubillo;Total;De 80 a 84 años;15
05 Ávila;05902 Santa María del Cubillo;Total;De 85 a 89 años;13
05 Ávila;05902 Santa María del Cubillo;Total;De 90 a 94 años;5
05 Ávila;05902 Santa María del Cubillo;Total;De 95 a 99 años;2
05 Ávila;05902 Santa María del Cubillo;Total;100 y más años;0
05 Ávila;05903 Diego del Carpio;Total;De 65 a 69 años;7
05 Ávila;05903 Diego del Carpio;Total;De 70 a 74 años;7
05 Ávila;05903 Diego del Carpio;Total;De 75 a 79 años;1
05 Ávila;05903 Diego del Carpio;Total;De 80 a 84 años;9
05 Ávila;05903 Diego del Carpio;Total;De 85 a 89 años;9
05 Ávila;05903 Diego del Carpio;Total;De 90 a 94 años;11
05 Ávila;05903 Diego del Carpio;Total;De 95 a 99 años;1
05 Ávila;05903 Diego del Carpio;Total;100 y más años;1
05 Ávila;05904 Santiago del Tormes;Total;De 65 a 69 años;11
05 Ávila;05904 Santiago del Tormes;Total;De 70 a 74 años;7
05 Ávila;05904 Santiago del Tormes;Total;De 75 a 79 años;10
05 Ávila;05904 Santiago del Tormes;Total;De 80 a 84 años;6
05 Ávila;05904 Santiago del Tormes;Total;De 85 a 89 años;5
05 Ávila;05904 Santiago del Tormes;Total;De 90 a 94 años;1
05 Ávila;05904 Santiago del Tormes;Total;De 95 a 99 años;0
05 Ávila;05904 Santiago del Tormes;Total;100 y más años;0
05 Ávila;05905 Villanueva de Ávila;Total;De 65 a 69 años;18
05 Ávila;05905 Villanueva de Ávila;Total;De 70 a 74 años;13
05 Ávila;05905 Villanueva de Ávila;Total;De 75 a 79 años;18
05 Ávila;05905 Villanueva de Ávila;Total;De 80 a 84 años;17
05 Ávila;05905 Villanueva de Ávila;Total;De 85 a 89 años;11
05 Ávila;05905 Villanueva de Ávila;Total;De 90 a 94 años;10
05 Ávila;05905 Villanueva de Ávila;Total;De 95 a 99 años;5
05 Ávila;05905 Villanueva de Ávila;Total;100 y más años;1
09 Burgos;09001 Abajas;Total;De 65 a 69 años;2
09 Burgos;09001 Abajas;Total;De 70 a 74 años;2
09 Burgos;09001 Abajas;Total;De 75 a 79 años;0
09 Burgos;09001 Abajas;Total;De 80 a 84 años;4
09 Burgos;09001 Abajas;Total;De 85 a 89 años;1
09 Burgos;09001 Abajas;Total;De 90 a 94 años;1
09 Burgos;09001 Abajas;Total;De 95 a 99 años;0
09 Burgos;09001 Abajas;Total;100 y más años;0
09 Burgos;09003 Adrada de Haza;Total;De 65 a 69 años;18
09 Burgos;09003 Adrada de Haza;Total;De 70 a 74 años;11
09 Burgos;09003 Adrada de Haza;Total;De 75 a 79 años;8
09 Burgos;09003 Adrada de Haza;Total;De 80 a 84 años;11
09 Burgos;09003 Adrada de Haza;Total;De 85 a 89 años;4
09 Burgos;09003 Adrada de Haza;Total;De 90 a 94 años;6
09 Burgos;09003 Adrada de Haza;Total;De 95 a 99 años;2
09 Burgos;09003 Adrada de Haza;Total;100 y más años;1
09 Burgos;09006 Aguas Cándidas;Total;De 65 a 69 años;5
09 Burgos;09006 Aguas Cándidas;Total;De 70 a 74 años;4
09 Burgos;09006 Aguas Cándidas;Total;De 75 a 79 años;6
09 Burgos;09006 Aguas Cándidas;Total;De 80 a 84 años;2
09 Burgos;09006 Aguas Cándidas;Total;De 85 a 89 años;3
09 Burgos;09006 Aguas Cándidas;Total;De 90 a 94 años;6
09 Burgos;09006 Aguas Cándidas;Total;De 95 a 99 años;0
09 Burgos;09006 Aguas Cándidas;Total;100 y más años;0
09 Burgos;09007 Aguilar de Bureba;Total;De 65 a 69 años;2
09 Burgos;09007 Aguilar de Bureba;Total;De 70 a 74 años;3
09 Burgos;09007 Aguilar de Bureba;Total;De 75 a 79 años;2
09 Burgos;09007 Aguilar de Bureba;Total;De 80 a 84 años;0
09 Burgos;09007 Aguilar de Bureba;Total;De 85 a 89 años;1
09 Burgos;09007 Aguilar de Bureba;Total;De 90 a 94 años;2
09 Burgos;09007 Aguilar de Bureba;Total;De 95 a 99 años;1
09 Burgos;09007 Aguilar de Bureba;Total;100 y más años;0
09 Burgos;09009 Albillos;Total;De 65 a 69 años;10
09 Burgos;09009 Albillos;Total;De 70 a 74 años;9
09 Burgos;09009 Albillos;Total;De 75 a 79 años;8
09 Burgos;09009 Albillos;Total;De 80 a 84 años;2
09 Burgos;09009 Albillos;Total;De 85 a 89 años;1
09 Burgos;09009 Albillos;Total;De 90 a 94 años;1
09 Burgos;09009 Albillos;Total;De 95 a 99 años;0
09 Burgos;09009 Albillos;Total;100 y más años;0
09 Burgos;09010 Alcocero de Mola;Total;De 65 a 69 años;5
09 Burgos;09010 Alcocero de Mola;Total;De 70 a 74 años;5
09 Burgos;09010 Alcocero de Mola;Total;De 75 a 79 años;0
09 Burgos;09010 Alcocero de Mola;Total;De 80 a 84 años;1
09 Burgos;09010 Alcocero de Mola;Total;De 85 a 89 años;3
09 Burgos;09010 Alcocero de Mola;Total;De 90 a 94 años;1
09 Burgos;09010 Alcocero de Mola;Total;De 95 a 99 años;0
09 Burgos;09010 Alcocero de Mola;Total;100 y más años;0
09 Burgos;09011 Alfoz de Bricia;Total;De 65 a 69 años;6
09 Burgos;09011 Alfoz de Bricia;Total;De 70 a 74 años;6
09 Burgos;09011 Alfoz de Bricia;Total;De 75 a 79 años;4
09 Burgos;09011 Alfoz de Bricia;Total;De 80 a 84 años;3
09 Burgos;09011 Alfoz de Bricia;Total;De 85 a 89 años;2
09 Burgos;09011 Alfoz de Bricia;Total;De 90 a 94 años;2
09 Burgos;09011 Alfoz de Bricia;Total;De 95 a 99 años;0
09 Burgos;09011 Alfoz de Bricia;Total;100 y más años;0
09 Burgos;09012 Alfoz de Santa Gadea;Total;De 65 a 69 años;11
09 Burgos;09012 Alfoz de Santa Gadea;Total;De 70 a 74 años;4
09 Burgos;09012 Alfoz de Santa Gadea;Total;De 75 a 79 años;4
09 Burgos;09012 Alfoz de Santa Gadea;Total;De 80 a 84 años;4
09 Burgos;09012 Alfoz de Santa Gadea;Total;De 85 a 89 años;4
09 Burgos;09012 Alfoz de Santa Gadea;Total;De 90 a 94 años;3
09 Burgos;09012 Alfoz de Santa Gadea;Total;De 95 a 99 años;1
09 Burgos;09012 Alfoz de Santa Gadea;Total;100 y más años;0
09 Burgos;09013 Altable;Total;De 65 a 69 años;3
09 Burgos;09013 Altable;Total;De 70 a 74 años;1
09 Burgos;09013 Altable;Total;De 75 a 79 años;1
09 Burgos;09013 Altable;Total;De 80 a 84 años;2
09 Burgos;09013 Altable;Total;De 85 a 89 años;3
09 Burgos;09013 Altable;Total;De 90 a 94 años;0
09 Burgos;09013 Altable;Total;De 95 a 99 años;0
09 Burgos;09013 Altable;Total;100 y más años;0
09 Burgos;09014 Altos, Los;Total;De 65 a 69 años;20
09 Burgos;09014 Altos, Los;Total;De 70 a 74 años;11
09 Burgos;09014 Altos, Los;Total;De 75 a 79 años;13
09 Burgos;09014 Altos, Los;Total;De 80 a 84 años;13
09 Burgos;09014 Altos, Los;Total;De 85 a 89 años;5
09 Burgos;09014 Altos, Los;Total;De 90 a 94 años;4
09 Burgos;09014 Altos, Los;Total;De 95 a 99 años;1
09 Burgos;09014 Altos, Los;Total;100 y más años;0
09 Burgos;09016 Ameyugo;Total;De 65 a 69 años;5
09 Burgos;09016 Ameyugo;Total;De 70 a 74 años;7
09 Burgos;09016 Ameyugo;Total;De 75 a 79 años;6
09 Burgos;09016 Ameyugo;Total;De 80 a 84 años;3
09 Burgos;09016 Ameyugo;Total;De 85 a 89 años;1
09 Burgos;09016 Ameyugo;Total;De 90 a 94 años;0
09 Burgos;09016 Ameyugo;Total;De 95 a 99 años;0
09 Burgos;09016 Ameyugo;Total;100 y más años;0
09 Burgos;09017 Anguix;Total;De 65 a 69 años;6
09 Burgos;09017 Anguix;Total;De 70 a 74 años;8
09 Burgos;09017 Anguix;Total;De 75 a 79 años;7
09 Burgos;09017 Anguix;Total;De 80 a 84 años;14
09 Burgos;09017 Anguix;Total;De 85 a 89 años;4
09 Burgos;09017 Anguix;Total;De 90 a 94 años;5
09 Burgos;09017 Anguix;Total;De 95 a 99 años;0
09 Burgos;09017 Anguix;Total;100 y más años;0
09 Burgos;09018 Aranda de Duero;Total;De 65 a 69 años;2.149
09 Burgos;09018 Aranda de Duero;Total;De 70 a 74 años;1.735
09 Burgos;09018 Aranda de Duero;Total;De 75 a 79 años;1.616
09 Burgos;09018 Aranda de Duero;Total;De 80 a 84 años;1.192
09 Burgos;09018 Aranda de Duero;Total;De 85 a 89 años;725
09 Burgos;09018 Aranda de Duero;Total;De 90 a 94 años;408
09 Burgos;09018 Aranda de Duero;Total;De 95 a 99 años;114
09 Burgos;09018 Aranda de Duero;Total;100 y más años;24
09 Burgos;09019 Arandilla;Total;De 65 a 69 años;17
09 Burgos;09019 Arandilla;Total;De 70 a 74 años;13
09 Burgos;09019 Arandilla;Total;De 75 a 79 años;17
09 Burgos;09019 Arandilla;Total;De 80 a 84 años;11
09 Burgos;09019 Arandilla;Total;De 85 a 89 años;4
09 Burgos;09019 Arandilla;Total;De 90 a 94 años;2
09 Burgos;09019 Arandilla;Total;De 95 a 99 años;0
09 Burgos;09019 Arandilla;Total;100 y más años;0
09 Burgos;09020 Arauzo de Miel;Total;De 65 a 69 años;20
09 Burgos;09020 Arauzo de Miel;Total;De 70 a 74 años;19
09 Burgos;09020 Arauzo de Miel;Total;De 75 a 79 años;10
09 Burgos;09020 Arauzo de Miel;Total;De 80 a 84 años;16
09 Burgos;09020 Arauzo de Miel;Total;De 85 a 89 años;11
09 Burgos;09020 Arauzo de Miel;Total;De 90 a 94 años;12
09 Burgos;09020 Arauzo de Miel;Total;De 95 a 99 años;2
09 Burgos;09020 Arauzo de Miel;Total;100 y más años;0
09 Burgos;09021 Arauzo de Salce;Total;De 65 a 69 años;3
09 Burgos;09021 Arauzo de Salce;Total;De 70 a 74 años;2
09 Burgos;09021 Arauzo de Salce;Total;De 75 a 79 años;2
09 Burgos;09021 Arauzo de Salce;Total;De 80 a 84 años;1
09 Burgos;09021 Arauzo de Salce;Total;De 85 a 89 años;1
09 Burgos;09021 Arauzo de Salce;Total;De 90 a 94 años;2
09 Burgos;09021 Arauzo de Salce;Total;De 95 a 99 años;0
09 Burgos;09021 Arauzo de Salce;Total;100 y más años;0
09 Burgos;09022 Arauzo de Torre;Total;De 65 a 69 años;9
09 Burgos;09022 Arauzo de Torre;Total;De 70 a 74 años;4
09 Burgos;09022 Arauzo de Torre;Total;De 75 a 79 años;7
09 Burgos;09022 Arauzo de Torre;Total;De 80 a 84 años;4
09 Burgos;09022 Arauzo de Torre;Total;De 85 a 89 años;2
09 Burgos;09022 Arauzo de Torre;Total;De 90 a 94 años;1
09 Burgos;09022 Arauzo de Torre;Total;De 95 a 99 años;1
09 Burgos;09022 Arauzo de Torre;Total;100 y más años;0
09 Burgos;09023 Arcos;Total;De 65 a 69 años;43
09 Burgos;09023 Arcos;Total;De 70 a 74 años;38
09 Burgos;09023 Arcos;Total;De 75 a 79 años;20
09 Burgos;09023 Arcos;Total;De 80 a 84 años;18
09 Burgos;09023 Arcos;Total;De 85 a 89 años;15
09 Burgos;09023 Arcos;Total;De 90 a 94 años;4
09 Burgos;09023 Arcos;Total;De 95 a 99 años;2
09 Burgos;09023 Arcos;Total;100 y más años;0
09 Burgos;09024 Arenillas de Riopisuerga;Total;De 65 a 69 años;18
09 Burgos;09024 Arenillas de Riopisuerga;Total;De 70 a 74 años;17
09 Burgos;09024 Arenillas de Riopisuerga;Total;De 75 a 79 años;10
09 Burgos;09024 Arenillas de Riopisuerga;Total;De 80 a 84 años;11
09 Burgos;09024 Arenillas de Riopisuerga;Total;De 85 a 89 años;0
09 Burgos;09024 Arenillas de Riopisuerga;Total;De 90 a 94 años;5
09 Burgos;09024 Arenillas de Riopisuerga;Total;De 95 a 99 años;2
09 Burgos;09024 Arenillas de Riopisuerga;Total;100 y más años;0
09 Burgos;09025 Arija;Total;De 65 a 69 años;12
09 Burgos;09025 Arija;Total;De 70 a 74 años;6
09 Burgos;09025 Arija;Total;De 75 a 79 años;7
09 Burgos;09025 Arija;Total;De 80 a 84 años;7
09 Burgos;09025 Arija;Total;De 85 a 89 años;4
09 Burgos;09025 Arija;Total;De 90 a 94 años;6
09 Burgos;09025 Arija;Total;De 95 a 99 años;0
09 Burgos;09025 Arija;Total;100 y más años;0
09 Burgos;09026 Arlanzón;Total;De 65 a 69 años;56
09 Burgos;09026 Arlanzón;Total;De 70 a 74 años;40
09 Burgos;09026 Arlanzón;Total;De 75 a 79 años;28
09 Burgos;09026 Arlanzón;Total;De 80 a 84 años;11
09 Burgos;09026 Arlanzón;Total;De 85 a 89 años;8
09 Burgos;09026 Arlanzón;Total;De 90 a 94 años;7
09 Burgos;09026 Arlanzón;Total;De 95 a 99 años;5
09 Burgos;09026 Arlanzón;Total;100 y más años;0
09 Burgos;09027 Arraya de Oca;Total;De 65 a 69 años;7
09 Burgos;09027 Arraya de Oca;Total;De 70 a 74 años;3
09 Burgos;09027 Arraya de Oca;Total;De 75 a 79 años;1
09 Burgos;09027 Arraya de Oca;Total;De 80 a 84 años;2
09 Burgos;09027 Arraya de Oca;Total;De 85 a 89 años;1
09 Burgos;09027 Arraya de Oca;Total;De 90 a 94 años;0
09 Burgos;09027 Arraya de Oca;Total;De 95 a 99 años;0
09 Burgos;09027 Arraya de Oca;Total;100 y más años;0
09 Burgos;09029 Atapuerca;Total;De 65 a 69 años;14
09 Burgos;09029 Atapuerca;Total;De 70 a 74 años;12
09 Burgos;09029 Atapuerca;Total;De 75 a 79 años;13
09 Burgos;09029 Atapuerca;Total;De 80 a 84 años;4
09 Burgos;09029 Atapuerca;Total;De 85 a 89 años;3
09 Burgos;09029 Atapuerca;Total;De 90 a 94 años;7
09 Burgos;09029 Atapuerca;Total;De 95 a 99 años;4
09 Burgos;09029 Atapuerca;Total;100 y más años;0
09 Burgos;09030 Ausines, Los;Total;De 65 a 69 años;12
09 Burgos;09030 Ausines, Los;Total;De 70 a 74 años;15
09 Burgos;09030 Ausines, Los;Total;De 75 a 79 años;16
09 Burgos;09030 Ausines, Los;Total;De 80 a 84 años;6
09 Burgos;09030 Ausines, Los;Total;De 85 a 89 años;5
09 Burgos;09030 Ausines, Los;Total;De 90 a 94 años;2
09 Burgos;09030 Ausines, Los;Total;De 95 a 99 años;2
09 Burgos;09030 Ausines, Los;Total;100 y más años;0
09 Burgos;09032 Avellanosa de Muñó;Total;De 65 a 69 años;8
09 Burgos;09032 Avellanosa de Muñó;Total;De 70 a 74 años;5
09 Burgos;09032 Avellanosa de Muñó;Total;De 75 a 79 años;8
09 Burgos;09032 Avellanosa de Muñó;Total;De 80 a 84 años;3
09 Burgos;09032 Avellanosa de Muñó;Total;De 85 a 89 años;6
09 Burgos;09032 Avellanosa de Muñó;Total;De 90 a 94 años;5
09 Burgos;09032 Avellanosa de Muñó;Total;De 95 a 99 años;2
09 Burgos;09032 Avellanosa de Muñó;Total;100 y más años;0
09 Burgos;09033 Bahabón de Esgueva;Total;De 65 a 69 años;6
09 Burgos;09033 Bahabón de Esgueva;Total;De 70 a 74 años;6
09 Burgos;09033 Bahabón de Esgueva;Total;De 75 a 79 años;4
09 Burgos;09033 Bahabón de Esgueva;Total;De 80 a 84 años;5
09 Burgos;09033 Bahabón de Esgueva;Total;De 85 a 89 años;4
09 Burgos;09033 Bahabón de Esgueva;Total;De 90 a 94 años;1
09 Burgos;09033 Bahabón de Esgueva;Total;De 95 a 99 años;0
09 Burgos;09033 Bahabón de Esgueva;Total;100 y más años;0
09 Burgos;09034 Balbases, Los;Total;De 65 a 69 años;27
09 Burgos;09034 Balbases, Los;Total;De 70 a 74 años;25
09 Burgos;09034 Balbases, Los;Total;De 75 a 79 años;18
09 Burgos;09034 Balbases, Los;Total;De 80 a 84 años;23
09 Burgos;09034 Balbases, Los;Total;De 85 a 89 años;25
09 Burgos;09034 Balbases, Los;Total;De 90 a 94 años;10
09 Burgos;09034 Balbases, Los;Total;De 95 a 99 años;2
09 Burgos;09034 Balbases, Los;Total;100 y más años;0
09 Burgos;09035 Baños de Valdearados;Total;De 65 a 69 años;25
09 Burgos;09035 Baños de Valdearados;Total;De 70 a 74 años;20
09 Burgos;09035 Baños de Valdearados;Total;De 75 a 79 años;19
09 Burgos;09035 Baños de Valdearados;Total;De 80 a 84 años;24
09 Burgos;09035 Baños de Valdearados;Total;De 85 a 89 años;8
09 Burgos;09035 Baños de Valdearados;Total;De 90 a 94 años;4
09 Burgos;09035 Baños de Valdearados;Total;De 95 a 99 años;3
09 Burgos;09035 Baños de Valdearados;Total;100 y más años;0
09 Burgos;09036 Bañuelos de Bureba;Total;De 65 a 69 años;3
09 Burgos;09036 Bañuelos de Bureba;Total;De 70 a 74 años;2
09 Burgos;09036 Bañuelos de Bureba;Total;De 75 a 79 años;1
09 Burgos;09036 Bañuelos de Bureba;Total;De 80 a 84 años;0
09 Burgos;09036 Bañuelos de Bureba;Total;De 85 a 89 años;2
09 Burgos;09036 Bañuelos de Bureba;Total;De 90 a 94 años;2
09 Burgos;09036 Bañuelos de Bureba;Total;De 95 a 99 años;0
09 Burgos;09036 Bañuelos de Bureba;Total;100 y más años;0
09 Burgos;09037 Barbadillo de Herreros;Total;De 65 a 69 años;6
09 Burgos;09037 Barbadillo de Herreros;Total;De 70 a 74 años;6
09 Burgos;09037 Barbadillo de Herreros;Total;De 75 a 79 años;15
09 Burgos;09037 Barbadillo de Herreros;Total;De 80 a 84 años;5
09 Burgos;09037 Barbadillo de Herreros;Total;De 85 a 89 años;4
09 Burgos;09037 Barbadillo de Herreros;Total;De 90 a 94 años;8
09 Burgos;09037 Barbadillo de Herreros;Total;De 95 a 99 años;1
09 Burgos;09037 Barbadillo de Herreros;Total;100 y más años;0
09 Burgos;09038 Barbadillo del Mercado;Total;De 65 a 69 años;20
09 Burgos;09038 Barbadillo del Mercado;Total;De 70 a 74 años;12
09 Burgos;09038 Barbadillo del Mercado;Total;De 75 a 79 años;4
09 Burgos;09038 Barbadillo del Mercado;Total;De 80 a 84 años;11
09 Burgos;09038 Barbadillo del Mercado;Total;De 85 a 89 años;4
09 Burgos;09038 Barbadillo del Mercado;Total;De 90 a 94 años;5
09 Burgos;09038 Barbadillo del Mercado;Total;De 95 a 99 años;3
09 Burgos;09038 Barbadillo del Mercado;Total;100 y más años;0
09 Burgos;09039 Barbadillo del Pez;Total;De 65 a 69 años;10
09 Burgos;09039 Barbadillo del Pez;Total;De 70 a 74 años;5
09 Burgos;09039 Barbadillo del Pez;Total;De 75 a 79 años;5
09 Burgos;09039 Barbadillo del Pez;Total;De 80 a 84 años;2
09 Burgos;09039 Barbadillo del Pez;Total;De 85 a 89 años;2
09 Burgos;09039 Barbadillo del Pez;Total;De 90 a 94 años;2
09 Burgos;09039 Barbadillo del Pez;Total;De 95 a 99 años;1
09 Burgos;09039 Barbadillo del Pez;Total;100 y más años;0
09 Burgos;09041 Barrio de Muñó;Total;De 65 a 69 años;1
09 Burgos;09041 Barrio de Muñó;Total;De 70 a 74 años;1
09 Burgos;09041 Barrio de Muñó;Total;De 75 a 79 años;3
09 Burgos;09041 Barrio de Muñó;Total;De 80 a 84 años;5
09 Burgos;09041 Barrio de Muñó;Total;De 85 a 89 años;1
09 Burgos;09041 Barrio de Muñó;Total;De 90 a 94 años;1
09 Burgos;09041 Barrio de Muñó;Total;De 95 a 99 años;0
09 Burgos;09041 Barrio de Muñó;Total;100 y más años;0
09 Burgos;09043 Barrios de Bureba, Los;Total;De 65 a 69 años;17
09 Burgos;09043 Barrios de Bureba, Los;Total;De 70 a 74 años;10
09 Burgos;09043 Barrios de Bureba, Los;Total;De 75 a 79 años;10
09 Burgos;09043 Barrios de Bureba, Los;Total;De 80 a 84 años;13
09 Burgos;09043 Barrios de Bureba, Los;Total;De 85 a 89 años;9
09 Burgos;09043 Barrios de Bureba, Los;Total;De 90 a 94 años;7
09 Burgos;09043 Barrios de Bureba, Los;Total;De 95 a 99 años;2
09 Burgos;09043 Barrios de Bureba, Los;Total;100 y más años;0
09 Burgos;09044 Barrios de Colina;Total;De 65 a 69 años;7
09 Burgos;09044 Barrios de Colina;Total;De 70 a 74 años;11
09 Burgos;09044 Barrios de Colina;Total;De 75 a 79 años;2
09 Burgos;09044 Barrios de Colina;Total;De 80 a 84 años;1
09 Burgos;09044 Barrios de Colina;Total;De 85 a 89 años;2
09 Burgos;09044 Barrios de Colina;Total;De 90 a 94 años;0
09 Burgos;09044 Barrios de Colina;Total;De 95 a 99 años;0
09 Burgos;09044 Barrios de Colina;Total;100 y más años;1
09 Burgos;09045 Basconcillos del Tozo;Total;De 65 a 69 años;45
09 Burgos;09045 Basconcillos del Tozo;Total;De 70 a 74 años;17
09 Burgos;09045 Basconcillos del Tozo;Total;De 75 a 79 años;18
09 Burgos;09045 Basconcillos del Tozo;Total;De 80 a 84 años;14
09 Burgos;09045 Basconcillos del Tozo;Total;De 85 a 89 años;8
09 Burgos;09045 Basconcillos del Tozo;Total;De 90 a 94 años;5
09 Burgos;09045 Basconcillos del Tozo;Total;De 95 a 99 años;2
09 Burgos;09045 Basconcillos del Tozo;Total;100 y más años;0
09 Burgos;09046 Bascuñana;Total;De 65 a 69 años;2
09 Burgos;09046 Bascuñana;Total;De 70 a 74 años;3
09 Burgos;09046 Bascuñana;Total;De 75 a 79 años;0
09 Burgos;09046 Bascuñana;Total;De 80 a 84 años;0
09 Burgos;09046 Bascuñana;Total;De 85 a 89 años;3
09 Burgos;09046 Bascuñana;Total;De 90 a 94 años;1
09 Burgos;09046 Bascuñana;Total;De 95 a 99 años;0
09 Burgos;09046 Bascuñana;Total;100 y más años;0
09 Burgos;09047 Belbimbre;Total;De 65 a 69 años;2
09 Burgos;09047 Belbimbre;Total;De 70 a 74 años;3
09 Burgos;09047 Belbimbre;Total;De 75 a 79 años;4
09 Burgos;09047 Belbimbre;Total;De 80 a 84 años;1
09 Burgos;09047 Belbimbre;Total;De 85 a 89 años;2
09 Burgos;09047 Belbimbre;Total;De 90 a 94 años;2
09 Burgos;09047 Belbimbre;Total;De 95 a 99 años;0
09 Burgos;09047 Belbimbre;Total;100 y más años;0
09 Burgos;09048 Belorado;Total;De 65 a 69 años;128
09 Burgos;09048 Belorado;Total;De 70 a 74 años;99
09 Burgos;09048 Belorado;Total;De 75 a 79 años;83
09 Burgos;09048 Belorado;Total;De 80 a 84 años;77
09 Burgos;09048 Belorado;Total;De 85 a 89 años;69
09 Burgos;09048 Belorado;Total;De 90 a 94 años;39
09 Burgos;09048 Belorado;Total;De 95 a 99 años;17
09 Burgos;09048 Belorado;Total;100 y más años;1
09 Burgos;09050 Berberana;Total;De 65 a 69 años;4
09 Burgos;09050 Berberana;Total;De 70 a 74 años;0
09 Burgos;09050 Berberana;Total;De 75 a 79 años;1
09 Burgos;09050 Berberana;Total;De 80 a 84 años;3
09 Burgos;09050 Berberana;Total;De 85 a 89 años;1
09 Burgos;09050 Berberana;Total;De 90 a 94 años;1
09 Burgos;09050 Berberana;Total;De 95 a 99 años;2
09 Burgos;09050 Berberana;Total;100 y más años;0
09 Burgos;09051 Berlangas de Roa;Total;De 65 a 69 años;17
09 Burgos;09051 Berlangas de Roa;Total;De 70 a 74 años;10
09 Burgos;09051 Berlangas de Roa;Total;De 75 a 79 años;12
09 Burgos;09051 Berlangas de Roa;Total;De 80 a 84 años;11
09 Burgos;09051 Berlangas de Roa;Total;De 85 a 89 años;10
09 Burgos;09051 Berlangas de Roa;Total;De 90 a 94 años;9
09 Burgos;09051 Berlangas de Roa;Total;De 95 a 99 años;2
09 Burgos;09051 Berlangas de Roa;Total;100 y más años;0
09 Burgos;09052 Berzosa de Bureba;Total;De 65 a 69 años;1
09 Burgos;09052 Berzosa de Bureba;Total;De 70 a 74 años;3
09 Burgos;09052 Berzosa de Bureba;Total;De 75 a 79 años;3
09 Burgos;09052 Berzosa de Bureba;Total;De 80 a 84 años;0
09 Burgos;09052 Berzosa de Bureba;Total;De 85 a 89 años;1
09 Burgos;09052 Berzosa de Bureba;Total;De 90 a 94 años;1
09 Burgos;09052 Berzosa de Bureba;Total;De 95 a 99 años;1
09 Burgos;09052 Berzosa de Bureba;Total;100 y más años;0
09 Burgos;09054 Bozoó;Total;De 65 a 69 años;12
09 Burgos;09054 Bozoó;Total;De 70 a 74 años;8
09 Burgos;09054 Bozoó;Total;De 75 a 79 años;10
09 Burgos;09054 Bozoó;Total;De 80 a 84 años;0
09 Burgos;09054 Bozoó;Total;De 85 a 89 años;6
09 Burgos;09054 Bozoó;Total;De 90 a 94 años;1
09 Burgos;09054 Bozoó;Total;De 95 a 99 años;2
09 Burgos;09054 Bozoó;Total;100 y más años;0
09 Burgos;09055 Brazacorta;Total;De 65 a 69 años;5
09 Burgos;09055 Brazacorta;Total;De 70 a 74 años;4
09 Burgos;09055 Brazacorta;Total;De 75 a 79 años;4
09 Burgos;09055 Brazacorta;Total;De 80 a 84 años;2
09 Burgos;09055 Brazacorta;Total;De 85 a 89 años;3
09 Burgos;09055 Brazacorta;Total;De 90 a 94 años;4
09 Burgos;09055 Brazacorta;Total;De 95 a 99 años;0
09 Burgos;09055 Brazacorta;Total;100 y más años;0
09 Burgos;09056 Briviesca;Total;De 65 a 69 años;458
09 Burgos;09056 Briviesca;Total;De 70 a 74 años;320
09 Burgos;09056 Briviesca;Total;De 75 a 79 años;228
09 Burgos;09056 Briviesca;Total;De 80 a 84 años;166
09 Burgos;09056 Briviesca;Total;De 85 a 89 años;141
09 Burgos;09056 Briviesca;Total;De 90 a 94 años;91
09 Burgos;09056 Briviesca;Total;De 95 a 99 años;23
09 Burgos;09056 Briviesca;Total;100 y más años;2
09 Burgos;09057 Bugedo;Total;De 65 a 69 años;15
09 Burgos;09057 Bugedo;Total;De 70 a 74 años;9
09 Burgos;09057 Bugedo;Total;De 75 a 79 años;8
09 Burgos;09057 Bugedo;Total;De 80 a 84 años;8
09 Burgos;09057 Bugedo;Total;De 85 a 89 años;9
09 Burgos;09057 Bugedo;Total;De 90 a 94 años;5
09 Burgos;09057 Bugedo;Total;De 95 a 99 años;1
09 Burgos;09057 Bugedo;Total;100 y más años;0
09 Burgos;09058 Buniel;Total;De 65 a 69 años;24
09 Burgos;09058 Buniel;Total;De 70 a 74 años;16
09 Burgos;09058 Buniel;Total;De 75 a 79 años;20
09 Burgos;09058 Buniel;Total;De 80 a 84 años;8
09 Burgos;09058 Buniel;Total;De 85 a 89 años;2
09 Burgos;09058 Buniel;Total;De 90 a 94 años;1
09 Burgos;09058 Buniel;Total;De 95 a 99 años;2
09 Burgos;09058 Buniel;Total;100 y más años;0
09 Burgos;09059 Burgos;Total;De 65 a 69 años;11.763
09 Burgos;09059 Burgos;Total;De 70 a 74 años;10.020
09 Burgos;09059 Burgos;Total;De 75 a 79 años;8.634
09 Burgos;09059 Burgos;Total;De 80 a 84 años;6.389
09 Burgos;09059 Burgos;Total;De 85 a 89 años;4.011
09 Burgos;09059 Burgos;Total;De 90 a 94 años;2.484
09 Burgos;09059 Burgos;Total;De 95 a 99 años;832
09 Burgos;09059 Burgos;Total;100 y más años;145
09 Burgos;09060 Busto de Bureba;Total;De 65 a 69 años;9
09 Burgos;09060 Busto de Bureba;Total;De 70 a 74 años;7
09 Burgos;09060 Busto de Bureba;Total;De 75 a 79 años;5
09 Burgos;09060 Busto de Bureba;Total;De 80 a 84 años;5
09 Burgos;09060 Busto de Bureba;Total;De 85 a 89 años;11
09 Burgos;09060 Busto de Bureba;Total;De 90 a 94 años;8
09 Burgos;09060 Busto de Bureba;Total;De 95 a 99 años;2
09 Burgos;09060 Busto de Bureba;Total;100 y más años;0
09 Burgos;09061 Cabañes de Esgueva;Total;De 65 a 69 años;18
09 Burgos;09061 Cabañes de Esgueva;Total;De 70 a 74 años;10
09 Burgos;09061 Cabañes de Esgueva;Total;De 75 a 79 años;12
09 Burgos;09061 Cabañes de Esgueva;Total;De 80 a 84 años;9
09 Burgos;09061 Cabañes de Esgueva;Total;De 85 a 89 años;8
09 Burgos;09061 Cabañes de Esgueva;Total;De 90 a 94 años;6
09 Burgos;09061 Cabañes de Esgueva;Total;De 95 a 99 años;2
09 Burgos;09061 Cabañes de Esgueva;Total;100 y más años;0
09 Burgos;09062 Cabezón de la Sierra;Total;De 65 a 69 años;5
09 Burgos;09062 Cabezón de la Sierra;Total;De 70 a 74 años;3
09 Burgos;09062 Cabezón de la Sierra;Total;De 75 a 79 años;9
09 Burgos;09062 Cabezón de la Sierra;Total;De 80 a 84 años;5
09 Burgos;09062 Cabezón de la Sierra;Total;De 85 a 89 años;1
09 Burgos;09062 Cabezón de la Sierra;Total;De 90 a 94 años;2
09 Burgos;09062 Cabezón de la Sierra;Total;De 95 a 99 años;0
09 Burgos;09062 Cabezón de la Sierra;Total;100 y más años;0
09 Burgos;09063 Cavia;Total;De 65 a 69 años;17
09 Burgos;09063 Cavia;Total;De 70 a 74 años;17
09 Burgos;09063 Cavia;Total;De 75 a 79 años;12
09 Burgos;09063 Cavia;Total;De 80 a 84 años;4
09 Burgos;09063 Cavia;Total;De 85 a 89 años;2
09 Burgos;09063 Cavia;Total;De 90 a 94 años;5
09 Burgos;09063 Cavia;Total;De 95 a 99 años;0
09 Burgos;09063 Cavia;Total;100 y más años;0
09 Burgos;09064 Caleruega;Total;De 65 a 69 años;29
09 Burgos;09064 Caleruega;Total;De 70 a 74 años;24
09 Burgos;09064 Caleruega;Total;De 75 a 79 años;13
09 Burgos;09064 Caleruega;Total;De 80 a 84 años;14
09 Burgos;09064 Caleruega;Total;De 85 a 89 años;24
09 Burgos;09064 Caleruega;Total;De 90 a 94 años;16
09 Burgos;09064 Caleruega;Total;De 95 a 99 años;1
09 Burgos;09064 Caleruega;Total;100 y más años;0
09 Burgos;09065 Campillo de Aranda;Total;De 65 a 69 años;13
09 Burgos;09065 Campillo de Aranda;Total;De 70 a 74 años;9
09 Burgos;09065 Campillo de Aranda;Total;De 75 a 79 años;8
09 Burgos;09065 Campillo de Aranda;Total;De 80 a 84 años;5
09 Burgos;09065 Campillo de Aranda;Total;De 85 a 89 años;6
09 Burgos;09065 Campillo de Aranda;Total;De 90 a 94 años;7
09 Burgos;09065 Campillo de Aranda;Total;De 95 a 99 años;2
09 Burgos;09065 Campillo de Aranda;Total;100 y más años;0
09 Burgos;09066 Campolara;Total;De 65 a 69 años;6
09 Burgos;09066 Campolara;Total;De 70 a 74 años;6
09 Burgos;09066 Campolara;Total;De 75 a 79 años;6
09 Burgos;09066 Campolara;Total;De 80 a 84 años;0
09 Burgos;09066 Campolara;Total;De 85 a 89 años;2
09 Burgos;09066 Campolara;Total;De 90 a 94 años;1
09 Burgos;09066 Campolara;Total;De 95 a 99 años;1
09 Burgos;09066 Campolara;Total;100 y más años;1
09 Burgos;09067 Canicosa de la Sierra;Total;De 65 a 69 años;28
09 Burgos;09067 Canicosa de la Sierra;Total;De 70 a 74 años;26
09 Burgos;09067 Canicosa de la Sierra;Total;De 75 a 79 años;26
09 Burgos;09067 Canicosa de la Sierra;Total;De 80 a 84 años;21
09 Burgos;09067 Canicosa de la Sierra;Total;De 85 a 89 años;25
09 Burgos;09067 Canicosa de la Sierra;Total;De 90 a 94 años;15
09 Burgos;09067 Canicosa de la Sierra;Total;De 95 a 99 años;6
09 Burgos;09067 Canicosa de la Sierra;Total;100 y más años;3
09 Burgos;09068 Cantabrana;Total;De 65 a 69 años;2
09 Burgos;09068 Cantabrana;Total;De 70 a 74 años;1
09 Burgos;09068 Cantabrana;Total;De 75 a 79 años;3
09 Burgos;09068 Cantabrana;Total;De 80 a 84 años;2
09 Burgos;09068 Cantabrana;Total;De 85 a 89 años;0
09 Burgos;09068 Cantabrana;Total;De 90 a 94 años;0
09 Burgos;09068 Cantabrana;Total;De 95 a 99 años;1
09 Burgos;09068 Cantabrana;Total;100 y más años;0
09 Burgos;09070 Carazo;Total;De 65 a 69 años;3
09 Burgos;09070 Carazo;Total;De 70 a 74 años;4
09 Burgos;09070 Carazo;Total;De 75 a 79 años;3
09 Burgos;09070 Carazo;Total;De 80 a 84 años;2
09 Burgos;09070 Carazo;Total;De 85 a 89 años;1
09 Burgos;09070 Carazo;Total;De 90 a 94 años;0
09 Burgos;09070 Carazo;Total;De 95 a 99 años;0
09 Burgos;09070 Carazo;Total;100 y más años;0
09 Burgos;09071 Carcedo de Bureba;Total;De 65 a 69 años;2
09 Burgos;09071 Carcedo de Bureba;Total;De 70 a 74 años;2
09 Burgos;09071 Carcedo de Bureba;Total;De 75 a 79 años;5
09 Burgos;09071 Carcedo de Bureba;Total;De 80 a 84 años;0
09 Burgos;09071 Carcedo de Bureba;Total;De 85 a 89 años;1
09 Burgos;09071 Carcedo de Bureba;Total;De 90 a 94 años;2
09 Burgos;09071 Carcedo de Bureba;Total;De 95 a 99 años;0
09 Burgos;09071 Carcedo de Bureba;Total;100 y más años;0
09 Burgos;09072 Carcedo de Burgos;Total;De 65 a 69 años;35
09 Burgos;09072 Carcedo de Burgos;Total;De 70 a 74 años;28
09 Burgos;09072 Carcedo de Burgos;Total;De 75 a 79 años;20
09 Burgos;09072 Carcedo de Burgos;Total;De 80 a 84 años;12
09 Burgos;09072 Carcedo de Burgos;Total;De 85 a 89 años;3
09 Burgos;09072 Carcedo de Burgos;Total;De 90 a 94 años;1
09 Burgos;09072 Carcedo de Burgos;Total;De 95 a 99 años;2
09 Burgos;09072 Carcedo de Burgos;Total;100 y más años;1
09 Burgos;09073 Cardeñadijo;Total;De 65 a 69 años;48
09 Burgos;09073 Cardeñadijo;Total;De 70 a 74 años;35
09 Burgos;09073 Cardeñadijo;Total;De 75 a 79 años;27
09 Burgos;09073 Cardeñadijo;Total;De 80 a 84 años;20
09 Burgos;09073 Cardeñadijo;Total;De 85 a 89 años;10
09 Burgos;09073 Cardeñadijo;Total;De 90 a 94 años;11
09 Burgos;09073 Cardeñadijo;Total;De 95 a 99 años;3
09 Burgos;09073 Cardeñadijo;Total;100 y más años;0
09 Burgos;09074 Cardeñajimeno;Total;De 65 a 69 años;72
09 Burgos;09074 Cardeñajimeno;Total;De 70 a 74 años;51
09 Burgos;09074 Cardeñajimeno;Total;De 75 a 79 años;32
09 Burgos;09074 Cardeñajimeno;Total;De 80 a 84 años;7
09 Burgos;09074 Cardeñajimeno;Total;De 85 a 89 años;9
09 Burgos;09074 Cardeñajimeno;Total;De 90 a 94 años;6
09 Burgos;09074 Cardeñajimeno;Total;De 95 a 99 años;6
09 Burgos;09074 Cardeñajimeno;Total;100 y más años;0
09 Burgos;09075 Cardeñuela Riopico;Total;De 65 a 69 años;14
09 Burgos;09075 Cardeñuela Riopico;Total;De 70 a 74 años;6
09 Burgos;09075 Cardeñuela Riopico;Total;De 75 a 79 años;5
09 Burgos;09075 Cardeñuela Riopico;Total;De 80 a 84 años;5
09 Burgos;09075 Cardeñuela Riopico;Total;De 85 a 89 años;2
09 Burgos;09075 Cardeñuela Riopico;Total;De 90 a 94 años;2
09 Burgos;09075 Cardeñuela Riopico;Total;De 95 a 99 años;0
09 Burgos;09075 Cardeñuela Riopico;Total;100 y más años;0
09 Burgos;09076 Carrias;Total;De 65 a 69 años;2
09 Burgos;09076 Carrias;Total;De 70 a 74 años;3
09 Burgos;09076 Carrias;Total;De 75 a 79 años;4
09 Burgos;09076 Carrias;Total;De 80 a 84 años;2
09 Burgos;09076 Carrias;Total;De 85 a 89 años;0
09 Burgos;09076 Carrias;Total;De 90 a 94 años;0
09 Burgos;09076 Carrias;Total;De 95 a 99 años;0
09 Burgos;09076 Carrias;Total;100 y más años;0
09 Burgos;09077 Cascajares de Bureba;Total;De 65 a 69 años;2
09 Burgos;09077 Cascajares de Bureba;Total;De 70 a 74 años;4
09 Burgos;09077 Cascajares de Bureba;Total;De 75 a 79 años;3
09 Burgos;09077 Cascajares de Bureba;Total;De 80 a 84 años;1
09 Burgos;09077 Cascajares de Bureba;Total;De 85 a 89 años;0
09 Burgos;09077 Cascajares de Bureba;Total;De 90 a 94 años;1
09 Burgos;09077 Cascajares de Bureba;Total;De 95 a 99 años;0
09 Burgos;09077 Cascajares de Bureba;Total;100 y más años;0
09 Burgos;09078 Cascajares de la Sierra;Total;De 65 a 69 años;1
09 Burgos;09078 Cascajares de la Sierra;Total;De 70 a 74 años;3
09 Burgos;09078 Cascajares de la Sierra;Total;De 75 a 79 años;6
09 Burgos;09078 Cascajares de la Sierra;Total;De 80 a 84 años;2
09 Burgos;09078 Cascajares de la Sierra;Total;De 85 a 89 años;1
09 Burgos;09078 Cascajares de la Sierra;Total;De 90 a 94 años;1
09 Burgos;09078 Cascajares de la Sierra;Total;De 95 a 99 años;0
09 Burgos;09078 Cascajares de la Sierra;Total;100 y más años;0
09 Burgos;09079 Castellanos de Castro;Total;De 65 a 69 años;2
09 Burgos;09079 Castellanos de Castro;Total;De 70 a 74 años;3
09 Burgos;09079 Castellanos de Castro;Total;De 75 a 79 años;5
09 Burgos;09079 Castellanos de Castro;Total;De 80 a 84 años;1
09 Burgos;09079 Castellanos de Castro;Total;De 85 a 89 años;2
09 Burgos;09079 Castellanos de Castro;Total;De 90 a 94 años;4
09 Burgos;09079 Castellanos de Castro;Total;De 95 a 99 años;0
09 Burgos;09079 Castellanos de Castro;Total;100 y más años;0
09 Burgos;09082 Castildelgado;Total;De 65 a 69 años;5
09 Burgos;09082 Castildelgado;Total;De 70 a 74 años;1
09 Burgos;09082 Castildelgado;Total;De 75 a 79 años;7
09 Burgos;09082 Castildelgado;Total;De 80 a 84 años;3
09 Burgos;09082 Castildelgado;Total;De 85 a 89 años;1
09 Burgos;09082 Castildelgado;Total;De 90 a 94 años;3
09 Burgos;09082 Castildelgado;Total;De 95 a 99 años;0
09 Burgos;09082 Castildelgado;Total;100 y más años;0
09 Burgos;09083 Castil de Peones;Total;De 65 a 69 años;4
09 Burgos;09083 Castil de Peones;Total;De 70 a 74 años;4
09 Burgos;09083 Castil de Peones;Total;De 75 a 79 años;1
09 Burgos;09083 Castil de Peones;Total;De 80 a 84 años;3
09 Burgos;09083 Castil de Peones;Total;De 85 a 89 años;0
09 Burgos;09083 Castil de Peones;Total;De 90 a 94 años;1
09 Burgos;09083 Castil de Peones;Total;De 95 a 99 años;1
09 Burgos;09083 Castil de Peones;Total;100 y más años;0
09 Burgos;09084 Castrillo de la Reina;Total;De 65 a 69 años;17
09 Burgos;09084 Castrillo de la Reina;Total;De 70 a 74 años;9
09 Burgos;09084 Castrillo de la Reina;Total;De 75 a 79 años;16
09 Burgos;09084 Castrillo de la Reina;Total;De 80 a 84 años;16
09 Burgos;09084 Castrillo de la Reina;Total;De 85 a 89 años;11
09 Burgos;09084 Castrillo de la Reina;Total;De 90 a 94 años;5
09 Burgos;09084 Castrillo de la Reina;Total;De 95 a 99 años;2
09 Burgos;09084 Castrillo de la Reina;Total;100 y más años;0
09 Burgos;09085 Castrillo de la Vega;Total;De 65 a 69 años;36
09 Burgos;09085 Castrillo de la Vega;Total;De 70 a 74 años;22
09 Burgos;09085 Castrillo de la Vega;Total;De 75 a 79 años;32
09 Burgos;09085 Castrillo de la Vega;Total;De 80 a 84 años;22
09 Burgos;09085 Castrillo de la Vega;Total;De 85 a 89 años;17
09 Burgos;09085 Castrillo de la Vega;Total;De 90 a 94 años;7
09 Burgos;09085 Castrillo de la Vega;Total;De 95 a 99 años;4
09 Burgos;09085 Castrillo de la Vega;Total;100 y más años;1
09 Burgos;09086 Castrillo del Val;Total;De 65 a 69 años;56
09 Burgos;09086 Castrillo del Val;Total;De 70 a 74 años;43
09 Burgos;09086 Castrillo del Val;Total;De 75 a 79 años;41
09 Burgos;09086 Castrillo del Val;Total;De 80 a 84 años;20
09 Burgos;09086 Castrillo del Val;Total;De 85 a 89 años;7
09 Burgos;09086 Castrillo del Val;Total;De 90 a 94 años;10
09 Burgos;09086 Castrillo del Val;Total;De 95 a 99 años;5
09 Burgos;09086 Castrillo del Val;Total;100 y más años;0
09 Burgos;09088 Castrillo de Riopisuerga;Total;De 65 a 69 años;6
09 Burgos;09088 Castrillo de Riopisuerga;Total;De 70 a 74 años;5
09 Burgos;09088 Castrillo de Riopisuerga;Total;De 75 a 79 años;6
09 Burgos;09088 Castrillo de Riopisuerga;Total;De 80 a 84 años;3
09 Burgos;09088 Castrillo de Riopisuerga;Total;De 85 a 89 años;3
09 Burgos;09088 Castrillo de Riopisuerga;Total;De 90 a 94 años;3
09 Burgos;09088 Castrillo de Riopisuerga;Total;De 95 a 99 años;0
09 Burgos;09088 Castrillo de Riopisuerga;Total;100 y más años;0
09 Burgos;09090 Castrillo Mota de Judíos;Total;De 65 a 69 años;6
09 Burgos;09090 Castrillo Mota de Judíos;Total;De 70 a 74 años;3
09 Burgos;09090 Castrillo Mota de Judíos;Total;De 75 a 79 años;5
09 Burgos;09090 Castrillo Mota de Judíos;Total;De 80 a 84 años;2
09 Burgos;09090 Castrillo Mota de Judíos;Total;De 85 a 89 años;1
09 Burgos;09090 Castrillo Mota de Judíos;Total;De 90 a 94 años;2
09 Burgos;09090 Castrillo Mota de Judíos;Total;De 95 a 99 años;0
09 Burgos;09090 Castrillo Mota de Judíos;Total;100 y más años;0
09 Burgos;09091 Castrojeriz;Total;De 65 a 69 años;81
09 Burgos;09091 Castrojeriz;Total;De 70 a 74 años;52
09 Burgos;09091 Castrojeriz;Total;De 75 a 79 años;54
09 Burgos;09091 Castrojeriz;Total;De 80 a 84 años;43
09 Burgos;09091 Castrojeriz;Total;De 85 a 89 años;32
09 Burgos;09091 Castrojeriz;Total;De 90 a 94 años;33
09 Burgos;09091 Castrojeriz;Total;De 95 a 99 años;7
09 Burgos;09091 Castrojeriz;Total;100 y más años;0
09 Burgos;09093 Cayuela;Total;De 65 a 69 años;13
09 Burgos;09093 Cayuela;Total;De 70 a 74 años;20
09 Burgos;09093 Cayuela;Total;De 75 a 79 años;12
09 Burgos;09093 Cayuela;Total;De 80 a 84 años;7
09 Burgos;09093 Cayuela;Total;De 85 a 89 años;0
09 Burgos;09093 Cayuela;Total;De 90 a 94 años;1
09 Burgos;09093 Cayuela;Total;De 95 a 99 años;0
09 Burgos;09093 Cayuela;Total;100 y más años;0
09 Burgos;09094 Cebrecos;Total;De 65 a 69 años;3
09 Burgos;09094 Cebrecos;Total;De 70 a 74 años;2
09 Burgos;09094 Cebrecos;Total;De 75 a 79 años;4
09 Burgos;09094 Cebrecos;Total;De 80 a 84 años;6
09 Burgos;09094 Cebrecos;Total;De 85 a 89 años;2
09 Burgos;09094 Cebrecos;Total;De 90 a 94 años;2
09 Burgos;09094 Cebrecos;Total;De 95 a 99 años;1
09 Burgos;09094 Cebrecos;Total;100 y más años;0
09 Burgos;09095 Celada del Camino;Total;De 65 a 69 años;9
09 Burgos;09095 Celada del Camino;Total;De 70 a 74 años;7
09 Burgos;09095 Celada del Camino;Total;De 75 a 79 años;5
09 Burgos;09095 Celada del Camino;Total;De 80 a 84 años;8
09 Burgos;09095 Celada del Camino;Total;De 85 a 89 años;6
09 Burgos;09095 Celada del Camino;Total;De 90 a 94 años;8
09 Burgos;09095 Celada del Camino;Total;De 95 a 99 años;1
09 Burgos;09095 Celada del Camino;Total;100 y más años;0
09 Burgos;09098 Cerezo de Río Tirón;Total;De 65 a 69 años;52
09 Burgos;09098 Cerezo de Río Tirón;Total;De 70 a 74 años;50
09 Burgos;09098 Cerezo de Río Tirón;Total;De 75 a 79 años;31
09 Burgos;09098 Cerezo de Río Tirón;Total;De 80 a 84 años;30
09 Burgos;09098 Cerezo de Río Tirón;Total;De 85 a 89 años;14
09 Burgos;09098 Cerezo de Río Tirón;Total;De 90 a 94 años;14
09 Burgos;09098 Cerezo de Río Tirón;Total;De 95 a 99 años;5
09 Burgos;09098 Cerezo de Río Tirón;Total;100 y más años;0
09 Burgos;09100 Cerratón de Juarros;Total;De 65 a 69 años;6
09 Burgos;09100 Cerratón de Juarros;Total;De 70 a 74 años;3
09 Burgos;09100 Cerratón de Juarros;Total;De 75 a 79 años;6
09 Burgos;09100 Cerratón de Juarros;Total;De 80 a 84 años;3
09 Burgos;09100 Cerratón de Juarros;Total;De 85 a 89 años;3
09 Burgos;09100 Cerratón de Juarros;Total;De 90 a 94 años;0
09 Burgos;09100 Cerratón de Juarros;Total;De 95 a 99 años;0
09 Burgos;09100 Cerratón de Juarros;Total;100 y más años;0
09 Burgos;09101 Ciadoncha;Total;De 65 a 69 años;7
09 Burgos;09101 Ciadoncha;Total;De 70 a 74 años;8
09 Burgos;09101 Ciadoncha;Total;De 75 a 79 años;3
09 Burgos;09101 Ciadoncha;Total;De 80 a 84 años;9
09 Burgos;09101 Ciadoncha;Total;De 85 a 89 años;6
09 Burgos;09101 Ciadoncha;Total;De 90 a 94 años;4
09 Burgos;09101 Ciadoncha;Total;De 95 a 99 años;1
09 Burgos;09101 Ciadoncha;Total;100 y más años;0
09 Burgos;09102 Cillaperlata;Total;De 65 a 69 años;5
09 Burgos;09102 Cillaperlata;Total;De 70 a 74 años;1
09 Burgos;09102 Cillaperlata;Total;De 75 a 79 años;3
09 Burgos;09102 Cillaperlata;Total;De 80 a 84 años;3
09 Burgos;09102 Cillaperlata;Total;De 85 a 89 años;3
09 Burgos;09102 Cillaperlata;Total;De 90 a 94 años;0
09 Burgos;09102 Cillaperlata;Total;De 95 a 99 años;0
09 Burgos;09102 Cillaperlata;Total;100 y más años;0
09 Burgos;09103 Cilleruelo de Abajo;Total;De 65 a 69 años;28
09 Burgos;09103 Cilleruelo de Abajo;Total;De 70 a 74 años;16
09 Burgos;09103 Cilleruelo de Abajo;Total;De 75 a 79 años;19
09 Burgos;09103 Cilleruelo de Abajo;Total;De 80 a 84 años;14
09 Burgos;09103 Cilleruelo de Abajo;Total;De 85 a 89 años;11
09 Burgos;09103 Cilleruelo de Abajo;Total;De 90 a 94 años;7
09 Burgos;09103 Cilleruelo de Abajo;Total;De 95 a 99 años;3
09 Burgos;09103 Cilleruelo de Abajo;Total;100 y más años;0
09 Burgos;09104 Cilleruelo de Arriba;Total;De 65 a 69 años;5
09 Burgos;09104 Cilleruelo de Arriba;Total;De 70 a 74 años;1
09 Burgos;09104 Cilleruelo de Arriba;Total;De 75 a 79 años;3
09 Burgos;09104 Cilleruelo de Arriba;Total;De 80 a 84 años;4
09 Burgos;09104 Cilleruelo de Arriba;Total;De 85 a 89 años;3
09 Burgos;09104 Cilleruelo de Arriba;Total;De 90 a 94 años;4
09 Burgos;09104 Cilleruelo de Arriba;Total;De 95 a 99 años;1
09 Burgos;09104 Cilleruelo de Arriba;Total;100 y más años;0
09 Burgos;09105 Ciruelos de Cervera;Total;De 65 a 69 años;15
09 Burgos;09105 Ciruelos de Cervera;Total;De 70 a 74 años;12
09 Burgos;09105 Ciruelos de Cervera;Total;De 75 a 79 años;3
09 Burgos;09105 Ciruelos de Cervera;Total;De 80 a 84 años;5
09 Burgos;09105 Ciruelos de Cervera;Total;De 85 a 89 años;3
09 Burgos;09105 Ciruelos de Cervera;Total;De 90 a 94 años;3
09 Burgos;09105 Ciruelos de Cervera;Total;De 95 a 99 años;0
09 Burgos;09105 Ciruelos de Cervera;Total;100 y más años;0
09 Burgos;09108 Cogollos;Total;De 65 a 69 años;37
09 Burgos;09108 Cogollos;Total;De 70 a 74 años;21
09 Burgos;09108 Cogollos;Total;De 75 a 79 años;16
09 Burgos;09108 Cogollos;Total;De 80 a 84 años;11
09 Burgos;09108 Cogollos;Total;De 85 a 89 años;4
09 Burgos;09108 Cogollos;Total;De 90 a 94 años;10
09 Burgos;09108 Cogollos;Total;De 95 a 99 años;2
09 Burgos;09108 Cogollos;Total;100 y más años;0
09 Burgos;09109 Condado de Treviño;Total;De 65 a 69 años;50
09 Burgos;09109 Condado de Treviño;Total;De 70 a 74 años;40
09 Burgos;09109 Condado de Treviño;Total;De 75 a 79 años;38
09 Burgos;09109 Condado de Treviño;Total;De 80 a 84 años;31
09 Burgos;09109 Condado de Treviño;Total;De 85 a 89 años;28
09 Burgos;09109 Condado de Treviño;Total;De 90 a 94 años;18
09 Burgos;09109 Condado de Treviño;Total;De 95 a 99 años;2
09 Burgos;09109 Condado de Treviño;Total;100 y más años;1
09 Burgos;09110 Contreras;Total;De 65 a 69 años;13
09 Burgos;09110 Contreras;Total;De 70 a 74 años;5
09 Burgos;09110 Contreras;Total;De 75 a 79 años;11
09 Burgos;09110 Contreras;Total;De 80 a 84 años;6
09 Burgos;09110 Contreras;Total;De 85 a 89 años;3
09 Burgos;09110 Contreras;Total;De 90 a 94 años;3
09 Burgos;09110 Contreras;Total;De 95 a 99 años;3
09 Burgos;09110 Contreras;Total;100 y más años;0
09 Burgos;09112 Coruña del Conde;Total;De 65 a 69 años;10
09 Burgos;09112 Coruña del Conde;Total;De 70 a 74 años;4
09 Burgos;09112 Coruña del Conde;Total;De 75 a 79 años;6
09 Burgos;09112 Coruña del Conde;Total;De 80 a 84 años;8
09 Burgos;09112 Coruña del Conde;Total;De 85 a 89 años;7
09 Burgos;09112 Coruña del Conde;Total;De 90 a 94 años;3
09 Burgos;09112 Coruña del Conde;Total;De 95 a 99 años;0
09 Burgos;09112 Coruña del Conde;Total;100 y más años;0
09 Burgos;09113 Covarrubias;Total;De 65 a 69 años;42
09 Burgos;09113 Covarrubias;Total;De 70 a 74 años;46
09 Burgos;09113 Covarrubias;Total;De 75 a 79 años;40
09 Burgos;09113 Covarrubias;Total;De 80 a 84 años;21
09 Burgos;09113 Covarrubias;Total;De 85 a 89 años;14
09 Burgos;09113 Covarrubias;Total;De 90 a 94 años;17
09 Burgos;09113 Covarrubias;Total;De 95 a 99 años;4
09 Burgos;09113 Covarrubias;Total;100 y más años;1
09 Burgos;09114 Cubillo del Campo;Total;De 65 a 69 años;8
09 Burgos;09114 Cubillo del Campo;Total;De 70 a 74 años;12
09 Burgos;09114 Cubillo del Campo;Total;De 75 a 79 años;7
09 Burgos;09114 Cubillo del Campo;Total;De 80 a 84 años;0
09 Burgos;09114 Cubillo del Campo;Total;De 85 a 89 años;1
09 Burgos;09114 Cubillo del Campo;Total;De 90 a 94 años;3
09 Burgos;09114 Cubillo del Campo;Total;De 95 a 99 años;1
09 Burgos;09114 Cubillo del Campo;Total;100 y más años;1
09 Burgos;09115 Cubo de Bureba;Total;De 65 a 69 años;6
09 Burgos;09115 Cubo de Bureba;Total;De 70 a 74 años;8
09 Burgos;09115 Cubo de Bureba;Total;De 75 a 79 años;8
09 Burgos;09115 Cubo de Bureba;Total;De 80 a 84 años;2
09 Burgos;09115 Cubo de Bureba;Total;De 85 a 89 años;4
09 Burgos;09115 Cubo de Bureba;Total;De 90 a 94 años;2
09 Burgos;09115 Cubo de Bureba;Total;De 95 a 99 años;0
09 Burgos;09115 Cubo de Bureba;Total;100 y más años;0
09 Burgos;09117 Cueva de Roa, La;Total;De 65 a 69 años;8
09 Burgos;09117 Cueva de Roa, La;Total;De 70 a 74 años;5
09 Burgos;09117 Cueva de Roa, La;Total;De 75 a 79 años;7
09 Burgos;09117 Cueva de Roa, La;Total;De 80 a 84 años;13
09 Burgos;09117 Cueva de Roa, La;Total;De 85 a 89 años;4
09 Burgos;09117 Cueva de Roa, La;Total;De 90 a 94 años;3
09 Burgos;09117 Cueva de Roa, La;Total;De 95 a 99 años;0
09 Burgos;09117 Cueva de Roa, La;Total;100 y más años;0
09 Burgos;09119 Cuevas de San Clemente;Total;De 65 a 69 años;4
09 Burgos;09119 Cuevas de San Clemente;Total;De 70 a 74 años;7
09 Burgos;09119 Cuevas de San Clemente;Total;De 75 a 79 años;2
09 Burgos;09119 Cuevas de San Clemente;Total;De 80 a 84 años;5
09 Burgos;09119 Cuevas de San Clemente;Total;De 85 a 89 años;0
09 Burgos;09119 Cuevas de San Clemente;Total;De 90 a 94 años;5
09 Burgos;09119 Cuevas de San Clemente;Total;De 95 a 99 años;1
09 Burgos;09119 Cuevas de San Clemente;Total;100 y más años;0
09 Burgos;09120 Encío;Total;De 65 a 69 años;4
09 Burgos;09120 Encío;Total;De 70 a 74 años;5
09 Burgos;09120 Encío;Total;De 75 a 79 años;2
09 Burgos;09120 Encío;Total;De 80 a 84 años;1
09 Burgos;09120 Encío;Total;De 85 a 89 años;3
09 Burgos;09120 Encío;Total;De 90 a 94 años;4
09 Burgos;09120 Encío;Total;De 95 a 99 años;0
09 Burgos;09120 Encío;Total;100 y más años;0
09 Burgos;09122 Espinosa de Cervera;Total;De 65 a 69 años;13
09 Burgos;09122 Espinosa de Cervera;Total;De 70 a 74 años;6
09 Burgos;09122 Espinosa de Cervera;Total;De 75 a 79 años;1
09 Burgos;09122 Espinosa de Cervera;Total;De 80 a 84 años;2
09 Burgos;09122 Espinosa de Cervera;Total;De 85 a 89 años;4
09 Burgos;09122 Espinosa de Cervera;Total;De 90 a 94 años;4
09 Burgos;09122 Espinosa de Cervera;Total;De 95 a 99 años;1
09 Burgos;09122 Espinosa de Cervera;Total;100 y más años;0
09 Burgos;09123 Espinosa del Camino;Total;De 65 a 69 años;7
09 Burgos;09123 Espinosa del Camino;Total;De 70 a 74 años;4
09 Burgos;09123 Espinosa del Camino;Total;De 75 a 79 años;0
09 Burgos;09123 Espinosa del Camino;Total;De 80 a 84 años;3
09 Burgos;09123 Espinosa del Camino;Total;De 85 a 89 años;2
09 Burgos;09123 Espinosa del Camino;Total;De 90 a 94 años;0
09 Burgos;09123 Espinosa del Camino;Total;De 95 a 99 años;1
09 Burgos;09123 Espinosa del Camino;Total;100 y más años;0
09 Burgos;09124 Espinosa de los Monteros;Total;De 65 a 69 años;122
09 Burgos;09124 Espinosa de los Monteros;Total;De 70 a 74 años;112
09 Burgos;09124 Espinosa de los Monteros;Total;De 75 a 79 años;115
09 Burgos;09124 Espinosa de los Monteros;Total;De 80 a 84 años;88
09 Burgos;09124 Espinosa de los Monteros;Total;De 85 a 89 años;52
09 Burgos;09124 Espinosa de los Monteros;Total;De 90 a 94 años;42
09 Burgos;09124 Espinosa de los Monteros;Total;De 95 a 99 años;11
09 Burgos;09124 Espinosa de los Monteros;Total;100 y más años;2
09 Burgos;09125 Estépar;Total;De 65 a 69 años;71
09 Burgos;09125 Estépar;Total;De 70 a 74 años;48
09 Burgos;09125 Estépar;Total;De 75 a 79 años;43
09 Burgos;09125 Estépar;Total;De 80 a 84 años;33
09 Burgos;09125 Estépar;Total;De 85 a 89 años;21
09 Burgos;09125 Estépar;Total;De 90 a 94 años;24
09 Burgos;09125 Estépar;Total;De 95 a 99 años;6
09 Burgos;09125 Estépar;Total;100 y más años;0
09 Burgos;09127 Fontioso;Total;De 65 a 69 años;2
09 Burgos;09127 Fontioso;Total;De 70 a 74 años;4
09 Burgos;09127 Fontioso;Total;De 75 a 79 años;3
09 Burgos;09127 Fontioso;Total;De 80 a 84 años;6
09 Burgos;09127 Fontioso;Total;De 85 a 89 años;1
09 Burgos;09127 Fontioso;Total;De 90 a 94 años;2
09 Burgos;09127 Fontioso;Total;De 95 a 99 años;1
09 Burgos;09127 Fontioso;Total;100 y más años;1
09 Burgos;09128 Frandovínez;Total;De 65 a 69 años;7
09 Burgos;09128 Frandovínez;Total;De 70 a 74 años;9
09 Burgos;09128 Frandovínez;Total;De 75 a 79 años;4
09 Burgos;09128 Frandovínez;Total;De 80 a 84 años;6
09 Burgos;09128 Frandovínez;Total;De 85 a 89 años;0
09 Burgos;09128 Frandovínez;Total;De 90 a 94 años;1
09 Burgos;09128 Frandovínez;Total;De 95 a 99 años;0
09 Burgos;09128 Frandovínez;Total;100 y más años;1
09 Burgos;09129 Fresneda de la Sierra Tirón;Total;De 65 a 69 años;10
09 Burgos;09129 Fresneda de la Sierra Tirón;Total;De 70 a 74 años;5
09 Burgos;09129 Fresneda de la Sierra Tirón;Total;De 75 a 79 años;6
09 Burgos;09129 Fresneda de la Sierra Tirón;Total;De 80 a 84 años;11
09 Burgos;09129 Fresneda de la Sierra Tirón;Total;De 85 a 89 años;4
09 Burgos;09129 Fresneda de la Sierra Tirón;Total;De 90 a 94 años;2
09 Burgos;09129 Fresneda de la Sierra Tirón;Total;De 95 a 99 años;0
09 Burgos;09129 Fresneda de la Sierra Tirón;Total;100 y más años;0
09 Burgos;09130 Fresneña;Total;De 65 a 69 años;6
09 Burgos;09130 Fresneña;Total;De 70 a 74 años;3
09 Burgos;09130 Fresneña;Total;De 75 a 79 años;4
09 Burgos;09130 Fresneña;Total;De 80 a 84 años;4
09 Burgos;09130 Fresneña;Total;De 85 a 89 años;7
09 Burgos;09130 Fresneña;Total;De 90 a 94 años;4
09 Burgos;09130 Fresneña;Total;De 95 a 99 años;1
09 Burgos;09130 Fresneña;Total;100 y más años;0
09 Burgos;09131 Fresnillo de las Dueñas;Total;De 65 a 69 años;39
09 Burgos;09131 Fresnillo de las Dueñas;Total;De 70 a 74 años;33
09 Burgos;09131 Fresnillo de las Dueñas;Total;De 75 a 79 años;17
09 Burgos;09131 Fresnillo de las Dueñas;Total;De 80 a 84 años;14
09 Burgos;09131 Fresnillo de las Dueñas;Total;De 85 a 89 años;9
09 Burgos;09131 Fresnillo de las Dueñas;Total;De 90 a 94 años;9
09 Burgos;09131 Fresnillo de las Dueñas;Total;De 95 a 99 años;4
09 Burgos;09131 Fresnillo de las Dueñas;Total;100 y más años;0
09 Burgos;09132 Fresno de Río Tirón;Total;De 65 a 69 años;7
09 Burgos;09132 Fresno de Río Tirón;Total;De 70 a 74 años;13
09 Burgos;09132 Fresno de Río Tirón;Total;De 75 a 79 años;13
09 Burgos;09132 Fresno de Río Tirón;Total;De 80 a 84 años;11
09 Burgos;09132 Fresno de Río Tirón;Total;De 85 a 89 años;7
09 Burgos;09132 Fresno de Río Tirón;Total;De 90 a 94 años;7
09 Burgos;09132 Fresno de Río Tirón;Total;De 95 a 99 años;1
09 Burgos;09132 Fresno de Río Tirón;Total;100 y más años;0
09 Burgos;09133 Fresno de Rodilla;Total;De 65 a 69 años;3
09 Burgos;09133 Fresno de Rodilla;Total;De 70 a 74 años;2
09 Burgos;09133 Fresno de Rodilla;Total;De 75 a 79 años;2
09 Burgos;09133 Fresno de Rodilla;Total;De 80 a 84 años;2
09 Burgos;09133 Fresno de Rodilla;Total;De 85 a 89 años;1
09 Burgos;09133 Fresno de Rodilla;Total;De 90 a 94 años;0
09 Burgos;09133 Fresno de Rodilla;Total;De 95 a 99 años;0
09 Burgos;09133 Fresno de Rodilla;Total;100 y más años;0
09 Burgos;09134 Frías;Total;De 65 a 69 años;27
09 Burgos;09134 Frías;Total;De 70 a 74 años;11
09 Burgos;09134 Frías;Total;De 75 a 79 años;14
09 Burgos;09134 Frías;Total;De 80 a 84 años;13
09 Burgos;09134 Frías;Total;De 85 a 89 años;10
09 Burgos;09134 Frías;Total;De 90 a 94 años;8
09 Burgos;09134 Frías;Total;De 95 a 99 años;0
09 Burgos;09134 Frías;Total;100 y más años;0
09 Burgos;09135 Fuentebureba;Total;De 65 a 69 años;7
09 Burgos;09135 Fuentebureba;Total;De 70 a 74 años;4
09 Burgos;09135 Fuentebureba;Total;De 75 a 79 años;3
09 Burgos;09135 Fuentebureba;Total;De 80 a 84 años;5
09 Burgos;09135 Fuentebureba;Total;De 85 a 89 años;2
09 Burgos;09135 Fuentebureba;Total;De 90 a 94 años;1
09 Burgos;09135 Fuentebureba;Total;De 95 a 99 años;0
09 Burgos;09135 Fuentebureba;Total;100 y más años;1
09 Burgos;09136 Fuentecén;Total;De 65 a 69 años;15
09 Burgos;09136 Fuentecén;Total;De 70 a 74 años;25
09 Burgos;09136 Fuentecén;Total;De 75 a 79 años;12
09 Burgos;09136 Fuentecén;Total;De 80 a 84 años;9
09 Burgos;09136 Fuentecén;Total;De 85 a 89 años;9
09 Burgos;09136 Fuentecén;Total;De 90 a 94 años;5
09 Burgos;09136 Fuentecén;Total;De 95 a 99 años;3
09 Burgos;09136 Fuentecén;Total;100 y más años;0
09 Burgos;09137 Fuentelcésped;Total;De 65 a 69 años;14
09 Burgos;09137 Fuentelcésped;Total;De 70 a 74 años;11
09 Burgos;09137 Fuentelcésped;Total;De 75 a 79 años;10
09 Burgos;09137 Fuentelcésped;Total;De 80 a 84 años;15
09 Burgos;09137 Fuentelcésped;Total;De 85 a 89 años;7
09 Burgos;09137 Fuentelcésped;Total;De 90 a 94 años;3
09 Burgos;09137 Fuentelcésped;Total;De 95 a 99 años;2
09 Burgos;09137 Fuentelcésped;Total;100 y más años;0
09 Burgos;09138 Fuentelisendo;Total;De 65 a 69 años;4
09 Burgos;09138 Fuentelisendo;Total;De 70 a 74 años;11
09 Burgos;09138 Fuentelisendo;Total;De 75 a 79 años;8
09 Burgos;09138 Fuentelisendo;Total;De 80 a 84 años;7
09 Burgos;09138 Fuentelisendo;Total;De 85 a 89 años;3
09 Burgos;09138 Fuentelisendo;Total;De 90 a 94 años;4
09 Burgos;09138 Fuentelisendo;Total;De 95 a 99 años;2
09 Burgos;09138 Fuentelisendo;Total;100 y más años;0
09 Burgos;09139 Fuentemolinos;Total;De 65 a 69 años;10
09 Burgos;09139 Fuentemolinos;Total;De 70 a 74 años;7
09 Burgos;09139 Fuentemolinos;Total;De 75 a 79 años;7
09 Burgos;09139 Fuentemolinos;Total;De 80 a 84 años;5
09 Burgos;09139 Fuentemolinos;Total;De 85 a 89 años;6
09 Burgos;09139 Fuentemolinos;Total;De 90 a 94 años;3
09 Burgos;09139 Fuentemolinos;Total;De 95 a 99 años;0
09 Burgos;09139 Fuentemolinos;Total;100 y más años;0
09 Burgos;09140 Fuentenebro;Total;De 65 a 69 años;7
09 Burgos;09140 Fuentenebro;Total;De 70 a 74 años;9
09 Burgos;09140 Fuentenebro;Total;De 75 a 79 años;19
09 Burgos;09140 Fuentenebro;Total;De 80 a 84 años;7
09 Burgos;09140 Fuentenebro;Total;De 85 a 89 años;2
09 Burgos;09140 Fuentenebro;Total;De 90 a 94 años;4
09 Burgos;09140 Fuentenebro;Total;De 95 a 99 años;1
09 Burgos;09140 Fuentenebro;Total;100 y más años;0
09 Burgos;09141 Fuentespina;Total;De 65 a 69 años;49
09 Burgos;09141 Fuentespina;Total;De 70 a 74 años;47
09 Burgos;09141 Fuentespina;Total;De 75 a 79 años;38
09 Burgos;09141 Fuentespina;Total;De 80 a 84 años;26
09 Burgos;09141 Fuentespina;Total;De 85 a 89 años;17
09 Burgos;09141 Fuentespina;Total;De 90 a 94 años;17
09 Burgos;09141 Fuentespina;Total;De 95 a 99 años;4
09 Burgos;09141 Fuentespina;Total;100 y más años;0
09 Burgos;09143 Galbarros;Total;De 65 a 69 años;5
09 Burgos;09143 Galbarros;Total;De 70 a 74 años;1
09 Burgos;09143 Galbarros;Total;De 75 a 79 años;2
09 Burgos;09143 Galbarros;Total;De 80 a 84 años;2
09 Burgos;09143 Galbarros;Total;De 85 a 89 años;2
09 Burgos;09143 Galbarros;Total;De 90 a 94 años;0
09 Burgos;09143 Galbarros;Total;De 95 a 99 años;0
09 Burgos;09143 Galbarros;Total;100 y más años;0
09 Burgos;09144 Gallega, La;Total;De 65 a 69 años;3
09 Burgos;09144 Gallega, La;Total;De 70 a 74 años;3
09 Burgos;09144 Gallega, La;Total;De 75 a 79 años;4
09 Burgos;09144 Gallega, La;Total;De 80 a 84 años;0
09 Burgos;09144 Gallega, La;Total;De 85 a 89 años;4
09 Burgos;09144 Gallega, La;Total;De 90 a 94 años;2
09 Burgos;09144 Gallega, La;Total;De 95 a 99 años;0
09 Burgos;09144 Gallega, La;Total;100 y más años;0
09 Burgos;09148 Grijalba;Total;De 65 a 69 años;8
09 Burgos;09148 Grijalba;Total;De 70 a 74 años;1
09 Burgos;09148 Grijalba;Total;De 75 a 79 años;4
09 Burgos;09148 Grijalba;Total;De 80 a 84 años;9
09 Burgos;09148 Grijalba;Total;De 85 a 89 años;0
09 Burgos;09148 Grijalba;Total;De 90 a 94 años;1
09 Burgos;09148 Grijalba;Total;De 95 a 99 años;1
09 Burgos;09148 Grijalba;Total;100 y más años;0
09 Burgos;09149 Grisaleña;Total;De 65 a 69 años;4
09 Burgos;09149 Grisaleña;Total;De 70 a 74 años;5
09 Burgos;09149 Grisaleña;Total;De 75 a 79 años;0
09 Burgos;09149 Grisaleña;Total;De 80 a 84 años;3
09 Burgos;09149 Grisaleña;Total;De 85 a 89 años;1
09 Burgos;09149 Grisaleña;Total;De 90 a 94 años;2
09 Burgos;09149 Grisaleña;Total;De 95 a 99 años;0
09 Burgos;09149 Grisaleña;Total;100 y más años;0
09 Burgos;09151 Gumiel de Izán;Total;De 65 a 69 años;52
09 Burgos;09151 Gumiel de Izán;Total;De 70 a 74 años;32
09 Burgos;09151 Gumiel de Izán;Total;De 75 a 79 años;37
09 Burgos;09151 Gumiel de Izán;Total;De 80 a 84 años;18
09 Burgos;09151 Gumiel de Izán;Total;De 85 a 89 años;13
09 Burgos;09151 Gumiel de Izán;Total;De 90 a 94 años;8
09 Burgos;09151 Gumiel de Izán;Total;De 95 a 99 años;11
09 Burgos;09151 Gumiel de Izán;Total;100 y más años;0
09 Burgos;09152 Gumiel de Mercado;Total;De 65 a 69 años;20
09 Burgos;09152 Gumiel de Mercado;Total;De 70 a 74 años;21
09 Burgos;09152 Gumiel de Mercado;Total;De 75 a 79 años;18
09 Burgos;09152 Gumiel de Mercado;Total;De 80 a 84 años;8
09 Burgos;09152 Gumiel de Mercado;Total;De 85 a 89 años;6
09 Burgos;09152 Gumiel de Mercado;Total;De 90 a 94 años;4
09 Burgos;09152 Gumiel de Mercado;Total;De 95 a 99 años;1
09 Burgos;09152 Gumiel de Mercado;Total;100 y más años;0
09 Burgos;09154 Hacinas;Total;De 65 a 69 años;14
09 Burgos;09154 Hacinas;Total;De 70 a 74 años;11
09 Burgos;09154 Hacinas;Total;De 75 a 79 años;9
09 Burgos;09154 Hacinas;Total;De 80 a 84 años;14
09 Burgos;09154 Hacinas;Total;De 85 a 89 años;6
09 Burgos;09154 Hacinas;Total;De 90 a 94 años;5
09 Burgos;09154 Hacinas;Total;De 95 a 99 años;2
09 Burgos;09154 Hacinas;Total;100 y más años;0
09 Burgos;09155 Haza;Total;De 65 a 69 años;2
09 Burgos;09155 Haza;Total;De 70 a 74 años;5
09 Burgos;09155 Haza;Total;De 75 a 79 años;4
09 Burgos;09155 Haza;Total;De 80 a 84 años;2
09 Burgos;09155 Haza;Total;De 85 a 89 años;2
09 Burgos;09155 Haza;Total;De 90 a 94 años;0
09 Burgos;09155 Haza;Total;De 95 a 99 años;0
09 Burgos;09155 Haza;Total;100 y más años;0
09 Burgos;09159 Hontanas;Total;De 65 a 69 años;4
09 Burgos;09159 Hontanas;Total;De 70 a 74 años;5
09 Burgos;09159 Hontanas;Total;De 75 a 79 años;7
09 Burgos;09159 Hontanas;Total;De 80 a 84 años;1
09 Burgos;09159 Hontanas;Total;De 85 a 89 años;1
09 Burgos;09159 Hontanas;Total;De 90 a 94 años;4
09 Burgos;09159 Hontanas;Total;De 95 a 99 años;0
09 Burgos;09159 Hontanas;Total;100 y más años;0
09 Burgos;09160 Hontangas;Total;De 65 a 69 años;6
09 Burgos;09160 Hontangas;Total;De 70 a 74 años;6
09 Burgos;09160 Hontangas;Total;De 75 a 79 años;5
09 Burgos;09160 Hontangas;Total;De 80 a 84 años;7
09 Burgos;09160 Hontangas;Total;De 85 a 89 años;5
09 Burgos;09160 Hontangas;Total;De 90 a 94 años;5
09 Burgos;09160 Hontangas;Total;De 95 a 99 años;0
09 Burgos;09160 Hontangas;Total;100 y más años;1
09 Burgos;09162 Hontoria de la Cantera;Total;De 65 a 69 años;13
09 Burgos;09162 Hontoria de la Cantera;Total;De 70 a 74 años;15
09 Burgos;09162 Hontoria de la Cantera;Total;De 75 a 79 años;10
09 Burgos;09162 Hontoria de la Cantera;Total;De 80 a 84 años;2
09 Burgos;09162 Hontoria de la Cantera;Total;De 85 a 89 años;6
09 Burgos;09162 Hontoria de la Cantera;Total;De 90 a 94 años;1
09 Burgos;09162 Hontoria de la Cantera;Total;De 95 a 99 años;0
09 Burgos;09162 Hontoria de la Cantera;Total;100 y más años;0
09 Burgos;09163 Hontoria del Pinar;Total;De 65 a 69 años;48
09 Burgos;09163 Hontoria del Pinar;Total;De 70 a 74 años;41
09 Burgos;09163 Hontoria del Pinar;Total;De 75 a 79 años;40
09 Burgos;09163 Hontoria del Pinar;Total;De 80 a 84 años;42
09 Burgos;09163 Hontoria del Pinar;Total;De 85 a 89 años;43
09 Burgos;09163 Hontoria del Pinar;Total;De 90 a 94 años;30
09 Burgos;09163 Hontoria del Pinar;Total;De 95 a 99 años;15
09 Burgos;09163 Hontoria del Pinar;Total;100 y más años;3
09 Burgos;09164 Hontoria de Valdearados;Total;De 65 a 69 años;14
09 Burgos;09164 Hontoria de Valdearados;Total;De 70 a 74 años;11
09 Burgos;09164 Hontoria de Valdearados;Total;De 75 a 79 años;10
09 Burgos;09164 Hontoria de Valdearados;Total;De 80 a 84 años;13
09 Burgos;09164 Hontoria de Valdearados;Total;De 85 a 89 años;8
09 Burgos;09164 Hontoria de Valdearados;Total;De 90 a 94 años;7
09 Burgos;09164 Hontoria de Valdearados;Total;De 95 a 99 años;1
09 Burgos;09164 Hontoria de Valdearados;Total;100 y más años;0
09 Burgos;09166 Hormazas, Las;Total;De 65 a 69 años;10
09 Burgos;09166 Hormazas, Las;Total;De 70 a 74 años;10
09 Burgos;09166 Hormazas, Las;Total;De 75 a 79 años;5
09 Burgos;09166 Hormazas, Las;Total;De 80 a 84 años;8
09 Burgos;09166 Hormazas, Las;Total;De 85 a 89 años;6
09 Burgos;09166 Hormazas, Las;Total;De 90 a 94 años;2
09 Burgos;09166 Hormazas, Las;Total;De 95 a 99 años;0
09 Burgos;09166 Hormazas, Las;Total;100 y más años;1
09 Burgos;09167 Hornillos del Camino;Total;De 65 a 69 años;5
09 Burgos;09167 Hornillos del Camino;Total;De 70 a 74 años;6
09 Burgos;09167 Hornillos del Camino;Total;De 75 a 79 años;2
09 Burgos;09167 Hornillos del Camino;Total;De 80 a 84 años;6
09 Burgos;09167 Hornillos del Camino;Total;De 85 a 89 años;0
09 Burgos;09167 Hornillos del Camino;Total;De 90 a 94 años;1
09 Burgos;09167 Hornillos del Camino;Total;De 95 a 99 años;1
09 Burgos;09167 Hornillos del Camino;Total;100 y más años;0
09 Burgos;09168 Horra, La;Total;De 65 a 69 años;16
09 Burgos;09168 Horra, La;Total;De 70 a 74 años;16
09 Burgos;09168 Horra, La;Total;De 75 a 79 años;27
09 Burgos;09168 Horra, La;Total;De 80 a 84 años;17
09 Burgos;09168 Horra, La;Total;De 85 a 89 años;11
09 Burgos;09168 Horra, La;Total;De 90 a 94 años;9
09 Burgos;09168 Horra, La;Total;De 95 a 99 años;3
09 Burgos;09168 Horra, La;Total;100 y más años;0
09 Burgos;09169 Hortigüela;Total;De 65 a 69 años;14
09 Burgos;09169 Hortigüela;Total;De 70 a 74 años;18
09 Burgos;09169 Hortigüela;Total;De 75 a 79 años;3
09 Burgos;09169 Hortigüela;Total;De 80 a 84 años;5
09 Burgos;09169 Hortigüela;Total;De 85 a 89 años;4
09 Burgos;09169 Hortigüela;Total;De 90 a 94 años;3
09 Burgos;09169 Hortigüela;Total;De 95 a 99 años;0
09 Burgos;09169 Hortigüela;Total;100 y más años;0
09 Burgos;09170 Hoyales de Roa;Total;De 65 a 69 años;19
09 Burgos;09170 Hoyales de Roa;Total;De 70 a 74 años;21
09 Burgos;09170 Hoyales de Roa;Total;De 75 a 79 años;11
09 Burgos;09170 Hoyales de Roa;Total;De 80 a 84 años;15
09 Burgos;09170 Hoyales de Roa;Total;De 85 a 89 años;8
09 Burgos;09170 Hoyales de Roa;Total;De 90 a 94 años;1
09 Burgos;09170 Hoyales de Roa;Total;De 95 a 99 años;3
09 Burgos;09170 Hoyales de Roa;Total;100 y más años;0
09 Burgos;09172 Huérmeces;Total;De 65 a 69 años;10
09 Burgos;09172 Huérmeces;Total;De 70 a 74 años;17
09 Burgos;09172 Huérmeces;Total;De 75 a 79 años;14
09 Burgos;09172 Huérmeces;Total;De 80 a 84 años;11
09 Burgos;09172 Huérmeces;Total;De 85 a 89 años;9
09 Burgos;09172 Huérmeces;Total;De 90 a 94 años;5
09 Burgos;09172 Huérmeces;Total;De 95 a 99 años;1
09 Burgos;09172 Huérmeces;Total;100 y más años;1
09 Burgos;09173 Huerta de Arriba;Total;De 65 a 69 años;19
09 Burgos;09173 Huerta de Arriba;Total;De 70 a 74 años;9
09 Burgos;09173 Huerta de Arriba;Total;De 75 a 79 años;4
09 Burgos;09173 Huerta de Arriba;Total;De 80 a 84 años;7
09 Burgos;09173 Huerta de Arriba;Total;De 85 a 89 años;9
09 Burgos;09173 Huerta de Arriba;Total;De 90 a 94 años;6
09 Burgos;09173 Huerta de Arriba;Total;De 95 a 99 años;1
09 Burgos;09173 Huerta de Arriba;Total;100 y más años;0
09 Burgos;09174 Huerta de Rey;Total;De 65 a 69 años;73
09 Burgos;09174 Huerta de Rey;Total;De 70 a 74 años;68
09 Burgos;09174 Huerta de Rey;Total;De 75 a 79 años;59
09 Burgos;09174 Huerta de Rey;Total;De 80 a 84 años;44
09 Burgos;09174 Huerta de Rey;Total;De 85 a 89 años;28
09 Burgos;09174 Huerta de Rey;Total;De 90 a 94 años;17
09 Burgos;09174 Huerta de Rey;Total;De 95 a 99 años;6
09 Burgos;09174 Huerta de Rey;Total;100 y más años;0
09 Burgos;09175 Humada;Total;De 65 a 69 años;15
09 Burgos;09175 Humada;Total;De 70 a 74 años;13
09 Burgos;09175 Humada;Total;De 75 a 79 años;11
09 Burgos;09175 Humada;Total;De 80 a 84 años;9
09 Burgos;09175 Humada;Total;De 85 a 89 años;7
09 Burgos;09175 Humada;Total;De 90 a 94 años;3
09 Burgos;09175 Humada;Total;De 95 a 99 años;0
09 Burgos;09175 Humada;Total;100 y más años;1
09 Burgos;09176 Hurones;Total;De 65 a 69 años;4
09 Burgos;09176 Hurones;Total;De 70 a 74 años;3
09 Burgos;09176 Hurones;Total;De 75 a 79 años;3
09 Burgos;09176 Hurones;Total;De 80 a 84 años;5
09 Burgos;09176 Hurones;Total;De 85 a 89 años;2
09 Burgos;09176 Hurones;Total;De 90 a 94 años;1
09 Burgos;09176 Hurones;Total;De 95 a 99 años;0
09 Burgos;09176 Hurones;Total;100 y más años;0
09 Burgos;09177 Ibeas de Juarros;Total;De 65 a 69 años;89
09 Burgos;09177 Ibeas de Juarros;Total;De 70 a 74 años;72
09 Burgos;09177 Ibeas de Juarros;Total;De 75 a 79 años;52
09 Burgos;09177 Ibeas de Juarros;Total;De 80 a 84 años;51
09 Burgos;09177 Ibeas de Juarros;Total;De 85 a 89 años;27
09 Burgos;09177 Ibeas de Juarros;Total;De 90 a 94 años;19
09 Burgos;09177 Ibeas de Juarros;Total;De 95 a 99 años;7
09 Burgos;09177 Ibeas de Juarros;Total;100 y más años;2
09 Burgos;09178 Ibrillos;Total;De 65 a 69 años;5
09 Burgos;09178 Ibrillos;Total;De 70 a 74 años;3
09 Burgos;09178 Ibrillos;Total;De 75 a 79 años;2
09 Burgos;09178 Ibrillos;Total;De 80 a 84 años;2
09 Burgos;09178 Ibrillos;Total;De 85 a 89 años;1
09 Burgos;09178 Ibrillos;Total;De 90 a 94 años;0
09 Burgos;09178 Ibrillos;Total;De 95 a 99 años;0
09 Burgos;09178 Ibrillos;Total;100 y más años;0
09 Burgos;09179 Iglesiarrubia;Total;De 65 a 69 años;3
09 Burgos;09179 Iglesiarrubia;Total;De 70 a 74 años;1
09 Burgos;09179 Iglesiarrubia;Total;De 75 a 79 años;2
09 Burgos;09179 Iglesiarrubia;Total;De 80 a 84 años;2
09 Burgos;09179 Iglesiarrubia;Total;De 85 a 89 años;2
09 Burgos;09179 Iglesiarrubia;Total;De 90 a 94 años;1
09 Burgos;09179 Iglesiarrubia;Total;De 95 a 99 años;0
09 Burgos;09179 Iglesiarrubia;Total;100 y más años;0
09 Burgos;09180 Iglesias;Total;De 65 a 69 años;14
09 Burgos;09180 Iglesias;Total;De 70 a 74 años;8
09 Burgos;09180 Iglesias;Total;De 75 a 79 años;8
09 Burgos;09180 Iglesias;Total;De 80 a 84 años;7
09 Burgos;09180 Iglesias;Total;De 85 a 89 años;6
09 Burgos;09180 Iglesias;Total;De 90 a 94 años;7
09 Burgos;09180 Iglesias;Total;De 95 a 99 años;0
09 Burgos;09180 Iglesias;Total;100 y más años;0
09 Burgos;09181 Isar;Total;De 65 a 69 años;33
09 Burgos;09181 Isar;Total;De 70 a 74 años;26
09 Burgos;09181 Isar;Total;De 75 a 79 años;22
09 Burgos;09181 Isar;Total;De 80 a 84 años;20
09 Burgos;09181 Isar;Total;De 85 a 89 años;8
09 Burgos;09181 Isar;Total;De 90 a 94 años;10
09 Burgos;09181 Isar;Total;De 95 a 99 años;3
09 Burgos;09181 Isar;Total;100 y más años;0
09 Burgos;09182 Itero del Castillo;Total;De 65 a 69 años;1
09 Burgos;09182 Itero del Castillo;Total;De 70 a 74 años;8
09 Burgos;09182 Itero del Castillo;Total;De 75 a 79 años;4
09 Burgos;09182 Itero del Castillo;Total;De 80 a 84 años;5
09 Burgos;09182 Itero del Castillo;Total;De 85 a 89 años;2
09 Burgos;09182 Itero del Castillo;Total;De 90 a 94 años;5
09 Burgos;09182 Itero del Castillo;Total;De 95 a 99 años;0
09 Burgos;09182 Itero del Castillo;Total;100 y más años;0
09 Burgos;09183 Jaramillo de la Fuente;Total;De 65 a 69 años;1
09 Burgos;09183 Jaramillo de la Fuente;Total;De 70 a 74 años;8
09 Burgos;09183 Jaramillo de la Fuente;Total;De 75 a 79 años;8
09 Burgos;09183 Jaramillo de la Fuente;Total;De 80 a 84 años;2
09 Burgos;09183 Jaramillo de la Fuente;Total;De 85 a 89 años;4
09 Burgos;09183 Jaramillo de la Fuente;Total;De 90 a 94 años;2
09 Burgos;09183 Jaramillo de la Fuente;Total;De 95 a 99 años;0
09 Burgos;09183 Jaramillo de la Fuente;Total;100 y más años;0
09 Burgos;09184 Jaramillo Quemado;Total;De 65 a 69 años;0
09 Burgos;09184 Jaramillo Quemado;Total;De 70 a 74 años;0
09 Burgos;09184 Jaramillo Quemado;Total;De 75 a 79 años;0
09 Burgos;09184 Jaramillo Quemado;Total;De 80 a 84 años;0
09 Burgos;09184 Jaramillo Quemado;Total;De 85 a 89 años;0
09 Burgos;09184 Jaramillo Quemado;Total;De 90 a 94 años;0
09 Burgos;09184 Jaramillo Quemado;Total;De 95 a 99 años;0
09 Burgos;09184 Jaramillo Quemado;Total;100 y más años;0
09 Burgos;09189 Junta de Traslaloma;Total;De 65 a 69 años;10
09 Burgos;09189 Junta de Traslaloma;Total;De 70 a 74 años;9
09 Burgos;09189 Junta de Traslaloma;Total;De 75 a 79 años;3
09 Burgos;09189 Junta de Traslaloma;Total;De 80 a 84 años;13
09 Burgos;09189 Junta de Traslaloma;Total;De 85 a 89 años;6
09 Burgos;09189 Junta de Traslaloma;Total;De 90 a 94 años;3
09 Burgos;09189 Junta de Traslaloma;Total;De 95 a 99 años;0
09 Burgos;09189 Junta de Traslaloma;Total;100 y más años;0
09 Burgos;09190 Junta de Villalba de Losa;Total;De 65 a 69 años;3
09 Burgos;09190 Junta de Villalba de Losa;Total;De 70 a 74 años;3
09 Burgos;09190 Junta de Villalba de Losa;Total;De 75 a 79 años;4
09 Burgos;09190 Junta de Villalba de Losa;Total;De 80 a 84 años;3
09 Burgos;09190 Junta de Villalba de Losa;Total;De 85 a 89 años;1
09 Burgos;09190 Junta de Villalba de Losa;Total;De 90 a 94 años;1
09 Burgos;09190 Junta de Villalba de Losa;Total;De 95 a 99 años;1
09 Burgos;09190 Junta de Villalba de Losa;Total;100 y más años;0
09 Burgos;09191 Jurisdicción de Lara;Total;De 65 a 69 años;5
09 Burgos;09191 Jurisdicción de Lara;Total;De 70 a 74 años;5
09 Burgos;09191 Jurisdicción de Lara;Total;De 75 a 79 años;4
09 Burgos;09191 Jurisdicción de Lara;Total;De 80 a 84 años;1
09 Burgos;09191 Jurisdicción de Lara;Total;De 85 a 89 años;1
09 Burgos;09191 Jurisdicción de Lara;Total;De 90 a 94 años;2
09 Burgos;09191 Jurisdicción de Lara;Total;De 95 a 99 años;0
09 Burgos;09191 Jurisdicción de Lara;Total;100 y más años;0
09 Burgos;09192 Jurisdicción de San Zadornil;Total;De 65 a 69 años;2
09 Burgos;09192 Jurisdicción de San Zadornil;Total;De 70 a 74 años;9
09 Burgos;09192 Jurisdicción de San Zadornil;Total;De 75 a 79 años;7
09 Burgos;09192 Jurisdicción de San Zadornil;Total;De 80 a 84 años;2
09 Burgos;09192 Jurisdicción de San Zadornil;Total;De 85 a 89 años;3
09 Burgos;09192 Jurisdicción de San Zadornil;Total;De 90 a 94 años;0
09 Burgos;09192 Jurisdicción de San Zadornil;Total;De 95 a 99 años;1
09 Burgos;09192 Jurisdicción de San Zadornil;Total;100 y más años;0
09 Burgos;09194 Lerma;Total;De 65 a 69 años;170
09 Burgos;09194 Lerma;Total;De 70 a 74 años;116
09 Burgos;09194 Lerma;Total;De 75 a 79 años;108
09 Burgos;09194 Lerma;Total;De 80 a 84 años;92
09 Burgos;09194 Lerma;Total;De 85 a 89 años;75
09 Burgos;09194 Lerma;Total;De 90 a 94 años;49
09 Burgos;09194 Lerma;Total;De 95 a 99 años;16
09 Burgos;09194 Lerma;Total;100 y más años;3
09 Burgos;09195 Llano de Bureba;Total;De 65 a 69 años;2
09 Burgos;09195 Llano de Bureba;Total;De 70 a 74 años;3
09 Burgos;09195 Llano de Bureba;Total;De 75 a 79 años;1
09 Burgos;09195 Llano de Bureba;Total;De 80 a 84 años;1
09 Burgos;09195 Llano de Bureba;Total;De 85 a 89 años;3
09 Burgos;09195 Llano de Bureba;Total;De 90 a 94 años;2
09 Burgos;09195 Llano de Bureba;Total;De 95 a 99 años;2
09 Burgos;09195 Llano de Bureba;Total;100 y más años;0
09 Burgos;09196 Madrigal del Monte;Total;De 65 a 69 años;11
09 Burgos;09196 Madrigal del Monte;Total;De 70 a 74 años;10
09 Burgos;09196 Madrigal del Monte;Total;De 75 a 79 años;11
09 Burgos;09196 Madrigal del Monte;Total;De 80 a 84 años;7
09 Burgos;09196 Madrigal del Monte;Total;De 85 a 89 años;7
09 Burgos;09196 Madrigal del Monte;Total;De 90 a 94 años;7
09 Burgos;09196 Madrigal del Monte;Total;De 95 a 99 años;2
09 Burgos;09196 Madrigal del Monte;Total;100 y más años;0
09 Burgos;09197 Madrigalejo del Monte;Total;De 65 a 69 años;14
09 Burgos;09197 Madrigalejo del Monte;Total;De 70 a 74 años;7
09 Burgos;09197 Madrigalejo del Monte;Total;De 75 a 79 años;11
09 Burgos;09197 Madrigalejo del Monte;Total;De 80 a 84 años;7
09 Burgos;09197 Madrigalejo del Monte;Total;De 85 a 89 años;5
09 Burgos;09197 Madrigalejo del Monte;Total;De 90 a 94 años;4
09 Burgos;09197 Madrigalejo del Monte;Total;De 95 a 99 años;0
09 Burgos;09197 Madrigalejo del Monte;Total;100 y más años;0
09 Burgos;09198 Mahamud;Total;De 65 a 69 años;11
09 Burgos;09198 Mahamud;Total;De 70 a 74 años;5
09 Burgos;09198 Mahamud;Total;De 75 a 79 años;13
09 Burgos;09198 Mahamud;Total;De 80 a 84 años;5
09 Burgos;09198 Mahamud;Total;De 85 a 89 años;4
09 Burgos;09198 Mahamud;Total;De 90 a 94 años;5
09 Burgos;09198 Mahamud;Total;De 95 a 99 años;3
09 Burgos;09198 Mahamud;Total;100 y más años;0
09 Burgos;09199 Mambrilla de Castrejón;Total;De 65 a 69 años;8
09 Burgos;09199 Mambrilla de Castrejón;Total;De 70 a 74 años;6
09 Burgos;09199 Mambrilla de Castrejón;Total;De 75 a 79 años;5
09 Burgos;09199 Mambrilla de Castrejón;Total;De 80 a 84 años;5
09 Burgos;09199 Mambrilla de Castrejón;Total;De 85 a 89 años;3
09 Burgos;09199 Mambrilla de Castrejón;Total;De 90 a 94 años;1
09 Burgos;09199 Mambrilla de Castrejón;Total;De 95 a 99 años;0
09 Burgos;09199 Mambrilla de Castrejón;Total;100 y más años;0
09 Burgos;09200 Mambrillas de Lara;Total;De 65 a 69 años;5
09 Burgos;09200 Mambrillas de Lara;Total;De 70 a 74 años;9
09 Burgos;09200 Mambrillas de Lara;Total;De 75 a 79 años;6
09 Burgos;09200 Mambrillas de Lara;Total;De 80 a 84 años;2
09 Burgos;09200 Mambrillas de Lara;Total;De 85 a 89 años;1
09 Burgos;09200 Mambrillas de Lara;Total;De 90 a 94 años;0
09 Burgos;09200 Mambrillas de Lara;Total;De 95 a 99 años;0
09 Burgos;09200 Mambrillas de Lara;Total;100 y más años;0
09 Burgos;09201 Mamolar;Total;De 65 a 69 años;4
09 Burgos;09201 Mamolar;Total;De 70 a 74 años;5
09 Burgos;09201 Mamolar;Total;De 75 a 79 años;1
09 Burgos;09201 Mamolar;Total;De 80 a 84 años;0
09 Burgos;09201 Mamolar;Total;De 85 a 89 años;1
09 Burgos;09201 Mamolar;Total;De 90 a 94 años;1
09 Burgos;09201 Mamolar;Total;De 95 a 99 años;0
09 Burgos;09201 Mamolar;Total;100 y más años;0
09 Burgos;09202 Manciles;Total;De 65 a 69 años;1
09 Burgos;09202 Manciles;Total;De 70 a 74 años;5
09 Burgos;09202 Manciles;Total;De 75 a 79 años;4
09 Burgos;09202 Manciles;Total;De 80 a 84 años;3
09 Burgos;09202 Manciles;Total;De 85 a 89 años;1
09 Burgos;09202 Manciles;Total;De 90 a 94 años;0
09 Burgos;09202 Manciles;Total;De 95 a 99 años;0
09 Burgos;09202 Manciles;Total;100 y más años;0
09 Burgos;09206 Mazuela;Total;De 65 a 69 años;7
09 Burgos;09206 Mazuela;Total;De 70 a 74 años;7
09 Burgos;09206 Mazuela;Total;De 75 a 79 años;5
09 Burgos;09206 Mazuela;Total;De 80 a 84 años;4
09 Burgos;09206 Mazuela;Total;De 85 a 89 años;3
09 Burgos;09206 Mazuela;Total;De 90 a 94 años;1
09 Burgos;09206 Mazuela;Total;De 95 a 99 años;0
09 Burgos;09206 Mazuela;Total;100 y más años;0
09 Burgos;09208 Mecerreyes;Total;De 65 a 69 años;19
09 Burgos;09208 Mecerreyes;Total;De 70 a 74 años;11
09 Burgos;09208 Mecerreyes;Total;De 75 a 79 años;4
09 Burgos;09208 Mecerreyes;Total;De 80 a 84 años;5
09 Burgos;09208 Mecerreyes;Total;De 85 a 89 años;5
09 Burgos;09208 Mecerreyes;Total;De 90 a 94 años;11
09 Burgos;09208 Mecerreyes;Total;De 95 a 99 años;3
09 Burgos;09208 Mecerreyes;Total;100 y más años;0
09 Burgos;09209 Medina de Pomar;Total;De 65 a 69 años;402
09 Burgos;09209 Medina de Pomar;Total;De 70 a 74 años;316
09 Burgos;09209 Medina de Pomar;Total;De 75 a 79 años;258
09 Burgos;09209 Medina de Pomar;Total;De 80 a 84 años;212
09 Burgos;09209 Medina de Pomar;Total;De 85 a 89 años;139
09 Burgos;09209 Medina de Pomar;Total;De 90 a 94 años;89
09 Burgos;09209 Medina de Pomar;Total;De 95 a 99 años;42
09 Burgos;09209 Medina de Pomar;Total;100 y más años;5
09 Burgos;09211 Melgar de Fernamental;Total;De 65 a 69 años;120
09 Burgos;09211 Melgar de Fernamental;Total;De 70 a 74 años;92
09 Burgos;09211 Melgar de Fernamental;Total;De 75 a 79 años;84
09 Burgos;09211 Melgar de Fernamental;Total;De 80 a 84 años;88
09 Burgos;09211 Melgar de Fernamental;Total;De 85 a 89 años;53
09 Burgos;09211 Melgar de Fernamental;Total;De 90 a 94 años;37
09 Burgos;09211 Melgar de Fernamental;Total;De 95 a 99 años;11
09 Burgos;09211 Melgar de Fernamental;Total;100 y más años;3
09 Burgos;09213 Merindad de Cuesta-Urria;Total;De 65 a 69 años;30
09 Burgos;09213 Merindad de Cuesta-Urria;Total;De 70 a 74 años;14
09 Burgos;09213 Merindad de Cuesta-Urria;Total;De 75 a 79 años;9
09 Burgos;09213 Merindad de Cuesta-Urria;Total;De 80 a 84 años;14
09 Burgos;09213 Merindad de Cuesta-Urria;Total;De 85 a 89 años;15
09 Burgos;09213 Merindad de Cuesta-Urria;Total;De 90 a 94 años;14
09 Burgos;09213 Merindad de Cuesta-Urria;Total;De 95 a 99 años;5
09 Burgos;09213 Merindad de Cuesta-Urria;Total;100 y más años;0
09 Burgos;09214 Merindad de Montija;Total;De 65 a 69 años;59
09 Burgos;09214 Merindad de Montija;Total;De 70 a 74 años;47
09 Burgos;09214 Merindad de Montija;Total;De 75 a 79 años;40
09 Burgos;09214 Merindad de Montija;Total;De 80 a 84 años;39
09 Burgos;09214 Merindad de Montija;Total;De 85 a 89 años;23
09 Burgos;09214 Merindad de Montija;Total;De 90 a 94 años;18
09 Burgos;09214 Merindad de Montija;Total;De 95 a 99 años;10
09 Burgos;09214 Merindad de Montija;Total;100 y más años;1
09 Burgos;09215 Merindad de Sotoscueva;Total;De 65 a 69 años;38
09 Burgos;09215 Merindad de Sotoscueva;Total;De 70 a 74 años;29
09 Burgos;09215 Merindad de Sotoscueva;Total;De 75 a 79 años;22
09 Burgos;09215 Merindad de Sotoscueva;Total;De 80 a 84 años;21
09 Burgos;09215 Merindad de Sotoscueva;Total;De 85 a 89 años;11
09 Burgos;09215 Merindad de Sotoscueva;Total;De 90 a 94 años;11
09 Burgos;09215 Merindad de Sotoscueva;Total;De 95 a 99 años;5
09 Burgos;09215 Merindad de Sotoscueva;Total;100 y más años;2
09 Burgos;09216 Merindad de Valdeporres;Total;De 65 a 69 años;35
09 Burgos;09216 Merindad de Valdeporres;Total;De 70 a 74 años;22
09 Burgos;09216 Merindad de Valdeporres;Total;De 75 a 79 años;19
09 Burgos;09216 Merindad de Valdeporres;Total;De 80 a 84 años;26
09 Burgos;09216 Merindad de Valdeporres;Total;De 85 a 89 años;12
09 Burgos;09216 Merindad de Valdeporres;Total;De 90 a 94 años;17
09 Burgos;09216 Merindad de Valdeporres;Total;De 95 a 99 años;6
09 Burgos;09216 Merindad de Valdeporres;Total;100 y más años;2
09 Burgos;09217 Merindad de Valdivielso;Total;De 65 a 69 años;36
09 Burgos;09217 Merindad de Valdivielso;Total;De 70 a 74 años;31
09 Burgos;09217 Merindad de Valdivielso;Total;De 75 a 79 años;29
09 Burgos;09217 Merindad de Valdivielso;Total;De 80 a 84 años;25
09 Burgos;09217 Merindad de Valdivielso;Total;De 85 a 89 años;16
09 Burgos;09217 Merindad de Valdivielso;Total;De 90 a 94 años;9
09 Burgos;09217 Merindad de Valdivielso;Total;De 95 a 99 años;4
09 Burgos;09217 Merindad de Valdivielso;Total;100 y más años;1
09 Burgos;09218 Milagros;Total;De 65 a 69 años;28
09 Burgos;09218 Milagros;Total;De 70 a 74 años;35
09 Burgos;09218 Milagros;Total;De 75 a 79 años;20
09 Burgos;09218 Milagros;Total;De 80 a 84 años;17
09 Burgos;09218 Milagros;Total;De 85 a 89 años;11
09 Burgos;09218 Milagros;Total;De 90 a 94 años;13
09 Burgos;09218 Milagros;Total;De 95 a 99 años;12
09 Burgos;09218 Milagros;Total;100 y más años;1
09 Burgos;09219 Miranda de Ebro;Total;De 65 a 69 años;2.512
09 Burgos;09219 Miranda de Ebro;Total;De 70 a 74 años;1.931
09 Burgos;09219 Miranda de Ebro;Total;De 75 a 79 años;1.613
09 Burgos;09219 Miranda de Ebro;Total;De 80 a 84 años;1.077
09 Burgos;09219 Miranda de Ebro;Total;De 85 a 89 años;800
09 Burgos;09219 Miranda de Ebro;Total;De 90 a 94 años;531
09 Burgos;09219 Miranda de Ebro;Total;De 95 a 99 años;182
09 Burgos;09219 Miranda de Ebro;Total;100 y más años;25
09 Burgos;09220 Miraveche;Total;De 65 a 69 años;4
09 Burgos;09220 Miraveche;Total;De 70 a 74 años;4
09 Burgos;09220 Miraveche;Total;De 75 a 79 años;9
09 Burgos;09220 Miraveche;Total;De 80 a 84 años;11
09 Burgos;09220 Miraveche;Total;De 85 a 89 años;3
09 Burgos;09220 Miraveche;Total;De 90 a 94 años;4
09 Burgos;09220 Miraveche;Total;De 95 a 99 años;0
09 Burgos;09220 Miraveche;Total;100 y más años;0
09 Burgos;09221 Modúbar de la Emparedada;Total;De 65 a 69 años;29
09 Burgos;09221 Modúbar de la Emparedada;Total;De 70 a 74 años;25
09 Burgos;09221 Modúbar de la Emparedada;Total;De 75 a 79 años;22
09 Burgos;09221 Modúbar de la Emparedada;Total;De 80 a 84 años;10
09 Burgos;09221 Modúbar de la Emparedada;Total;De 85 a 89 años;9
09 Burgos;09221 Modúbar de la Emparedada;Total;De 90 a 94 años;4
09 Burgos;09221 Modúbar de la Emparedada;Total;De 95 a 99 años;3
09 Burgos;09221 Modúbar de la Emparedada;Total;100 y más años;0
09 Burgos;09223 Monasterio de la Sierra;Total;De 65 a 69 años;4
09 Burgos;09223 Monasterio de la Sierra;Total;De 70 a 74 años;2
09 Burgos;09223 Monasterio de la Sierra;Total;De 75 a 79 años;6
09 Burgos;09223 Monasterio de la Sierra;Total;De 80 a 84 años;1
09 Burgos;09223 Monasterio de la Sierra;Total;De 85 a 89 años;2
09 Burgos;09223 Monasterio de la Sierra;Total;De 90 a 94 años;1
09 Burgos;09223 Monasterio de la Sierra;Total;De 95 a 99 años;0
09 Burgos;09223 Monasterio de la Sierra;Total;100 y más años;0
09 Burgos;09224 Monasterio de Rodilla;Total;De 65 a 69 años;11
09 Burgos;09224 Monasterio de Rodilla;Total;De 70 a 74 años;7
09 Burgos;09224 Monasterio de Rodilla;Total;De 75 a 79 años;14
09 Burgos;09224 Monasterio de Rodilla;Total;De 80 a 84 años;11
09 Burgos;09224 Monasterio de Rodilla;Total;De 85 a 89 años;6
09 Burgos;09224 Monasterio de Rodilla;Total;De 90 a 94 años;5
09 Burgos;09224 Monasterio de Rodilla;Total;De 95 a 99 años;1
09 Burgos;09224 Monasterio de Rodilla;Total;100 y más años;0
09 Burgos;09225 Moncalvillo;Total;De 65 a 69 años;8
09 Burgos;09225 Moncalvillo;Total;De 70 a 74 años;6
09 Burgos;09225 Moncalvillo;Total;De 75 a 79 años;2
09 Burgos;09225 Moncalvillo;Total;De 80 a 84 años;9
09 Burgos;09225 Moncalvillo;Total;De 85 a 89 años;6
09 Burgos;09225 Moncalvillo;Total;De 90 a 94 años;4
09 Burgos;09225 Moncalvillo;Total;De 95 a 99 años;2
09 Burgos;09225 Moncalvillo;Total;100 y más años;0
09 Burgos;09226 Monterrubio de la Demanda;Total;De 65 a 69 años;9
09 Burgos;09226 Monterrubio de la Demanda;Total;De 70 a 74 años;4
09 Burgos;09226 Monterrubio de la Demanda;Total;De 75 a 79 años;3
09 Burgos;09226 Monterrubio de la Demanda;Total;De 80 a 84 años;5
09 Burgos;09226 Monterrubio de la Demanda;Total;De 85 a 89 años;6
09 Burgos;09226 Monterrubio de la Demanda;Total;De 90 a 94 años;5
09 Burgos;09226 Monterrubio de la Demanda;Total;De 95 a 99 años;1
09 Burgos;09226 Monterrubio de la Demanda;Total;100 y más años;0
09 Burgos;09227 Montorio;Total;De 65 a 69 años;13
09 Burgos;09227 Montorio;Total;De 70 a 74 años;11
09 Burgos;09227 Montorio;Total;De 75 a 79 años;11
09 Burgos;09227 Montorio;Total;De 80 a 84 años;8
09 Burgos;09227 Montorio;Total;De 85 a 89 años;3
09 Burgos;09227 Montorio;Total;De 90 a 94 años;4
09 Burgos;09227 Montorio;Total;De 95 a 99 años;0
09 Burgos;09227 Montorio;Total;100 y más años;0
09 Burgos;09228 Moradillo de Roa;Total;De 65 a 69 años;11
09 Burgos;09228 Moradillo de Roa;Total;De 70 a 74 años;14
09 Burgos;09228 Moradillo de Roa;Total;De 75 a 79 años;14
09 Burgos;09228 Moradillo de Roa;Total;De 80 a 84 años;8
09 Burgos;09228 Moradillo de Roa;Total;De 85 a 89 años;6
09 Burgos;09228 Moradillo de Roa;Total;De 90 a 94 años;5
09 Burgos;09228 Moradillo de Roa;Total;De 95 a 99 años;1
09 Burgos;09228 Moradillo de Roa;Total;100 y más años;2
09 Burgos;09229 Nava de Roa;Total;De 65 a 69 años;11
09 Burgos;09229 Nava de Roa;Total;De 70 a 74 años;20
09 Burgos;09229 Nava de Roa;Total;De 75 a 79 años;11
09 Burgos;09229 Nava de Roa;Total;De 80 a 84 años;10
09 Burgos;09229 Nava de Roa;Total;De 85 a 89 años;4
09 Burgos;09229 Nava de Roa;Total;De 90 a 94 años;9
09 Burgos;09229 Nava de Roa;Total;De 95 a 99 años;1
09 Burgos;09229 Nava de Roa;Total;100 y más años;0
09 Burgos;09230 Navas de Bureba;Total;De 65 a 69 años;1
09 Burgos;09230 Navas de Bureba;Total;De 70 a 74 años;2
09 Burgos;09230 Navas de Bureba;Total;De 75 a 79 años;4
09 Burgos;09230 Navas de Bureba;Total;De 80 a 84 años;4
09 Burgos;09230 Navas de Bureba;Total;De 85 a 89 años;1
09 Burgos;09230 Navas de Bureba;Total;De 90 a 94 años;1
09 Burgos;09230 Navas de Bureba;Total;De 95 a 99 años;2
09 Burgos;09230 Navas de Bureba;Total;100 y más años;0
09 Burgos;09231 Nebreda;Total;De 65 a 69 años;9
09 Burgos;09231 Nebreda;Total;De 70 a 74 años;4
09 Burgos;09231 Nebreda;Total;De 75 a 79 años;7
09 Burgos;09231 Nebreda;Total;De 80 a 84 años;6
09 Burgos;09231 Nebreda;Total;De 85 a 89 años;1
09 Burgos;09231 Nebreda;Total;De 90 a 94 años;4
09 Burgos;09231 Nebreda;Total;De 95 a 99 años;1
09 Burgos;09231 Nebreda;Total;100 y más años;0
09 Burgos;09232 Neila;Total;De 65 a 69 años;13
09 Burgos;09232 Neila;Total;De 70 a 74 años;10
09 Burgos;09232 Neila;Total;De 75 a 79 años;4
09 Burgos;09232 Neila;Total;De 80 a 84 años;7
09 Burgos;09232 Neila;Total;De 85 a 89 años;5
09 Burgos;09232 Neila;Total;De 90 a 94 años;4
09 Burgos;09232 Neila;Total;De 95 a 99 años;3
09 Burgos;09232 Neila;Total;100 y más años;1
09 Burgos;09235 Olmedillo de Roa;Total;De 65 a 69 años;8
09 Burgos;09235 Olmedillo de Roa;Total;De 70 a 74 años;17
09 Burgos;09235 Olmedillo de Roa;Total;De 75 a 79 años;11
09 Burgos;09235 Olmedillo de Roa;Total;De 80 a 84 años;12
09 Burgos;09235 Olmedillo de Roa;Total;De 85 a 89 años;5
09 Burgos;09235 Olmedillo de Roa;Total;De 90 a 94 años;7
09 Burgos;09235 Olmedillo de Roa;Total;De 95 a 99 años;3
09 Burgos;09235 Olmedillo de Roa;Total;100 y más años;0
09 Burgos;09236 Olmillos de Muñó;Total;De 65 a 69 años;2
09 Burgos;09236 Olmillos de Muñó;Total;De 70 a 74 años;2
09 Burgos;09236 Olmillos de Muñó;Total;De 75 a 79 años;2
09 Burgos;09236 Olmillos de Muñó;Total;De 80 a 84 años;5
09 Burgos;09236 Olmillos de Muñó;Total;De 85 a 89 años;3
09 Burgos;09236 Olmillos de Muñó;Total;De 90 a 94 años;1
09 Burgos;09236 Olmillos de Muñó;Total;De 95 a 99 años;0
09 Burgos;09236 Olmillos de Muñó;Total;100 y más años;0
09 Burgos;09238 Oña;Total;De 65 a 69 años;80
09 Burgos;09238 Oña;Total;De 70 a 74 años;83
09 Burgos;09238 Oña;Total;De 75 a 79 años;60
09 Burgos;09238 Oña;Total;De 80 a 84 años;95
09 Burgos;09238 Oña;Total;De 85 a 89 años;52
09 Burgos;09238 Oña;Total;De 90 a 94 años;63
09 Burgos;09238 Oña;Total;De 95 a 99 años;26
09 Burgos;09238 Oña;Total;100 y más años;2
09 Burgos;09239 Oquillas;Total;De 65 a 69 años;3
09 Burgos;09239 Oquillas;Total;De 70 a 74 años;6
09 Burgos;09239 Oquillas;Total;De 75 a 79 años;0
09 Burgos;09239 Oquillas;Total;De 80 a 84 años;2
09 Burgos;09239 Oquillas;Total;De 85 a 89 años;3
09 Burgos;09239 Oquillas;Total;De 90 a 94 años;3
09 Burgos;09239 Oquillas;Total;De 95 a 99 años;0
09 Burgos;09239 Oquillas;Total;100 y más años;0
09 Burgos;09241 Orbaneja Riopico;Total;De 65 a 69 años;18
09 Burgos;09241 Orbaneja Riopico;Total;De 70 a 74 años;16
09 Burgos;09241 Orbaneja Riopico;Total;De 75 a 79 años;16
09 Burgos;09241 Orbaneja Riopico;Total;De 80 a 84 años;4
09 Burgos;09241 Orbaneja Riopico;Total;De 85 a 89 años;1
09 Burgos;09241 Orbaneja Riopico;Total;De 90 a 94 años;2
09 Burgos;09241 Orbaneja Riopico;Total;De 95 a 99 años;2
09 Burgos;09241 Orbaneja Riopico;Total;100 y más años;0
09 Burgos;09242 Padilla de Abajo;Total;De 65 a 69 años;11
09 Burgos;09242 Padilla de Abajo;Total;De 70 a 74 años;10
09 Burgos;09242 Padilla de Abajo;Total;De 75 a 79 años;12
09 Burgos;09242 Padilla de Abajo;Total;De 80 a 84 años;8
09 Burgos;09242 Padilla de Abajo;Total;De 85 a 89 años;5
09 Burgos;09242 Padilla de Abajo;Total;De 90 a 94 años;2
09 Burgos;09242 Padilla de Abajo;Total;De 95 a 99 años;0
09 Burgos;09242 Padilla de Abajo;Total;100 y más años;0
09 Burgos;09243 Padilla de Arriba;Total;De 65 a 69 años;10
09 Burgos;09243 Padilla de Arriba;Total;De 70 a 74 años;3
09 Burgos;09243 Padilla de Arriba;Total;De 75 a 79 años;5
09 Burgos;09243 Padilla de Arriba;Total;De 80 a 84 años;4
09 Burgos;09243 Padilla de Arriba;Total;De 85 a 89 años;3
09 Burgos;09243 Padilla de Arriba;Total;De 90 a 94 años;3
09 Burgos;09243 Padilla de Arriba;Total;De 95 a 99 años;1
09 Burgos;09243 Padilla de Arriba;Total;100 y más años;0
09 Burgos;09244 Padrones de Bureba;Total;De 65 a 69 años;3
09 Burgos;09244 Padrones de Bureba;Total;De 70 a 74 años;2
09 Burgos;09244 Padrones de Bureba;Total;De 75 a 79 años;2
09 Burgos;09244 Padrones de Bureba;Total;De 80 a 84 años;2
09 Burgos;09244 Padrones de Bureba;Total;De 85 a 89 años;5
09 Burgos;09244 Padrones de Bureba;Total;De 90 a 94 años;2
09 Burgos;09244 Padrones de Bureba;Total;De 95 a 99 años;1
09 Burgos;09244 Padrones de Bureba;Total;100 y más años;1
09 Burgos;09246 Palacios de la Sierra;Total;De 65 a 69 años;54
09 Burgos;09246 Palacios de la Sierra;Total;De 70 a 74 años;31
09 Burgos;09246 Palacios de la Sierra;Total;De 75 a 79 años;34
09 Burgos;09246 Palacios de la Sierra;Total;De 80 a 84 años;40
09 Burgos;09246 Palacios de la Sierra;Total;De 85 a 89 años;33
09 Burgos;09246 Palacios de la Sierra;Total;De 90 a 94 años;24
09 Burgos;09246 Palacios de la Sierra;Total;De 95 a 99 años;6
09 Burgos;09246 Palacios de la Sierra;Total;100 y más años;0
09 Burgos;09247 Palacios de Riopisuerga;Total;De 65 a 69 años;3
09 Burgos;09247 Palacios de Riopisuerga;Total;De 70 a 74 años;1
09 Burgos;09247 Palacios de Riopisuerga;Total;De 75 a 79 años;0
09 Burgos;09247 Palacios de Riopisuerga;Total;De 80 a 84 años;2
09 Burgos;09247 Palacios de Riopisuerga;Total;De 85 a 89 años;0
09 Burgos;09247 Palacios de Riopisuerga;Total;De 90 a 94 años;1
09 Burgos;09247 Palacios de Riopisuerga;Total;De 95 a 99 años;0
09 Burgos;09247 Palacios de Riopisuerga;Total;100 y más años;0
09 Burgos;09248 Palazuelos de la Sierra;Total;De 65 a 69 años;10
09 Burgos;09248 Palazuelos de la Sierra;Total;De 70 a 74 años;9
09 Burgos;09248 Palazuelos de la Sierra;Total;De 75 a 79 años;9
09 Burgos;09248 Palazuelos de la Sierra;Total;De 80 a 84 años;7
09 Burgos;09248 Palazuelos de la Sierra;Total;De 85 a 89 años;1
09 Burgos;09248 Palazuelos de la Sierra;Total;De 90 a 94 años;2
09 Burgos;09248 Palazuelos de la Sierra;Total;De 95 a 99 años;3
09 Burgos;09248 Palazuelos de la Sierra;Total;100 y más años;0
09 Burgos;09249 Palazuelos de Muñó;Total;De 65 a 69 años;5
09 Burgos;09249 Palazuelos de Muñó;Total;De 70 a 74 años;4
09 Burgos;09249 Palazuelos de Muñó;Total;De 75 a 79 años;7
09 Burgos;09249 Palazuelos de Muñó;Total;De 80 a 84 años;2
09 Burgos;09249 Palazuelos de Muñó;Total;De 85 a 89 años;0
09 Burgos;09249 Palazuelos de Muñó;Total;De 90 a 94 años;1
09 Burgos;09249 Palazuelos de Muñó;Total;De 95 a 99 años;0
09 Burgos;09249 Palazuelos de Muñó;Total;100 y más años;0
09 Burgos;09250 Pampliega;Total;De 65 a 69 años;14
09 Burgos;09250 Pampliega;Total;De 70 a 74 años;18
09 Burgos;09250 Pampliega;Total;De 75 a 79 años;17
09 Burgos;09250 Pampliega;Total;De 80 a 84 años;29
09 Burgos;09250 Pampliega;Total;De 85 a 89 años;12
09 Burgos;09250 Pampliega;Total;De 90 a 94 años;13
09 Burgos;09250 Pampliega;Total;De 95 a 99 años;0
09 Burgos;09250 Pampliega;Total;100 y más años;1
09 Burgos;09251 Pancorbo;Total;De 65 a 69 años;24
09 Burgos;09251 Pancorbo;Total;De 70 a 74 años;25
09 Burgos;09251 Pancorbo;Total;De 75 a 79 años;30
09 Burgos;09251 Pancorbo;Total;De 80 a 84 años;20
09 Burgos;09251 Pancorbo;Total;De 85 a 89 años;11
09 Burgos;09251 Pancorbo;Total;De 90 a 94 años;5
09 Burgos;09251 Pancorbo;Total;De 95 a 99 años;3
09 Burgos;09251 Pancorbo;Total;100 y más años;0
09 Burgos;09253 Pardilla;Total;De 65 a 69 años;11
09 Burgos;09253 Pardilla;Total;De 70 a 74 años;3
09 Burgos;09253 Pardilla;Total;De 75 a 79 años;7
09 Burgos;09253 Pardilla;Total;De 80 a 84 años;4
09 Burgos;09253 Pardilla;Total;De 85 a 89 años;3
09 Burgos;09253 Pardilla;Total;De 90 a 94 años;1
09 Burgos;09253 Pardilla;Total;De 95 a 99 años;1
09 Burgos;09253 Pardilla;Total;100 y más años;0
09 Burgos;09255 Partido de la Sierra en Tobalina;Total;De 65 a 69 años;12
09 Burgos;09255 Partido de la Sierra en Tobalina;Total;De 70 a 74 años;15
09 Burgos;09255 Partido de la Sierra en Tobalina;Total;De 75 a 79 años;6
09 Burgos;09255 Partido de la Sierra en Tobalina;Total;De 80 a 84 años;6
09 Burgos;09255 Partido de la Sierra en Tobalina;Total;De 85 a 89 años;3
09 Burgos;09255 Partido de la Sierra en Tobalina;Total;De 90 a 94 años;0
09 Burgos;09255 Partido de la Sierra en Tobalina;Total;De 95 a 99 años;2
09 Burgos;09255 Partido de la Sierra en Tobalina;Total;100 y más años;0
09 Burgos;09256 Pedrosa de Duero;Total;De 65 a 69 años;34
09 Burgos;09256 Pedrosa de Duero;Total;De 70 a 74 años;22
09 Burgos;09256 Pedrosa de Duero;Total;De 75 a 79 años;20
09 Burgos;09256 Pedrosa de Duero;Total;De 80 a 84 años;28
09 Burgos;09256 Pedrosa de Duero;Total;De 85 a 89 años;7
09 Burgos;09256 Pedrosa de Duero;Total;De 90 a 94 años;10
09 Burgos;09256 Pedrosa de Duero;Total;De 95 a 99 años;6
09 Burgos;09256 Pedrosa de Duero;Total;100 y más años;0
09 Burgos;09257 Pedrosa del Páramo;Total;De 65 a 69 años;8
09 Burgos;09257 Pedrosa del Páramo;Total;De 70 a 74 años;6
09 Burgos;09257 Pedrosa del Páramo;Total;De 75 a 79 años;9
09 Burgos;09257 Pedrosa del Páramo;Total;De 80 a 84 años;2
09 Burgos;09257 Pedrosa del Páramo;Total;De 85 a 89 años;2
09 Burgos;09257 Pedrosa del Páramo;Total;De 90 a 94 años;3
09 Burgos;09257 Pedrosa del Páramo;Total;De 95 a 99 años;1
09 Burgos;09257 Pedrosa del Páramo;Total;100 y más años;0
09 Burgos;09258 Pedrosa del Príncipe;Total;De 65 a 69 años;17
09 Burgos;09258 Pedrosa del Príncipe;Total;De 70 a 74 años;10
09 Burgos;09258 Pedrosa del Príncipe;Total;De 75 a 79 años;17
09 Burgos;09258 Pedrosa del Príncipe;Total;De 80 a 84 años;13
09 Burgos;09258 Pedrosa del Príncipe;Total;De 85 a 89 años;11
09 Burgos;09258 Pedrosa del Príncipe;Total;De 90 a 94 años;6
09 Burgos;09258 Pedrosa del Príncipe;Total;De 95 a 99 años;5
09 Burgos;09258 Pedrosa del Príncipe;Total;100 y más años;1
09 Burgos;09259 Pedrosa de Río Úrbel;Total;De 65 a 69 años;26
09 Burgos;09259 Pedrosa de Río Úrbel;Total;De 70 a 74 años;19
09 Burgos;09259 Pedrosa de Río Úrbel;Total;De 75 a 79 años;14
09 Burgos;09259 Pedrosa de Río Úrbel;Total;De 80 a 84 años;11
09 Burgos;09259 Pedrosa de Río Úrbel;Total;De 85 a 89 años;4
09 Burgos;09259 Pedrosa de Río Úrbel;Total;De 90 a 94 años;14
09 Burgos;09259 Pedrosa de Río Úrbel;Total;De 95 a 99 años;1
09 Burgos;09259 Pedrosa de Río Úrbel;Total;100 y más años;0
09 Burgos;09261 Peñaranda de Duero;Total;De 65 a 69 años;28
09 Burgos;09261 Peñaranda de Duero;Total;De 70 a 74 años;29
09 Burgos;09261 Peñaranda de Duero;Total;De 75 a 79 años;34
09 Burgos;09261 Peñaranda de Duero;Total;De 80 a 84 años;32
09 Burgos;09261 Peñaranda de Duero;Total;De 85 a 89 años;14
09 Burgos;09261 Peñaranda de Duero;Total;De 90 a 94 años;19
09 Burgos;09261 Peñaranda de Duero;Total;De 95 a 99 años;4
09 Burgos;09261 Peñaranda de Duero;Total;100 y más años;1
09 Burgos;09262 Peral de Arlanza;Total;De 65 a 69 años;14
09 Burgos;09262 Peral de Arlanza;Total;De 70 a 74 años;13
09 Burgos;09262 Peral de Arlanza;Total;De 75 a 79 años;11
09 Burgos;09262 Peral de Arlanza;Total;De 80 a 84 años;14
09 Burgos;09262 Peral de Arlanza;Total;De 85 a 89 años;4
09 Burgos;09262 Peral de Arlanza;Total;De 90 a 94 años;10
09 Burgos;09262 Peral de Arlanza;Total;De 95 a 99 años;2
09 Burgos;09262 Peral de Arlanza;Total;100 y más años;0
09 Burgos;09265 Piérnigas;Total;De 65 a 69 años;6
09 Burgos;09265 Piérnigas;Total;De 70 a 74 años;6
09 Burgos;09265 Piérnigas;Total;De 75 a 79 años;2
09 Burgos;09265 Piérnigas;Total;De 80 a 84 años;3
09 Burgos;09265 Piérnigas;Total;De 85 a 89 años;0
09 Burgos;09265 Piérnigas;Total;De 90 a 94 años;3
09 Burgos;09265 Piérnigas;Total;De 95 a 99 años;0
09 Burgos;09265 Piérnigas;Total;100 y más años;0
09 Burgos;09266 Pineda de la Sierra;Total;De 65 a 69 años;11
09 Burgos;09266 Pineda de la Sierra;Total;De 70 a 74 años;12
09 Burgos;09266 Pineda de la Sierra;Total;De 75 a 79 años;5
09 Burgos;09266 Pineda de la Sierra;Total;De 80 a 84 años;5
09 Burgos;09266 Pineda de la Sierra;Total;De 85 a 89 años;4
09 Burgos;09266 Pineda de la Sierra;Total;De 90 a 94 años;2
09 Burgos;09266 Pineda de la Sierra;Total;De 95 a 99 años;0
09 Burgos;09266 Pineda de la Sierra;Total;100 y más años;0
09 Burgos;09267 Pineda Trasmonte;Total;De 65 a 69 años;7
09 Burgos;09267 Pineda Trasmonte;Total;De 70 a 74 años;7
09 Burgos;09267 Pineda Trasmonte;Total;De 75 a 79 años;8
09 Burgos;09267 Pineda Trasmonte;Total;De 80 a 84 años;6
09 Burgos;09267 Pineda Trasmonte;Total;De 85 a 89 años;7
09 Burgos;09267 Pineda Trasmonte;Total;De 90 a 94 años;5
09 Burgos;09267 Pineda Trasmonte;Total;De 95 a 99 años;1
09 Burgos;09267 Pineda Trasmonte;Total;100 y más años;0
09 Burgos;09268 Pinilla de los Barruecos;Total;De 65 a 69 años;9
09 Burgos;09268 Pinilla de los Barruecos;Total;De 70 a 74 años;6
09 Burgos;09268 Pinilla de los Barruecos;Total;De 75 a 79 años;6
09 Burgos;09268 Pinilla de los Barruecos;Total;De 80 a 84 años;7
09 Burgos;09268 Pinilla de los Barruecos;Total;De 85 a 89 años;7
09 Burgos;09268 Pinilla de los Barruecos;Total;De 90 a 94 años;6
09 Burgos;09268 Pinilla de los Barruecos;Total;De 95 a 99 años;1
09 Burgos;09268 Pinilla de los Barruecos;Total;100 y más años;0
09 Burgos;09269 Pinilla de los Moros;Total;De 65 a 69 años;3
09 Burgos;09269 Pinilla de los Moros;Total;De 70 a 74 años;4
09 Burgos;09269 Pinilla de los Moros;Total;De 75 a 79 años;0
09 Burgos;09269 Pinilla de los Moros;Total;De 80 a 84 años;4
09 Burgos;09269 Pinilla de los Moros;Total;De 85 a 89 años;2
09 Burgos;09269 Pinilla de los Moros;Total;De 90 a 94 años;0
09 Burgos;09269 Pinilla de los Moros;Total;De 95 a 99 años;0
09 Burgos;09269 Pinilla de los Moros;Total;100 y más años;0
09 Burgos;09270 Pinilla Trasmonte;Total;De 65 a 69 años;14
09 Burgos;09270 Pinilla Trasmonte;Total;De 70 a 74 años;8
09 Burgos;09270 Pinilla Trasmonte;Total;De 75 a 79 años;13
09 Burgos;09270 Pinilla Trasmonte;Total;De 80 a 84 años;9
09 Burgos;09270 Pinilla Trasmonte;Total;De 85 a 89 años;2
09 Burgos;09270 Pinilla Trasmonte;Total;De 90 a 94 años;7
09 Burgos;09270 Pinilla Trasmonte;Total;De 95 a 99 años;3
09 Burgos;09270 Pinilla Trasmonte;Total;100 y más años;1
09 Burgos;09272 Poza de la Sal;Total;De 65 a 69 años;29
09 Burgos;09272 Poza de la Sal;Total;De 70 a 74 años;24
09 Burgos;09272 Poza de la Sal;Total;De 75 a 79 años;20
09 Burgos;09272 Poza de la Sal;Total;De 80 a 84 años;17
09 Burgos;09272 Poza de la Sal;Total;De 85 a 89 años;10
09 Burgos;09272 Poza de la Sal;Total;De 90 a 94 años;8
09 Burgos;09272 Poza de la Sal;Total;De 95 a 99 años;2
09 Burgos;09272 Poza de la Sal;Total;100 y más años;0
09 Burgos;09273 Prádanos de Bureba;Total;De 65 a 69 años;4
09 Burgos;09273 Prádanos de Bureba;Total;De 70 a 74 años;1
09 Burgos;09273 Prádanos de Bureba;Total;De 75 a 79 años;2
09 Burgos;09273 Prádanos de Bureba;Total;De 80 a 84 años;4
09 Burgos;09273 Prádanos de Bureba;Total;De 85 a 89 años;2
09 Burgos;09273 Prádanos de Bureba;Total;De 90 a 94 años;1
09 Burgos;09273 Prádanos de Bureba;Total;De 95 a 99 años;2
09 Burgos;09273 Prádanos de Bureba;Total;100 y más años;0
09 Burgos;09274 Pradoluengo;Total;De 65 a 69 años;88
09 Burgos;09274 Pradoluengo;Total;De 70 a 74 años;56
09 Burgos;09274 Pradoluengo;Total;De 75 a 79 años;70
09 Burgos;09274 Pradoluengo;Total;De 80 a 84 años;78
09 Burgos;09274 Pradoluengo;Total;De 85 a 89 años;45
09 Burgos;09274 Pradoluengo;Total;De 90 a 94 años;34
09 Burgos;09274 Pradoluengo;Total;De 95 a 99 años;8
09 Burgos;09274 Pradoluengo;Total;100 y más años;1
09 Burgos;09275 Presencio;Total;De 65 a 69 años;20
09 Burgos;09275 Presencio;Total;De 70 a 74 años;21
09 Burgos;09275 Presencio;Total;De 75 a 79 años;14
09 Burgos;09275 Presencio;Total;De 80 a 84 años;11
09 Burgos;09275 Presencio;Total;De 85 a 89 años;7
09 Burgos;09275 Presencio;Total;De 90 a 94 años;7
09 Burgos;09275 Presencio;Total;De 95 a 99 años;3
09 Burgos;09275 Presencio;Total;100 y más años;0
09 Burgos;09276 Puebla de Arganzón, La;Total;De 65 a 69 años;24
09 Burgos;09276 Puebla de Arganzón, La;Total;De 70 a 74 años;16
09 Burgos;09276 Puebla de Arganzón, La;Total;De 75 a 79 años;12
09 Burgos;09276 Puebla de Arganzón, La;Total;De 80 a 84 años;5
09 Burgos;09276 Puebla de Arganzón, La;Total;De 85 a 89 años;5
09 Burgos;09276 Puebla de Arganzón, La;Total;De 90 a 94 años;1
09 Burgos;09276 Puebla de Arganzón, La;Total;De 95 a 99 años;0
09 Burgos;09276 Puebla de Arganzón, La;Total;100 y más años;0
09 Burgos;09277 Puentedura;Total;De 65 a 69 años;12
09 Burgos;09277 Puentedura;Total;De 70 a 74 años;13
09 Burgos;09277 Puentedura;Total;De 75 a 79 años;13
09 Burgos;09277 Puentedura;Total;De 80 a 84 años;7
09 Burgos;09277 Puentedura;Total;De 85 a 89 años;6
09 Burgos;09277 Puentedura;Total;De 90 a 94 años;3
09 Burgos;09277 Puentedura;Total;De 95 a 99 años;1
09 Burgos;09277 Puentedura;Total;100 y más años;0
09 Burgos;09279 Quemada;Total;De 65 a 69 años;21
09 Burgos;09279 Quemada;Total;De 70 a 74 años;17
09 Burgos;09279 Quemada;Total;De 75 a 79 años;16
09 Burgos;09279 Quemada;Total;De 80 a 84 años;11
09 Burgos;09279 Quemada;Total;De 85 a 89 años;6
09 Burgos;09279 Quemada;Total;De 90 a 94 años;5
09 Burgos;09279 Quemada;Total;De 95 a 99 años;0
09 Burgos;09279 Quemada;Total;100 y más años;1
09 Burgos;09280 Quintanabureba;Total;De 65 a 69 años;4
09 Burgos;09280 Quintanabureba;Total;De 70 a 74 años;3
09 Burgos;09280 Quintanabureba;Total;De 75 a 79 años;1
09 Burgos;09280 Quintanabureba;Total;De 80 a 84 años;1
09 Burgos;09280 Quintanabureba;Total;De 85 a 89 años;4
09 Burgos;09280 Quintanabureba;Total;De 90 a 94 años;1
09 Burgos;09280 Quintanabureba;Total;De 95 a 99 años;0
09 Burgos;09280 Quintanabureba;Total;100 y más años;0
09 Burgos;09281 Quintana del Pidio;Total;De 65 a 69 años;14
09 Burgos;09281 Quintana del Pidio;Total;De 70 a 74 años;10
09 Burgos;09281 Quintana del Pidio;Total;De 75 a 79 años;7
09 Burgos;09281 Quintana del Pidio;Total;De 80 a 84 años;4
09 Burgos;09281 Quintana del Pidio;Total;De 85 a 89 años;3
09 Burgos;09281 Quintana del Pidio;Total;De 90 a 94 años;5
09 Burgos;09281 Quintana del Pidio;Total;De 95 a 99 años;0
09 Burgos;09281 Quintana del Pidio;Total;100 y más años;0
09 Burgos;09283 Quintanaélez;Total;De 65 a 69 años;0
09 Burgos;09283 Quintanaélez;Total;De 70 a 74 años;3
09 Burgos;09283 Quintanaélez;Total;De 75 a 79 años;5
09 Burgos;09283 Quintanaélez;Total;De 80 a 84 años;6
09 Burgos;09283 Quintanaélez;Total;De 85 a 89 años;2
09 Burgos;09283 Quintanaélez;Total;De 90 a 94 años;2
09 Burgos;09283 Quintanaélez;Total;De 95 a 99 años;0
09 Burgos;09283 Quintanaélez;Total;100 y más años;0
09 Burgos;09287 Quintanaortuño;Total;De 65 a 69 años;19
09 Burgos;09287 Quintanaortuño;Total;De 70 a 74 años;5
09 Burgos;09287 Quintanaortuño;Total;De 75 a 79 años;5
09 Burgos;09287 Quintanaortuño;Total;De 80 a 84 años;3
09 Burgos;09287 Quintanaortuño;Total;De 85 a 89 años;3
09 Burgos;09287 Quintanaortuño;Total;De 90 a 94 años;4
09 Burgos;09287 Quintanaortuño;Total;De 95 a 99 años;0
09 Burgos;09287 Quintanaortuño;Total;100 y más años;0
09 Burgos;09288 Quintanapalla;Total;De 65 a 69 años;7
09 Burgos;09288 Quintanapalla;Total;De 70 a 74 años;12
09 Burgos;09288 Quintanapalla;Total;De 75 a 79 años;7
09 Burgos;09288 Quintanapalla;Total;De 80 a 84 años;7
09 Burgos;09288 Quintanapalla;Total;De 85 a 89 años;0
09 Burgos;09288 Quintanapalla;Total;De 90 a 94 años;4
09 Burgos;09288 Quintanapalla;Total;De 95 a 99 años;0
09 Burgos;09288 Quintanapalla;Total;100 y más años;1
09 Burgos;09289 Quintanar de la Sierra;Total;De 65 a 69 años;109
09 Burgos;09289 Quintanar de la Sierra;Total;De 70 a 74 años;76
09 Burgos;09289 Quintanar de la Sierra;Total;De 75 a 79 años;116
09 Burgos;09289 Quintanar de la Sierra;Total;De 80 a 84 años;115
09 Burgos;09289 Quintanar de la Sierra;Total;De 85 a 89 años;62
09 Burgos;09289 Quintanar de la Sierra;Total;De 90 a 94 años;38
09 Burgos;09289 Quintanar de la Sierra;Total;De 95 a 99 años;15
09 Burgos;09289 Quintanar de la Sierra;Total;100 y más años;1
09 Burgos;09292 Quintanavides;Total;De 65 a 69 años;8
09 Burgos;09292 Quintanavides;Total;De 70 a 74 años;5
09 Burgos;09292 Quintanavides;Total;De 75 a 79 años;5
09 Burgos;09292 Quintanavides;Total;De 80 a 84 años;3
09 Burgos;09292 Quintanavides;Total;De 85 a 89 años;3
09 Burgos;09292 Quintanavides;Total;De 90 a 94 años;0
09 Burgos;09292 Quintanavides;Total;De 95 a 99 años;1
09 Burgos;09292 Quintanavides;Total;100 y más años;0
09 Burgos;09294 Quintanilla de la Mata;Total;De 65 a 69 años;17
09 Burgos;09294 Quintanilla de la Mata;Total;De 70 a 74 años;8
09 Burgos;09294 Quintanilla de la Mata;Total;De 75 a 79 años;9
09 Burgos;09294 Quintanilla de la Mata;Total;De 80 a 84 años;1
09 Burgos;09294 Quintanilla de la Mata;Total;De 85 a 89 años;1
09 Burgos;09294 Quintanilla de la Mata;Total;De 90 a 94 años;3
09 Burgos;09294 Quintanilla de la Mata;Total;De 95 a 99 años;0
09 Burgos;09294 Quintanilla de la Mata;Total;100 y más años;0
09 Burgos;09295 Quintanilla del Coco;Total;De 65 a 69 años;8
09 Burgos;09295 Quintanilla del Coco;Total;De 70 a 74 años;1
09 Burgos;09295 Quintanilla del Coco;Total;De 75 a 79 años;2
09 Burgos;09295 Quintanilla del Coco;Total;De 80 a 84 años;2
09 Burgos;09295 Quintanilla del Coco;Total;De 85 a 89 años;3
09 Burgos;09295 Quintanilla del Coco;Total;De 90 a 94 años;1
09 Burgos;09295 Quintanilla del Coco;Total;De 95 a 99 años;1
09 Burgos;09295 Quintanilla del Coco;Total;100 y más años;0
09 Burgos;09297 Quintanillas, Las;Total;De 65 a 69 años;23
09 Burgos;09297 Quintanillas, Las;Total;De 70 a 74 años;25
09 Burgos;09297 Quintanillas, Las;Total;De 75 a 79 años;19
09 Burgos;09297 Quintanillas, Las;Total;De 80 a 84 años;17
09 Burgos;09297 Quintanillas, Las;Total;De 85 a 89 años;7
09 Burgos;09297 Quintanillas, Las;Total;De 90 a 94 años;2
09 Burgos;09297 Quintanillas, Las;Total;De 95 a 99 años;5
09 Burgos;09297 Quintanillas, Las;Total;100 y más años;0
09 Burgos;09298 Quintanilla San García;Total;De 65 a 69 años;6
09 Burgos;09298 Quintanilla San García;Total;De 70 a 74 años;3
09 Burgos;09298 Quintanilla San García;Total;De 75 a 79 años;3
09 Burgos;09298 Quintanilla San García;Total;De 80 a 84 años;5
09 Burgos;09298 Quintanilla San García;Total;De 85 a 89 años;5
09 Burgos;09298 Quintanilla San García;Total;De 90 a 94 años;2
09 Burgos;09298 Quintanilla San García;Total;De 95 a 99 años;0
09 Burgos;09298 Quintanilla San García;Total;100 y más años;0
09 Burgos;09301 Quintanilla Vivar;Total;De 65 a 69 años;52
09 Burgos;09301 Quintanilla Vivar;Total;De 70 a 74 años;32
09 Burgos;09301 Quintanilla Vivar;Total;De 75 a 79 años;26
09 Burgos;09301 Quintanilla Vivar;Total;De 80 a 84 años;12
09 Burgos;09301 Quintanilla Vivar;Total;De 85 a 89 años;8
09 Burgos;09301 Quintanilla Vivar;Total;De 90 a 94 años;11
09 Burgos;09301 Quintanilla Vivar;Total;De 95 a 99 años;3
09 Burgos;09301 Quintanilla Vivar;Total;100 y más años;0
09 Burgos;09302 Rabanera del Pinar;Total;De 65 a 69 años;9
09 Burgos;09302 Rabanera del Pinar;Total;De 70 a 74 años;8
09 Burgos;09302 Rabanera del Pinar;Total;De 75 a 79 años;11
09 Burgos;09302 Rabanera del Pinar;Total;De 80 a 84 años;4
09 Burgos;09302 Rabanera del Pinar;Total;De 85 a 89 años;5
09 Burgos;09302 Rabanera del Pinar;Total;De 90 a 94 años;7
09 Burgos;09302 Rabanera del Pinar;Total;De 95 a 99 años;1
09 Burgos;09302 Rabanera del Pinar;Total;100 y más años;0
09 Burgos;09303 Rábanos;Total;De 65 a 69 años;12
09 Burgos;09303 Rábanos;Total;De 70 a 74 años;10
09 Burgos;09303 Rábanos;Total;De 75 a 79 años;7
09 Burgos;09303 Rábanos;Total;De 80 a 84 años;8
09 Burgos;09303 Rábanos;Total;De 85 a 89 años;0
09 Burgos;09303 Rábanos;Total;De 90 a 94 años;2
09 Burgos;09303 Rábanos;Total;De 95 a 99 años;0
09 Burgos;09303 Rábanos;Total;100 y más años;0
09 Burgos;09304 Rabé de las Calzadas;Total;De 65 a 69 años;26
09 Burgos;09304 Rabé de las Calzadas;Total;De 70 a 74 años;24
09 Burgos;09304 Rabé de las Calzadas;Total;De 75 a 79 años;15
09 Burgos;09304 Rabé de las Calzadas;Total;De 80 a 84 años;14
09 Burgos;09304 Rabé de las Calzadas;Total;De 85 a 89 años;10
09 Burgos;09304 Rabé de las Calzadas;Total;De 90 a 94 años;12
09 Burgos;09304 Rabé de las Calzadas;Total;De 95 a 99 años;3
09 Burgos;09304 Rabé de las Calzadas;Total;100 y más años;0
09 Burgos;09306 Rebolledo de la Torre;Total;De 65 a 69 años;10
09 Burgos;09306 Rebolledo de la Torre;Total;De 70 a 74 años;4
09 Burgos;09306 Rebolledo de la Torre;Total;De 75 a 79 años;7
09 Burgos;09306 Rebolledo de la Torre;Total;De 80 a 84 años;4
09 Burgos;09306 Rebolledo de la Torre;Total;De 85 a 89 años;5
09 Burgos;09306 Rebolledo de la Torre;Total;De 90 a 94 años;3
09 Burgos;09306 Rebolledo de la Torre;Total;De 95 a 99 años;0
09 Burgos;09306 Rebolledo de la Torre;Total;100 y más años;0
09 Burgos;09307 Redecilla del Camino;Total;De 65 a 69 años;8
09 Burgos;09307 Redecilla del Camino;Total;De 70 a 74 años;7
09 Burgos;09307 Redecilla del Camino;Total;De 75 a 79 años;9
09 Burgos;09307 Redecilla del Camino;Total;De 80 a 84 años;5
09 Burgos;09307 Redecilla del Camino;Total;De 85 a 89 años;4
09 Burgos;09307 Redecilla del Camino;Total;De 90 a 94 años;1
09 Burgos;09307 Redecilla del Camino;Total;De 95 a 99 años;0
09 Burgos;09307 Redecilla del Camino;Total;100 y más años;0
09 Burgos;09308 Redecilla del Campo;Total;De 65 a 69 años;5
09 Burgos;09308 Redecilla del Campo;Total;De 70 a 74 años;5
09 Burgos;09308 Redecilla del Campo;Total;De 75 a 79 años;6
09 Burgos;09308 Redecilla del Campo;Total;De 80 a 84 años;4
09 Burgos;09308 Redecilla del Campo;Total;De 85 a 89 años;2
09 Burgos;09308 Redecilla del Campo;Total;De 90 a 94 años;1
09 Burgos;09308 Redecilla del Campo;Total;De 95 a 99 años;0
09 Burgos;09308 Redecilla del Campo;Total;100 y más años;0
09 Burgos;09309 Regumiel de la Sierra;Total;De 65 a 69 años;28
09 Burgos;09309 Regumiel de la Sierra;Total;De 70 a 74 años;22
09 Burgos;09309 Regumiel de la Sierra;Total;De 75 a 79 años;17
09 Burgos;09309 Regumiel de la Sierra;Total;De 80 a 84 años;14
09 Burgos;09309 Regumiel de la Sierra;Total;De 85 a 89 años;6
09 Burgos;09309 Regumiel de la Sierra;Total;De 90 a 94 años;8
09 Burgos;09309 Regumiel de la Sierra;Total;De 95 a 99 años;0
09 Burgos;09309 Regumiel de la Sierra;Total;100 y más años;0
09 Burgos;09310 Reinoso;Total;De 65 a 69 años;0
09 Burgos;09310 Reinoso;Total;De 70 a 74 años;2
09 Burgos;09310 Reinoso;Total;De 75 a 79 años;2
09 Burgos;09310 Reinoso;Total;De 80 a 84 años;0
09 Burgos;09310 Reinoso;Total;De 85 a 89 años;0
09 Burgos;09310 Reinoso;Total;De 90 a 94 años;0
09 Burgos;09310 Reinoso;Total;De 95 a 99 años;1
09 Burgos;09310 Reinoso;Total;100 y más años;0
09 Burgos;09311 Retuerta;Total;De 65 a 69 años;10
09 Burgos;09311 Retuerta;Total;De 70 a 74 años;11
09 Burgos;09311 Retuerta;Total;De 75 a 79 años;3
09 Burgos;09311 Retuerta;Total;De 80 a 84 años;0
09 Burgos;09311 Retuerta;Total;De 85 a 89 años;1
09 Burgos;09311 Retuerta;Total;De 90 a 94 años;2
09 Burgos;09311 Retuerta;Total;De 95 a 99 años;0
09 Burgos;09311 Retuerta;Total;100 y más años;0
09 Burgos;09312 Revilla y Ahedo, La;Total;De 65 a 69 años;9
09 Burgos;09312 Revilla y Ahedo, La;Total;De 70 a 74 años;7
09 Burgos;09312 Revilla y Ahedo, La;Total;De 75 a 79 años;4
09 Burgos;09312 Revilla y Ahedo, La;Total;De 80 a 84 años;5
09 Burgos;09312 Revilla y Ahedo, La;Total;De 85 a 89 años;4
09 Burgos;09312 Revilla y Ahedo, La;Total;De 90 a 94 años;3
09 Burgos;09312 Revilla y Ahedo, La;Total;De 95 a 99 años;4
09 Burgos;09312 Revilla y Ahedo, La;Total;100 y más años;0
09 Burgos;09314 Revilla del Campo;Total;De 65 a 69 años;9
09 Burgos;09314 Revilla del Campo;Total;De 70 a 74 años;16
09 Burgos;09314 Revilla del Campo;Total;De 75 a 79 años;6
09 Burgos;09314 Revilla del Campo;Total;De 80 a 84 años;5
09 Burgos;09314 Revilla del Campo;Total;De 85 a 89 años;0
09 Burgos;09314 Revilla del Campo;Total;De 90 a 94 años;4
09 Burgos;09314 Revilla del Campo;Total;De 95 a 99 años;0
09 Burgos;09314 Revilla del Campo;Total;100 y más años;0
09 Burgos;09315 Revillarruz;Total;De 65 a 69 años;22
09 Burgos;09315 Revillarruz;Total;De 70 a 74 años;14
09 Burgos;09315 Revillarruz;Total;De 75 a 79 años;7
09 Burgos;09315 Revillarruz;Total;De 80 a 84 años;4
09 Burgos;09315 Revillarruz;Total;De 85 a 89 años;5
09 Burgos;09315 Revillarruz;Total;De 90 a 94 años;4
09 Burgos;09315 Revillarruz;Total;De 95 a 99 años;0
09 Burgos;09315 Revillarruz;Total;100 y más años;0
09 Burgos;09316 Revilla Vallejera;Total;De 65 a 69 años;7
09 Burgos;09316 Revilla Vallejera;Total;De 70 a 74 años;10
09 Burgos;09316 Revilla Vallejera;Total;De 75 a 79 años;7
09 Burgos;09316 Revilla Vallejera;Total;De 80 a 84 años;9
09 Burgos;09316 Revilla Vallejera;Total;De 85 a 89 años;6
09 Burgos;09316 Revilla Vallejera;Total;De 90 a 94 años;1
09 Burgos;09316 Revilla Vallejera;Total;De 95 a 99 años;2
09 Burgos;09316 Revilla Vallejera;Total;100 y más años;0
09 Burgos;09317 Rezmondo;Total;De 65 a 69 años;2
09 Burgos;09317 Rezmondo;Total;De 70 a 74 años;2
09 Burgos;09317 Rezmondo;Total;De 75 a 79 años;2
09 Burgos;09317 Rezmondo;Total;De 80 a 84 años;4
09 Burgos;09317 Rezmondo;Total;De 85 a 89 años;1
09 Burgos;09317 Rezmondo;Total;De 90 a 94 años;1
09 Burgos;09317 Rezmondo;Total;De 95 a 99 años;0
09 Burgos;09317 Rezmondo;Total;100 y más años;1
09 Burgos;09318 Riocavado de la Sierra;Total;De 65 a 69 años;4
09 Burgos;09318 Riocavado de la Sierra;Total;De 70 a 74 años;3
09 Burgos;09318 Riocavado de la Sierra;Total;De 75 a 79 años;5
09 Burgos;09318 Riocavado de la Sierra;Total;De 80 a 84 años;9
09 Burgos;09318 Riocavado de la Sierra;Total;De 85 a 89 años;5
09 Burgos;09318 Riocavado de la Sierra;Total;De 90 a 94 años;3
09 Burgos;09318 Riocavado de la Sierra;Total;De 95 a 99 años;0
09 Burgos;09318 Riocavado de la Sierra;Total;100 y más años;2
09 Burgos;09321 Roa;Total;De 65 a 69 años;153
09 Burgos;09321 Roa;Total;De 70 a 74 años;85
09 Burgos;09321 Roa;Total;De 75 a 79 años;105
09 Burgos;09321 Roa;Total;De 80 a 84 años;85
09 Burgos;09321 Roa;Total;De 85 a 89 años;69
09 Burgos;09321 Roa;Total;De 90 a 94 años;52
09 Burgos;09321 Roa;Total;De 95 a 99 años;11
09 Burgos;09321 Roa;Total;100 y más años;1
09 Burgos;09323 Rojas;Total;De 65 a 69 años;8
09 Burgos;09323 Rojas;Total;De 70 a 74 años;2
09 Burgos;09323 Rojas;Total;De 75 a 79 años;3
09 Burgos;09323 Rojas;Total;De 80 a 84 años;3
09 Burgos;09323 Rojas;Total;De 85 a 89 años;3
09 Burgos;09323 Rojas;Total;De 90 a 94 años;2
09 Burgos;09323 Rojas;Total;De 95 a 99 años;0
09 Burgos;09323 Rojas;Total;100 y más años;1
09 Burgos;09325 Royuela de Río Franco;Total;De 65 a 69 años;22
09 Burgos;09325 Royuela de Río Franco;Total;De 70 a 74 años;14
09 Burgos;09325 Royuela de Río Franco;Total;De 75 a 79 años;24
09 Burgos;09325 Royuela de Río Franco;Total;De 80 a 84 años;9
09 Burgos;09325 Royuela de Río Franco;Total;De 85 a 89 años;12
09 Burgos;09325 Royuela de Río Franco;Total;De 90 a 94 años;10
09 Burgos;09325 Royuela de Río Franco;Total;De 95 a 99 años;1
09 Burgos;09325 Royuela de Río Franco;Total;100 y más años;0
09 Burgos;09326 Rubena;Total;De 65 a 69 años;15
09 Burgos;09326 Rubena;Total;De 70 a 74 años;7
09 Burgos;09326 Rubena;Total;De 75 a 79 años;4
09 Burgos;09326 Rubena;Total;De 80 a 84 años;4
09 Burgos;09326 Rubena;Total;De 85 a 89 años;5
09 Burgos;09326 Rubena;Total;De 90 a 94 años;2
09 Burgos;09326 Rubena;Total;De 95 a 99 años;2
09 Burgos;09326 Rubena;Total;100 y más años;0
09 Burgos;09327 Rublacedo de Abajo;Total;De 65 a 69 años;2
09 Burgos;09327 Rublacedo de Abajo;Total;De 70 a 74 años;3
09 Burgos;09327 Rublacedo de Abajo;Total;De 75 a 79 años;1
09 Burgos;09327 Rublacedo de Abajo;Total;De 80 a 84 años;1
09 Burgos;09327 Rublacedo de Abajo;Total;De 85 a 89 años;2
09 Burgos;09327 Rublacedo de Abajo;Total;De 90 a 94 años;1
09 Burgos;09327 Rublacedo de Abajo;Total;De 95 a 99 años;0
09 Burgos;09327 Rublacedo de Abajo;Total;100 y más años;0
09 Burgos;09328 Rucandio;Total;De 65 a 69 años;8
09 Burgos;09328 Rucandio;Total;De 70 a 74 años;8
09 Burgos;09328 Rucandio;Total;De 75 a 79 años;9
09 Burgos;09328 Rucandio;Total;De 80 a 84 años;3
09 Burgos;09328 Rucandio;Total;De 85 a 89 años;1
09 Burgos;09328 Rucandio;Total;De 90 a 94 años;4
09 Burgos;09328 Rucandio;Total;De 95 a 99 años;3
09 Burgos;09328 Rucandio;Total;100 y más años;1
09 Burgos;09329 Salas de Bureba;Total;De 65 a 69 años;13
09 Burgos;09329 Salas de Bureba;Total;De 70 a 74 años;4
09 Burgos;09329 Salas de Bureba;Total;De 75 a 79 años;4
09 Burgos;09329 Salas de Bureba;Total;De 80 a 84 años;4
09 Burgos;09329 Salas de Bureba;Total;De 85 a 89 años;2
09 Burgos;09329 Salas de Bureba;Total;De 90 a 94 años;5
09 Burgos;09329 Salas de Bureba;Total;De 95 a 99 años;1
09 Burgos;09329 Salas de Bureba;Total;100 y más años;0
09 Burgos;09330 Salas de los Infantes;Total;De 65 a 69 años;137
09 Burgos;09330 Salas de los Infantes;Total;De 70 a 74 años;116
09 Burgos;09330 Salas de los Infantes;Total;De 75 a 79 años;89
09 Burgos;09330 Salas de los Infantes;Total;De 80 a 84 años;85
09 Burgos;09330 Salas de los Infantes;Total;De 85 a 89 años;60
09 Burgos;09330 Salas de los Infantes;Total;De 90 a 94 años;46
09 Burgos;09330 Salas de los Infantes;Total;De 95 a 99 años;10
09 Burgos;09330 Salas de los Infantes;Total;100 y más años;0
09 Burgos;09332 Saldaña de Burgos;Total;De 65 a 69 años;10
09 Burgos;09332 Saldaña de Burgos;Total;De 70 a 74 años;11
09 Burgos;09332 Saldaña de Burgos;Total;De 75 a 79 años;7
09 Burgos;09332 Saldaña de Burgos;Total;De 80 a 84 años;3
09 Burgos;09332 Saldaña de Burgos;Total;De 85 a 89 años;7
09 Burgos;09332 Saldaña de Burgos;Total;De 90 a 94 años;0
09 Burgos;09332 Saldaña de Burgos;Total;De 95 a 99 años;0
09 Burgos;09332 Saldaña de Burgos;Total;100 y más años;0
09 Burgos;09334 Salinillas de Bureba;Total;De 65 a 69 años;4
09 Burgos;09334 Salinillas de Bureba;Total;De 70 a 74 años;4
09 Burgos;09334 Salinillas de Bureba;Total;De 75 a 79 años;3
09 Burgos;09334 Salinillas de Bureba;Total;De 80 a 84 años;3
09 Burgos;09334 Salinillas de Bureba;Total;De 85 a 89 años;0
09 Burgos;09334 Salinillas de Bureba;Total;De 90 a 94 años;0
09 Burgos;09334 Salinillas de Bureba;Total;De 95 a 99 años;0
09 Burgos;09334 Salinillas de Bureba;Total;100 y más años;0
09 Burgos;09335 San Adrián de Juarros;Total;De 65 a 69 años;6
09 Burgos;09335 San Adrián de Juarros;Total;De 70 a 74 años;9
09 Burgos;09335 San Adrián de Juarros;Total;De 75 a 79 años;3
09 Burgos;09335 San Adrián de Juarros;Total;De 80 a 84 años;5
09 Burgos;09335 San Adrián de Juarros;Total;De 85 a 89 años;2
09 Burgos;09335 San Adrián de Juarros;Total;De 90 a 94 años;2
09 Burgos;09335 San Adrián de Juarros;Total;De 95 a 99 años;0
09 Burgos;09335 San Adrián de Juarros;Total;100 y más años;0
09 Burgos;09337 San Juan del Monte;Total;De 65 a 69 años;8
09 Burgos;09337 San Juan del Monte;Total;De 70 a 74 años;5
09 Burgos;09337 San Juan del Monte;Total;De 75 a 79 años;8
09 Burgos;09337 San Juan del Monte;Total;De 80 a 84 años;4
09 Burgos;09337 San Juan del Monte;Total;De 85 a 89 años;3
09 Burgos;09337 San Juan del Monte;Total;De 90 a 94 años;5
09 Burgos;09337 San Juan del Monte;Total;De 95 a 99 años;1
09 Burgos;09337 San Juan del Monte;Total;100 y más años;0
09 Burgos;09338 San Mamés de Burgos;Total;De 65 a 69 años;10
09 Burgos;09338 San Mamés de Burgos;Total;De 70 a 74 años;11
09 Burgos;09338 San Mamés de Burgos;Total;De 75 a 79 años;10
09 Burgos;09338 San Mamés de Burgos;Total;De 80 a 84 años;9
09 Burgos;09338 San Mamés de Burgos;Total;De 85 a 89 años;7
09 Burgos;09338 San Mamés de Burgos;Total;De 90 a 94 años;6
09 Burgos;09338 San Mamés de Burgos;Total;De 95 a 99 años;4
09 Burgos;09338 San Mamés de Burgos;Total;100 y más años;0
09 Burgos;09339 San Martín de Rubiales;Total;De 65 a 69 años;11
09 Burgos;09339 San Martín de Rubiales;Total;De 70 a 74 años;13
09 Burgos;09339 San Martín de Rubiales;Total;De 75 a 79 años;11
09 Burgos;09339 San Martín de Rubiales;Total;De 80 a 84 años;13
09 Burgos;09339 San Martín de Rubiales;Total;De 85 a 89 años;7
09 Burgos;09339 San Martín de Rubiales;Total;De 90 a 94 años;2
09 Burgos;09339 San Martín de Rubiales;Total;De 95 a 99 años;0
09 Burgos;09339 San Martín de Rubiales;Total;100 y más años;0
09 Burgos;09340 San Millán de Lara;Total;De 65 a 69 años;11
09 Burgos;09340 San Millán de Lara;Total;De 70 a 74 años;3
09 Burgos;09340 San Millán de Lara;Total;De 75 a 79 años;8
09 Burgos;09340 San Millán de Lara;Total;De 80 a 84 años;5
09 Burgos;09340 San Millán de Lara;Total;De 85 a 89 años;1
09 Burgos;09340 San Millán de Lara;Total;De 90 a 94 años;5
09 Burgos;09340 San Millán de Lara;Total;De 95 a 99 años;2
09 Burgos;09340 San Millán de Lara;Total;100 y más años;0
09 Burgos;09343 Santa Cecilia;Total;De 65 a 69 años;18
09 Burgos;09343 Santa Cecilia;Total;De 70 a 74 años;12
09 Burgos;09343 Santa Cecilia;Total;De 75 a 79 años;7
09 Burgos;09343 Santa Cecilia;Total;De 80 a 84 años;2
09 Burgos;09343 Santa Cecilia;Total;De 85 a 89 años;6
09 Burgos;09343 Santa Cecilia;Total;De 90 a 94 años;2
09 Burgos;09343 Santa Cecilia;Total;De 95 a 99 años;1
09 Burgos;09343 Santa Cecilia;Total;100 y más años;0
09 Burgos;09345 Santa Cruz de la Salceda;Total;De 65 a 69 años;8
09 Burgos;09345 Santa Cruz de la Salceda;Total;De 70 a 74 años;10
09 Burgos;09345 Santa Cruz de la Salceda;Total;De 75 a 79 años;7
09 Burgos;09345 Santa Cruz de la Salceda;Total;De 80 a 84 años;4
09 Burgos;09345 Santa Cruz de la Salceda;Total;De 85 a 89 años;6
09 Burgos;09345 Santa Cruz de la Salceda;Total;De 90 a 94 años;4
09 Burgos;09345 Santa Cruz de la Salceda;Total;De 95 a 99 años;0
09 Burgos;09345 Santa Cruz de la Salceda;Total;100 y más años;1
09 Burgos;09346 Santa Cruz del Valle Urbión;Total;De 65 a 69 años;7
09 Burgos;09346 Santa Cruz del Valle Urbión;Total;De 70 a 74 años;6
09 Burgos;09346 Santa Cruz del Valle Urbión;Total;De 75 a 79 años;4
09 Burgos;09346 Santa Cruz del Valle Urbión;Total;De 80 a 84 años;5
09 Burgos;09346 Santa Cruz del Valle Urbión;Total;De 85 a 89 años;2
09 Burgos;09346 Santa Cruz del Valle Urbión;Total;De 90 a 94 años;2
09 Burgos;09346 Santa Cruz del Valle Urbión;Total;De 95 a 99 años;4
09 Burgos;09346 Santa Cruz del Valle Urbión;Total;100 y más años;1
09 Burgos;09347 Santa Gadea del Cid;Total;De 65 a 69 años;17
09 Burgos;09347 Santa Gadea del Cid;Total;De 70 a 74 años;17
09 Burgos;09347 Santa Gadea del Cid;Total;De 75 a 79 años;7
09 Burgos;09347 Santa Gadea del Cid;Total;De 80 a 84 años;6
09 Burgos;09347 Santa Gadea del Cid;Total;De 85 a 89 años;3
09 Burgos;09347 Santa Gadea del Cid;Total;De 90 a 94 años;5
09 Burgos;09347 Santa Gadea del Cid;Total;De 95 a 99 años;5
09 Burgos;09347 Santa Gadea del Cid;Total;100 y más años;0
09 Burgos;09348 Santa Inés;Total;De 65 a 69 años;21
09 Burgos;09348 Santa Inés;Total;De 70 a 74 años;14
09 Burgos;09348 Santa Inés;Total;De 75 a 79 años;14
09 Burgos;09348 Santa Inés;Total;De 80 a 84 años;11
09 Burgos;09348 Santa Inés;Total;De 85 a 89 años;2
09 Burgos;09348 Santa Inés;Total;De 90 a 94 años;2
09 Burgos;09348 Santa Inés;Total;De 95 a 99 años;1
09 Burgos;09348 Santa Inés;Total;100 y más años;0
09 Burgos;09350 Santa María del Campo;Total;De 65 a 69 años;45
09 Burgos;09350 Santa María del Campo;Total;De 70 a 74 años;33
09 Burgos;09350 Santa María del Campo;Total;De 75 a 79 años;35
09 Burgos;09350 Santa María del Campo;Total;De 80 a 84 años;23
09 Burgos;09350 Santa María del Campo;Total;De 85 a 89 años;16
09 Burgos;09350 Santa María del Campo;Total;De 90 a 94 años;20
09 Burgos;09350 Santa María del Campo;Total;De 95 a 99 años;3
09 Burgos;09350 Santa María del Campo;Total;100 y más años;0
09 Burgos;09351 Santa María del Invierno;Total;De 65 a 69 años;8
09 Burgos;09351 Santa María del Invierno;Total;De 70 a 74 años;8
09 Burgos;09351 Santa María del Invierno;Total;De 75 a 79 años;8
09 Burgos;09351 Santa María del Invierno;Total;De 80 a 84 años;3
09 Burgos;09351 Santa María del Invierno;Total;De 85 a 89 años;2
09 Burgos;09351 Santa María del Invierno;Total;De 90 a 94 años;3
09 Burgos;09351 Santa María del Invierno;Total;De 95 a 99 años;0
09 Burgos;09351 Santa María del Invierno;Total;100 y más años;0
09 Burgos;09352 Santa María del Mercadillo;Total;De 65 a 69 años;11
09 Burgos;09352 Santa María del Mercadillo;Total;De 70 a 74 años;4
09 Burgos;09352 Santa María del Mercadillo;Total;De 75 a 79 años;7
09 Burgos;09352 Santa María del Mercadillo;Total;De 80 a 84 años;7
09 Burgos;09352 Santa María del Mercadillo;Total;De 85 a 89 años;12
09 Burgos;09352 Santa María del Mercadillo;Total;De 90 a 94 años;3
09 Burgos;09352 Santa María del Mercadillo;Total;De 95 a 99 años;2
09 Burgos;09352 Santa María del Mercadillo;Total;100 y más años;0
09 Burgos;09353 Santa María Ribarredonda;Total;De 65 a 69 años;8
09 Burgos;09353 Santa María Ribarredonda;Total;De 70 a 74 años;8
09 Burgos;09353 Santa María Ribarredonda;Total;De 75 a 79 años;6
09 Burgos;09353 Santa María Ribarredonda;Total;De 80 a 84 años;2
09 Burgos;09353 Santa María Ribarredonda;Total;De 85 a 89 años;5
09 Burgos;09353 Santa María Ribarredonda;Total;De 90 a 94 años;1
09 Burgos;09353 Santa María Ribarredonda;Total;De 95 a 99 años;2
09 Burgos;09353 Santa María Ribarredonda;Total;100 y más años;0
09 Burgos;09354 Santa Olalla de Bureba;Total;De 65 a 69 años;1
09 Burgos;09354 Santa Olalla de Bureba;Total;De 70 a 74 años;2
09 Burgos;09354 Santa Olalla de Bureba;Total;De 75 a 79 años;4
09 Burgos;09354 Santa Olalla de Bureba;Total;De 80 a 84 años;2
09 Burgos;09354 Santa Olalla de Bureba;Total;De 85 a 89 años;1
09 Burgos;09354 Santa Olalla de Bureba;Total;De 90 a 94 años;0
09 Burgos;09354 Santa Olalla de Bureba;Total;De 95 a 99 años;0
09 Burgos;09354 Santa Olalla de Bureba;Total;100 y más años;0
09 Burgos;09355 Santibáñez de Esgueva;Total;De 65 a 69 años;7
09 Burgos;09355 Santibáñez de Esgueva;Total;De 70 a 74 años;9
09 Burgos;09355 Santibáñez de Esgueva;Total;De 75 a 79 años;6
09 Burgos;09355 Santibáñez de Esgueva;Total;De 80 a 84 años;1
09 Burgos;09355 Santibáñez de Esgueva;Total;De 85 a 89 años;7
09 Burgos;09355 Santibáñez de Esgueva;Total;De 90 a 94 años;8
09 Burgos;09355 Santibáñez de Esgueva;Total;De 95 a 99 años;0
09 Burgos;09355 Santibáñez de Esgueva;Total;100 y más años;0
09 Burgos;09356 Santibáñez del Val;Total;De 65 a 69 años;8
09 Burgos;09356 Santibáñez del Val;Total;De 70 a 74 años;3
09 Burgos;09356 Santibáñez del Val;Total;De 75 a 79 años;7
09 Burgos;09356 Santibáñez del Val;Total;De 80 a 84 años;3
09 Burgos;09356 Santibáñez del Val;Total;De 85 a 89 años;2
09 Burgos;09356 Santibáñez del Val;Total;De 90 a 94 años;2
09 Burgos;09356 Santibáñez del Val;Total;De 95 a 99 años;0
09 Burgos;09356 Santibáñez del Val;Total;100 y más años;0
09 Burgos;09358 Santo Domingo de Silos;Total;De 65 a 69 años;21
09 Burgos;09358 Santo Domingo de Silos;Total;De 70 a 74 años;24
09 Burgos;09358 Santo Domingo de Silos;Total;De 75 a 79 años;27
09 Burgos;09358 Santo Domingo de Silos;Total;De 80 a 84 años;19
09 Burgos;09358 Santo Domingo de Silos;Total;De 85 a 89 años;10
09 Burgos;09358 Santo Domingo de Silos;Total;De 90 a 94 años;7
09 Burgos;09358 Santo Domingo de Silos;Total;De 95 a 99 años;0
09 Burgos;09358 Santo Domingo de Silos;Total;100 y más años;0
09 Burgos;09360 San Vicente del Valle;Total;De 65 a 69 años;1
09 Burgos;09360 San Vicente del Valle;Total;De 70 a 74 años;2
09 Burgos;09360 San Vicente del Valle;Total;De 75 a 79 años;2
09 Burgos;09360 San Vicente del Valle;Total;De 80 a 84 años;0
09 Burgos;09360 San Vicente del Valle;Total;De 85 a 89 años;0
09 Burgos;09360 San Vicente del Valle;Total;De 90 a 94 años;0
09 Burgos;09360 San Vicente del Valle;Total;De 95 a 99 años;0
09 Burgos;09360 San Vicente del Valle;Total;100 y más años;1
09 Burgos;09361 Sargentes de la Lora;Total;De 65 a 69 años;13
09 Burgos;09361 Sargentes de la Lora;Total;De 70 a 74 años;18
09 Burgos;09361 Sargentes de la Lora;Total;De 75 a 79 años;13
09 Burgos;09361 Sargentes de la Lora;Total;De 80 a 84 años;6
09 Burgos;09361 Sargentes de la Lora;Total;De 85 a 89 años;4
09 Burgos;09361 Sargentes de la Lora;Total;De 90 a 94 años;2
09 Burgos;09361 Sargentes de la Lora;Total;De 95 a 99 años;3
09 Burgos;09361 Sargentes de la Lora;Total;100 y más años;0
09 Burgos;09362 Sarracín;Total;De 65 a 69 años;16
09 Burgos;09362 Sarracín;Total;De 70 a 74 años;15
09 Burgos;09362 Sarracín;Total;De 75 a 79 años;6
09 Burgos;09362 Sarracín;Total;De 80 a 84 años;15
09 Burgos;09362 Sarracín;Total;De 85 a 89 años;5
09 Burgos;09362 Sarracín;Total;De 90 a 94 años;4
09 Burgos;09362 Sarracín;Total;De 95 a 99 años;1
09 Burgos;09362 Sarracín;Total;100 y más años;0
09 Burgos;09363 Sasamón;Total;De 65 a 69 años;104
09 Burgos;09363 Sasamón;Total;De 70 a 74 años;64
09 Burgos;09363 Sasamón;Total;De 75 a 79 años;58
09 Burgos;09363 Sasamón;Total;De 80 a 84 años;48
09 Burgos;09363 Sasamón;Total;De 85 a 89 años;43
09 Burgos;09363 Sasamón;Total;De 90 a 94 años;26
09 Burgos;09363 Sasamón;Total;De 95 a 99 años;13
09 Burgos;09363 Sasamón;Total;100 y más años;0
09 Burgos;09365 Sequera de Haza, La;Total;De 65 a 69 años;0
09 Burgos;09365 Sequera de Haza, La;Total;De 70 a 74 años;4
09 Burgos;09365 Sequera de Haza, La;Total;De 75 a 79 años;1
09 Burgos;09365 Sequera de Haza, La;Total;De 80 a 84 años;0
09 Burgos;09365 Sequera de Haza, La;Total;De 85 a 89 años;3
09 Burgos;09365 Sequera de Haza, La;Total;De 90 a 94 años;0
09 Burgos;09365 Sequera de Haza, La;Total;De 95 a 99 años;1
09 Burgos;09365 Sequera de Haza, La;Total;100 y más años;0
09 Burgos;09366 Solarana;Total;De 65 a 69 años;9
09 Burgos;09366 Solarana;Total;De 70 a 74 años;11
09 Burgos;09366 Solarana;Total;De 75 a 79 años;7
09 Burgos;09366 Solarana;Total;De 80 a 84 años;4
09 Burgos;09366 Solarana;Total;De 85 a 89 años;1
09 Burgos;09366 Solarana;Total;De 90 a 94 años;3
09 Burgos;09366 Solarana;Total;De 95 a 99 años;1
09 Burgos;09366 Solarana;Total;100 y más años;1
09 Burgos;09368 Sordillos;Total;De 65 a 69 años;3
09 Burgos;09368 Sordillos;Total;De 70 a 74 años;3
09 Burgos;09368 Sordillos;Total;De 75 a 79 años;3
09 Burgos;09368 Sordillos;Total;De 80 a 84 años;4
09 Burgos;09368 Sordillos;Total;De 85 a 89 años;1
09 Burgos;09368 Sordillos;Total;De 90 a 94 años;2
09 Burgos;09368 Sordillos;Total;De 95 a 99 años;1
09 Burgos;09368 Sordillos;Total;100 y más años;0
09 Burgos;09369 Sotillo de la Ribera;Total;De 65 a 69 años;40
09 Burgos;09369 Sotillo de la Ribera;Total;De 70 a 74 años;35
09 Burgos;09369 Sotillo de la Ribera;Total;De 75 a 79 años;24
09 Burgos;09369 Sotillo de la Ribera;Total;De 80 a 84 años;15
09 Burgos;09369 Sotillo de la Ribera;Total;De 85 a 89 años;19
09 Burgos;09369 Sotillo de la Ribera;Total;De 90 a 94 años;9
09 Burgos;09369 Sotillo de la Ribera;Total;De 95 a 99 años;2
09 Burgos;09369 Sotillo de la Ribera;Total;100 y más años;0
09 Burgos;09372 Sotragero;Total;De 65 a 69 años;16
09 Burgos;09372 Sotragero;Total;De 70 a 74 años;9
09 Burgos;09372 Sotragero;Total;De 75 a 79 años;5
09 Burgos;09372 Sotragero;Total;De 80 a 84 años;8
09 Burgos;09372 Sotragero;Total;De 85 a 89 años;2
09 Burgos;09372 Sotragero;Total;De 90 a 94 años;1
09 Burgos;09372 Sotragero;Total;De 95 a 99 años;1
09 Burgos;09372 Sotragero;Total;100 y más años;0
09 Burgos;09373 Sotresgudo;Total;De 65 a 69 años;40
09 Burgos;09373 Sotresgudo;Total;De 70 a 74 años;32
09 Burgos;09373 Sotresgudo;Total;De 75 a 79 años;31
09 Burgos;09373 Sotresgudo;Total;De 80 a 84 años;21
09 Burgos;09373 Sotresgudo;Total;De 85 a 89 años;21
09 Burgos;09373 Sotresgudo;Total;De 90 a 94 años;15
09 Burgos;09373 Sotresgudo;Total;De 95 a 99 años;4
09 Burgos;09373 Sotresgudo;Total;100 y más años;0
09 Burgos;09374 Susinos del Páramo;Total;De 65 a 69 años;13
09 Burgos;09374 Susinos del Páramo;Total;De 70 a 74 años;7
09 Burgos;09374 Susinos del Páramo;Total;De 75 a 79 años;4
09 Burgos;09374 Susinos del Páramo;Total;De 80 a 84 años;3
09 Burgos;09374 Susinos del Páramo;Total;De 85 a 89 años;5
09 Burgos;09374 Susinos del Páramo;Total;De 90 a 94 años;0
09 Burgos;09374 Susinos del Páramo;Total;De 95 a 99 años;0
09 Burgos;09374 Susinos del Páramo;Total;100 y más años;0
09 Burgos;09375 Tamarón;Total;De 65 a 69 años;4
09 Burgos;09375 Tamarón;Total;De 70 a 74 años;4
09 Burgos;09375 Tamarón;Total;De 75 a 79 años;1
09 Burgos;09375 Tamarón;Total;De 80 a 84 años;0
09 Burgos;09375 Tamarón;Total;De 85 a 89 años;1
09 Burgos;09375 Tamarón;Total;De 90 a 94 años;3
09 Burgos;09375 Tamarón;Total;De 95 a 99 años;0
09 Burgos;09375 Tamarón;Total;100 y más años;0
09 Burgos;09377 Tardajos;Total;De 65 a 69 años;47
09 Burgos;09377 Tardajos;Total;De 70 a 74 años;55
09 Burgos;09377 Tardajos;Total;De 75 a 79 años;40
09 Burgos;09377 Tardajos;Total;De 80 a 84 años;34
09 Burgos;09377 Tardajos;Total;De 85 a 89 años;22
09 Burgos;09377 Tardajos;Total;De 90 a 94 años;25
09 Burgos;09377 Tardajos;Total;De 95 a 99 años;13
09 Burgos;09377 Tardajos;Total;100 y más años;2
09 Burgos;09378 Tejada;Total;De 65 a 69 años;5
09 Burgos;09378 Tejada;Total;De 70 a 74 años;1
09 Burgos;09378 Tejada;Total;De 75 a 79 años;1
09 Burgos;09378 Tejada;Total;De 80 a 84 años;1
09 Burgos;09378 Tejada;Total;De 85 a 89 años;0
09 Burgos;09378 Tejada;Total;De 90 a 94 años;1
09 Burgos;09378 Tejada;Total;De 95 a 99 años;0
09 Burgos;09378 Tejada;Total;100 y más años;0
09 Burgos;09380 Terradillos de Esgueva;Total;De 65 a 69 años;5
09 Burgos;09380 Terradillos de Esgueva;Total;De 70 a 74 años;6
09 Burgos;09380 Terradillos de Esgueva;Total;De 75 a 79 años;6
09 Burgos;09380 Terradillos de Esgueva;Total;De 80 a 84 años;2
09 Burgos;09380 Terradillos de Esgueva;Total;De 85 a 89 años;4
09 Burgos;09380 Terradillos de Esgueva;Total;De 90 a 94 años;1
09 Burgos;09380 Terradillos de Esgueva;Total;De 95 a 99 años;0
09 Burgos;09380 Terradillos de Esgueva;Total;100 y más años;0
09 Burgos;09381 Tinieblas de la Sierra;Total;De 65 a 69 años;3
09 Burgos;09381 Tinieblas de la Sierra;Total;De 70 a 74 años;0
09 Burgos;09381 Tinieblas de la Sierra;Total;De 75 a 79 años;1
09 Burgos;09381 Tinieblas de la Sierra;Total;De 80 a 84 años;9
09 Burgos;09381 Tinieblas de la Sierra;Total;De 85 a 89 años;1
09 Burgos;09381 Tinieblas de la Sierra;Total;De 90 a 94 años;1
09 Burgos;09381 Tinieblas de la Sierra;Total;De 95 a 99 años;1
09 Burgos;09381 Tinieblas de la Sierra;Total;100 y más años;0
09 Burgos;09382 Tobar;Total;De 65 a 69 años;6
09 Burgos;09382 Tobar;Total;De 70 a 74 años;3
09 Burgos;09382 Tobar;Total;De 75 a 79 años;3
09 Burgos;09382 Tobar;Total;De 80 a 84 años;0
09 Burgos;09382 Tobar;Total;De 85 a 89 años;1
09 Burgos;09382 Tobar;Total;De 90 a 94 años;1
09 Burgos;09382 Tobar;Total;De 95 a 99 años;0
09 Burgos;09382 Tobar;Total;100 y más años;0
09 Burgos;09384 Tordómar;Total;De 65 a 69 años;16
09 Burgos;09384 Tordómar;Total;De 70 a 74 años;10
09 Burgos;09384 Tordómar;Total;De 75 a 79 años;28
09 Burgos;09384 Tordómar;Total;De 80 a 84 años;10
09 Burgos;09384 Tordómar;Total;De 85 a 89 años;14
09 Burgos;09384 Tordómar;Total;De 90 a 94 años;9
09 Burgos;09384 Tordómar;Total;De 95 a 99 años;2
09 Burgos;09384 Tordómar;Total;100 y más años;0
09 Burgos;09386 Torrecilla del Monte;Total;De 65 a 69 años;10
09 Burgos;09386 Torrecilla del Monte;Total;De 70 a 74 años;3
09 Burgos;09386 Torrecilla del Monte;Total;De 75 a 79 años;5
09 Burgos;09386 Torrecilla del Monte;Total;De 80 a 84 años;1
09 Burgos;09386 Torrecilla del Monte;Total;De 85 a 89 años;0
09 Burgos;09386 Torrecilla del Monte;Total;De 90 a 94 años;0
09 Burgos;09386 Torrecilla del Monte;Total;De 95 a 99 años;1
09 Burgos;09386 Torrecilla del Monte;Total;100 y más años;0
09 Burgos;09387 Torregalindo;Total;De 65 a 69 años;11
09 Burgos;09387 Torregalindo;Total;De 70 a 74 años;11
09 Burgos;09387 Torregalindo;Total;De 75 a 79 años;10
09 Burgos;09387 Torregalindo;Total;De 80 a 84 años;4
09 Burgos;09387 Torregalindo;Total;De 85 a 89 años;1
09 Burgos;09387 Torregalindo;Total;De 90 a 94 años;1
09 Burgos;09387 Torregalindo;Total;De 95 a 99 años;1
09 Burgos;09387 Torregalindo;Total;100 y más años;0
09 Burgos;09388 Torrelara;Total;De 65 a 69 años;6
09 Burgos;09388 Torrelara;Total;De 70 a 74 años;0
09 Burgos;09388 Torrelara;Total;De 75 a 79 años;3
09 Burgos;09388 Torrelara;Total;De 80 a 84 años;2
09 Burgos;09388 Torrelara;Total;De 85 a 89 años;0
09 Burgos;09388 Torrelara;Total;De 90 a 94 años;0
09 Burgos;09388 Torrelara;Total;De 95 a 99 años;0
09 Burgos;09388 Torrelara;Total;100 y más años;0
09 Burgos;09389 Torrepadre;Total;De 65 a 69 años;7
09 Burgos;09389 Torrepadre;Total;De 70 a 74 años;9
09 Burgos;09389 Torrepadre;Total;De 75 a 79 años;5
09 Burgos;09389 Torrepadre;Total;De 80 a 84 años;7
09 Burgos;09389 Torrepadre;Total;De 85 a 89 años;3
09 Burgos;09389 Torrepadre;Total;De 90 a 94 años;3
09 Burgos;09389 Torrepadre;Total;De 95 a 99 años;1
09 Burgos;09389 Torrepadre;Total;100 y más años;0
09 Burgos;09390 Torresandino;Total;De 65 a 69 años;56
09 Burgos;09390 Torresandino;Total;De 70 a 74 años;31
09 Burgos;09390 Torresandino;Total;De 75 a 79 años;37
09 Burgos;09390 Torresandino;Total;De 80 a 84 años;36
09 Burgos;09390 Torresandino;Total;De 85 a 89 años;21
09 Burgos;09390 Torresandino;Total;De 90 a 94 años;16
09 Burgos;09390 Torresandino;Total;De 95 a 99 años;6
09 Burgos;09390 Torresandino;Total;100 y más años;1
09 Burgos;09391 Tórtoles de Esgueva;Total;De 65 a 69 años;34
09 Burgos;09391 Tórtoles de Esgueva;Total;De 70 a 74 años;29
09 Burgos;09391 Tórtoles de Esgueva;Total;De 75 a 79 años;20
09 Burgos;09391 Tórtoles de Esgueva;Total;De 80 a 84 años;19
09 Burgos;09391 Tórtoles de Esgueva;Total;De 85 a 89 años;20
09 Burgos;09391 Tórtoles de Esgueva;Total;De 90 a 94 años;14
09 Burgos;09391 Tórtoles de Esgueva;Total;De 95 a 99 años;4
09 Burgos;09391 Tórtoles de Esgueva;Total;100 y más años;0
09 Burgos;09392 Tosantos;Total;De 65 a 69 años;2
09 Burgos;09392 Tosantos;Total;De 70 a 74 años;0
09 Burgos;09392 Tosantos;Total;De 75 a 79 años;3
09 Burgos;09392 Tosantos;Total;De 80 a 84 años;6
09 Burgos;09392 Tosantos;Total;De 85 a 89 años;5
09 Burgos;09392 Tosantos;Total;De 90 a 94 años;0
09 Burgos;09392 Tosantos;Total;De 95 a 99 años;0
09 Burgos;09392 Tosantos;Total;100 y más años;0
09 Burgos;09394 Trespaderne;Total;De 65 a 69 años;54
09 Burgos;09394 Trespaderne;Total;De 70 a 74 años;35
09 Burgos;09394 Trespaderne;Total;De 75 a 79 años;49
09 Burgos;09394 Trespaderne;Total;De 80 a 84 años;39
09 Burgos;09394 Trespaderne;Total;De 85 a 89 años;36
09 Burgos;09394 Trespaderne;Total;De 90 a 94 años;22
09 Burgos;09394 Trespaderne;Total;De 95 a 99 años;10
09 Burgos;09394 Trespaderne;Total;100 y más años;1
09 Burgos;09395 Tubilla del Agua;Total;De 65 a 69 años;10
09 Burgos;09395 Tubilla del Agua;Total;De 70 a 74 años;9
09 Burgos;09395 Tubilla del Agua;Total;De 75 a 79 años;14
09 Burgos;09395 Tubilla del Agua;Total;De 80 a 84 años;7
09 Burgos;09395 Tubilla del Agua;Total;De 85 a 89 años;1
09 Burgos;09395 Tubilla del Agua;Total;De 90 a 94 años;3
09 Burgos;09395 Tubilla del Agua;Total;De 95 a 99 años;1
09 Burgos;09395 Tubilla del Agua;Total;100 y más años;0
09 Burgos;09396 Tubilla del Lago;Total;De 65 a 69 años;6
09 Burgos;09396 Tubilla del Lago;Total;De 70 a 74 años;18
09 Burgos;09396 Tubilla del Lago;Total;De 75 a 79 años;12
09 Burgos;09396 Tubilla del Lago;Total;De 80 a 84 años;12
09 Burgos;09396 Tubilla del Lago;Total;De 85 a 89 años;11
09 Burgos;09396 Tubilla del Lago;Total;De 90 a 94 años;1
09 Burgos;09396 Tubilla del Lago;Total;De 95 a 99 años;5
09 Burgos;09396 Tubilla del Lago;Total;100 y más años;0
09 Burgos;09398 Úrbel del Castillo;Total;De 65 a 69 años;9
09 Burgos;09398 Úrbel del Castillo;Total;De 70 a 74 años;9
09 Burgos;09398 Úrbel del Castillo;Total;De 75 a 79 años;6
09 Burgos;09398 Úrbel del Castillo;Total;De 80 a 84 años;0
09 Burgos;09398 Úrbel del Castillo;Total;De 85 a 89 años;0
09 Burgos;09398 Úrbel del Castillo;Total;De 90 a 94 años;0
09 Burgos;09398 Úrbel del Castillo;Total;De 95 a 99 años;0
09 Burgos;09398 Úrbel del Castillo;Total;100 y más años;0
09 Burgos;09400 Vadocondes;Total;De 65 a 69 años;31
09 Burgos;09400 Vadocondes;Total;De 70 a 74 años;25
09 Burgos;09400 Vadocondes;Total;De 75 a 79 años;20
09 Burgos;09400 Vadocondes;Total;De 80 a 84 años;15
09 Burgos;09400 Vadocondes;Total;De 85 a 89 años;7
09 Burgos;09400 Vadocondes;Total;De 90 a 94 años;7
09 Burgos;09400 Vadocondes;Total;De 95 a 99 años;3
09 Burgos;09400 Vadocondes;Total;100 y más años;0
09 Burgos;09403 Valdeande;Total;De 65 a 69 años;9
09 Burgos;09403 Valdeande;Total;De 70 a 74 años;10
09 Burgos;09403 Valdeande;Total;De 75 a 79 años;5
09 Burgos;09403 Valdeande;Total;De 80 a 84 años;8
09 Burgos;09403 Valdeande;Total;De 85 a 89 años;7
09 Burgos;09403 Valdeande;Total;De 90 a 94 años;4
09 Burgos;09403 Valdeande;Total;De 95 a 99 años;0
09 Burgos;09403 Valdeande;Total;100 y más años;0
09 Burgos;09405 Valdezate;Total;De 65 a 69 años;9
09 Burgos;09405 Valdezate;Total;De 70 a 74 años;9
09 Burgos;09405 Valdezate;Total;De 75 a 79 años;9
09 Burgos;09405 Valdezate;Total;De 80 a 84 años;6
09 Burgos;09405 Valdezate;Total;De 85 a 89 años;7
09 Burgos;09405 Valdezate;Total;De 90 a 94 años;4
09 Burgos;09405 Valdezate;Total;De 95 a 99 años;3
09 Burgos;09405 Valdezate;Total;100 y más años;0
09 Burgos;09406 Valdorros;Total;De 65 a 69 años;20
09 Burgos;09406 Valdorros;Total;De 70 a 74 años;9
09 Burgos;09406 Valdorros;Total;De 75 a 79 años;11
09 Burgos;09406 Valdorros;Total;De 80 a 84 años;7
09 Burgos;09406 Valdorros;Total;De 85 a 89 años;4
09 Burgos;09406 Valdorros;Total;De 90 a 94 años;2
09 Burgos;09406 Valdorros;Total;De 95 a 99 años;1
09 Burgos;09406 Valdorros;Total;100 y más años;0
09 Burgos;09407 Valmala;Total;De 65 a 69 años;2
09 Burgos;09407 Valmala;Total;De 70 a 74 años;0
09 Burgos;09407 Valmala;Total;De 75 a 79 años;2
09 Burgos;09407 Valmala;Total;De 80 a 84 años;3
09 Burgos;09407 Valmala;Total;De 85 a 89 años;1
09 Burgos;09407 Valmala;Total;De 90 a 94 años;0
09 Burgos;09407 Valmala;Total;De 95 a 99 años;0
09 Burgos;09407 Valmala;Total;100 y más años;0
09 Burgos;09408 Vallarta de Bureba;Total;De 65 a 69 años;2
09 Burgos;09408 Vallarta de Bureba;Total;De 70 a 74 años;4
09 Burgos;09408 Vallarta de Bureba;Total;De 75 a 79 años;4
09 Burgos;09408 Vallarta de Bureba;Total;De 80 a 84 años;5
09 Burgos;09408 Vallarta de Bureba;Total;De 85 a 89 años;1
09 Burgos;09408 Vallarta de Bureba;Total;De 90 a 94 años;0
09 Burgos;09408 Vallarta de Bureba;Total;De 95 a 99 años;1
09 Burgos;09408 Vallarta de Bureba;Total;100 y más años;0
09 Burgos;09409 Valle de Manzanedo;Total;De 65 a 69 años;16
09 Burgos;09409 Valle de Manzanedo;Total;De 70 a 74 años;7
09 Burgos;09409 Valle de Manzanedo;Total;De 75 a 79 años;8
09 Burgos;09409 Valle de Manzanedo;Total;De 80 a 84 años;10
09 Burgos;09409 Valle de Manzanedo;Total;De 85 a 89 años;7
09 Burgos;09409 Valle de Manzanedo;Total;De 90 a 94 años;3
09 Burgos;09409 Valle de Manzanedo;Total;De 95 a 99 años;0
09 Burgos;09409 Valle de Manzanedo;Total;100 y más años;0
09 Burgos;09410 Valle de Mena;Total;De 65 a 69 años;303
09 Burgos;09410 Valle de Mena;Total;De 70 a 74 años;212
09 Burgos;09410 Valle de Mena;Total;De 75 a 79 años;165
09 Burgos;09410 Valle de Mena;Total;De 80 a 84 años;107
09 Burgos;09410 Valle de Mena;Total;De 85 a 89 años;111
09 Burgos;09410 Valle de Mena;Total;De 90 a 94 años;78
09 Burgos;09410 Valle de Mena;Total;De 95 a 99 años;25
09 Burgos;09410 Valle de Mena;Total;100 y más años;4
09 Burgos;09411 Valle de Oca;Total;De 65 a 69 años;16
09 Burgos;09411 Valle de Oca;Total;De 70 a 74 años;17
09 Burgos;09411 Valle de Oca;Total;De 75 a 79 años;8
09 Burgos;09411 Valle de Oca;Total;De 80 a 84 años;8
09 Burgos;09411 Valle de Oca;Total;De 85 a 89 años;3
09 Burgos;09411 Valle de Oca;Total;De 90 a 94 años;1
09 Burgos;09411 Valle de Oca;Total;De 95 a 99 años;1
09 Burgos;09411 Valle de Oca;Total;100 y más años;1
09 Burgos;09412 Valle de Tobalina;Total;De 65 a 69 años;75
09 Burgos;09412 Valle de Tobalina;Total;De 70 a 74 años;64
09 Burgos;09412 Valle de Tobalina;Total;De 75 a 79 años;36
09 Burgos;09412 Valle de Tobalina;Total;De 80 a 84 años;55
09 Burgos;09412 Valle de Tobalina;Total;De 85 a 89 años;26
09 Burgos;09412 Valle de Tobalina;Total;De 90 a 94 años;28
09 Burgos;09412 Valle de Tobalina;Total;De 95 a 99 años;11
09 Burgos;09412 Valle de Tobalina;Total;100 y más años;3
09 Burgos;09413 Valle de Valdebezana;Total;De 65 a 69 años;44
09 Burgos;09413 Valle de Valdebezana;Total;De 70 a 74 años;28
09 Burgos;09413 Valle de Valdebezana;Total;De 75 a 79 años;19
09 Burgos;09413 Valle de Valdebezana;Total;De 80 a 84 años;24
09 Burgos;09413 Valle de Valdebezana;Total;De 85 a 89 años;19
09 Burgos;09413 Valle de Valdebezana;Total;De 90 a 94 años;12
09 Burgos;09413 Valle de Valdebezana;Total;De 95 a 99 años;5
09 Burgos;09413 Valle de Valdebezana;Total;100 y más años;0
09 Burgos;09414 Valle de Valdelaguna;Total;De 65 a 69 años;20
09 Burgos;09414 Valle de Valdelaguna;Total;De 70 a 74 años;21
09 Burgos;09414 Valle de Valdelaguna;Total;De 75 a 79 años;14
09 Burgos;09414 Valle de Valdelaguna;Total;De 80 a 84 años;8
09 Burgos;09414 Valle de Valdelaguna;Total;De 85 a 89 años;11
09 Burgos;09414 Valle de Valdelaguna;Total;De 90 a 94 años;7
09 Burgos;09414 Valle de Valdelaguna;Total;De 95 a 99 años;2
09 Burgos;09414 Valle de Valdelaguna;Total;100 y más años;0
09 Burgos;09415 Valle de Valdelucio;Total;De 65 a 69 años;35
09 Burgos;09415 Valle de Valdelucio;Total;De 70 a 74 años;34
09 Burgos;09415 Valle de Valdelucio;Total;De 75 a 79 años;23
09 Burgos;09415 Valle de Valdelucio;Total;De 80 a 84 años;13
09 Burgos;09415 Valle de Valdelucio;Total;De 85 a 89 años;4
09 Burgos;09415 Valle de Valdelucio;Total;De 90 a 94 años;8
09 Burgos;09415 Valle de Valdelucio;Total;De 95 a 99 años;1
09 Burgos;09415 Valle de Valdelucio;Total;100 y más años;1
09 Burgos;09416 Valle de Zamanzas;Total;De 65 a 69 años;7
09 Burgos;09416 Valle de Zamanzas;Total;De 70 a 74 años;8
09 Burgos;09416 Valle de Zamanzas;Total;De 75 a 79 años;4
09 Burgos;09416 Valle de Zamanzas;Total;De 80 a 84 años;0
09 Burgos;09416 Valle de Zamanzas;Total;De 85 a 89 años;0
09 Burgos;09416 Valle de Zamanzas;Total;De 90 a 94 años;0
09 Burgos;09416 Valle de Zamanzas;Total;De 95 a 99 años;0
09 Burgos;09416 Valle de Zamanzas;Total;100 y más años;0
09 Burgos;09417 Vallejera;Total;De 65 a 69 años;4
09 Burgos;09417 Vallejera;Total;De 70 a 74 años;2
09 Burgos;09417 Vallejera;Total;De 75 a 79 años;2
09 Burgos;09417 Vallejera;Total;De 80 a 84 años;4
09 Burgos;09417 Vallejera;Total;De 85 a 89 años;4
09 Burgos;09417 Vallejera;Total;De 90 a 94 años;2
09 Burgos;09417 Vallejera;Total;De 95 a 99 años;1
09 Burgos;09417 Vallejera;Total;100 y más años;0
09 Burgos;09418 Valles de Palenzuela;Total;De 65 a 69 años;2
09 Burgos;09418 Valles de Palenzuela;Total;De 70 a 74 años;5
09 Burgos;09418 Valles de Palenzuela;Total;De 75 a 79 años;4
09 Burgos;09418 Valles de Palenzuela;Total;De 80 a 84 años;3
09 Burgos;09418 Valles de Palenzuela;Total;De 85 a 89 años;5
09 Burgos;09418 Valles de Palenzuela;Total;De 90 a 94 años;5
09 Burgos;09418 Valles de Palenzuela;Total;De 95 a 99 años;0
09 Burgos;09418 Valles de Palenzuela;Total;100 y más años;0
09 Burgos;09419 Valluércanes;Total;De 65 a 69 años;5
09 Burgos;09419 Valluércanes;Total;De 70 a 74 años;0
09 Burgos;09419 Valluércanes;Total;De 75 a 79 años;8
09 Burgos;09419 Valluércanes;Total;De 80 a 84 años;6
09 Burgos;09419 Valluércanes;Total;De 85 a 89 años;3
09 Burgos;09419 Valluércanes;Total;De 90 a 94 años;2
09 Burgos;09419 Valluércanes;Total;De 95 a 99 años;0
09 Burgos;09419 Valluércanes;Total;100 y más años;0
09 Burgos;09421 Vid y Barrios, La;Total;De 65 a 69 años;26
09 Burgos;09421 Vid y Barrios, La;Total;De 70 a 74 años;15
09 Burgos;09421 Vid y Barrios, La;Total;De 75 a 79 años;17
09 Burgos;09421 Vid y Barrios, La;Total;De 80 a 84 años;16
09 Burgos;09421 Vid y Barrios, La;Total;De 85 a 89 años;9
09 Burgos;09421 Vid y Barrios, La;Total;De 90 a 94 años;6
09 Burgos;09421 Vid y Barrios, La;Total;De 95 a 99 años;1
09 Burgos;09421 Vid y Barrios, La;Total;100 y más años;1
09 Burgos;09422 Vid de Bureba, La;Total;De 65 a 69 años;4
09 Burgos;09422 Vid de Bureba, La;Total;De 70 a 74 años;2
09 Burgos;09422 Vid de Bureba, La;Total;De 75 a 79 años;4
09 Burgos;09422 Vid de Bureba, La;Total;De 80 a 84 años;0
09 Burgos;09422 Vid de Bureba, La;Total;De 85 a 89 años;1
09 Burgos;09422 Vid de Bureba, La;Total;De 90 a 94 años;2
09 Burgos;09422 Vid de Bureba, La;Total;De 95 a 99 años;0
09 Burgos;09422 Vid de Bureba, La;Total;100 y más años;0
09 Burgos;09423 Vileña;Total;De 65 a 69 años;1
09 Burgos;09423 Vileña;Total;De 70 a 74 años;1
09 Burgos;09423 Vileña;Total;De 75 a 79 años;1
09 Burgos;09423 Vileña;Total;De 80 a 84 años;0
09 Burgos;09423 Vileña;Total;De 85 a 89 años;0
09 Burgos;09423 Vileña;Total;De 90 a 94 años;4
09 Burgos;09423 Vileña;Total;De 95 a 99 años;0
09 Burgos;09423 Vileña;Total;100 y más años;0
09 Burgos;09424 Viloria de Rioja;Total;De 65 a 69 años;6
09 Burgos;09424 Viloria de Rioja;Total;De 70 a 74 años;6
09 Burgos;09424 Viloria de Rioja;Total;De 75 a 79 años;4
09 Burgos;09424 Viloria de Rioja;Total;De 80 a 84 años;4
09 Burgos;09424 Viloria de Rioja;Total;De 85 a 89 años;1
09 Burgos;09424 Viloria de Rioja;Total;De 90 a 94 años;0
09 Burgos;09424 Viloria de Rioja;Total;De 95 a 99 años;0
09 Burgos;09424 Viloria de Rioja;Total;100 y más años;0
09 Burgos;09425 Vilviestre del Pinar;Total;De 65 a 69 años;41
09 Burgos;09425 Vilviestre del Pinar;Total;De 70 a 74 años;24
09 Burgos;09425 Vilviestre del Pinar;Total;De 75 a 79 años;27
09 Burgos;09425 Vilviestre del Pinar;Total;De 80 a 84 años;32
09 Burgos;09425 Vilviestre del Pinar;Total;De 85 a 89 años;35
09 Burgos;09425 Vilviestre del Pinar;Total;De 90 a 94 años;23
09 Burgos;09425 Vilviestre del Pinar;Total;De 95 a 99 años;10
09 Burgos;09425 Vilviestre del Pinar;Total;100 y más años;0
09 Burgos;09427 Villadiego;Total;De 65 a 69 años;131
09 Burgos;09427 Villadiego;Total;De 70 a 74 años;100
09 Burgos;09427 Villadiego;Total;De 75 a 79 años;88
09 Burgos;09427 Villadiego;Total;De 80 a 84 años;82
09 Burgos;09427 Villadiego;Total;De 85 a 89 años;54
09 Burgos;09427 Villadiego;Total;De 90 a 94 años;57
09 Burgos;09427 Villadiego;Total;De 95 a 99 años;20
09 Burgos;09427 Villadiego;Total;100 y más años;2
09 Burgos;09428 Villaescusa de Roa;Total;De 65 a 69 años;7
09 Burgos;09428 Villaescusa de Roa;Total;De 70 a 74 años;10
09 Burgos;09428 Villaescusa de Roa;Total;De 75 a 79 años;11
09 Burgos;09428 Villaescusa de Roa;Total;De 80 a 84 años;9
09 Burgos;09428 Villaescusa de Roa;Total;De 85 a 89 años;5
09 Burgos;09428 Villaescusa de Roa;Total;De 90 a 94 años;1
09 Burgos;09428 Villaescusa de Roa;Total;De 95 a 99 años;0
09 Burgos;09428 Villaescusa de Roa;Total;100 y más años;0
09 Burgos;09429 Villaescusa la Sombría;Total;De 65 a 69 años;4
09 Burgos;09429 Villaescusa la Sombría;Total;De 70 a 74 años;7
09 Burgos;09429 Villaescusa la Sombría;Total;De 75 a 79 años;6
09 Burgos;09429 Villaescusa la Sombría;Total;De 80 a 84 años;4
09 Burgos;09429 Villaescusa la Sombría;Total;De 85 a 89 años;1
09 Burgos;09429 Villaescusa la Sombría;Total;De 90 a 94 años;1
09 Burgos;09429 Villaescusa la Sombría;Total;De 95 a 99 años;0
09 Burgos;09429 Villaescusa la Sombría;Total;100 y más años;0
09 Burgos;09430 Villaespasa;Total;De 65 a 69 años;2
09 Burgos;09430 Villaespasa;Total;De 70 a 74 años;5
09 Burgos;09430 Villaespasa;Total;De 75 a 79 años;4
09 Burgos;09430 Villaespasa;Total;De 80 a 84 años;1
09 Burgos;09430 Villaespasa;Total;De 85 a 89 años;0
09 Burgos;09430 Villaespasa;Total;De 90 a 94 años;0
09 Burgos;09430 Villaespasa;Total;De 95 a 99 años;0
09 Burgos;09430 Villaespasa;Total;100 y más años;0
09 Burgos;09431 Villafranca Montes de Oca;Total;De 65 a 69 años;15
09 Burgos;09431 Villafranca Montes de Oca;Total;De 70 a 74 años;10
09 Burgos;09431 Villafranca Montes de Oca;Total;De 75 a 79 años;9
09 Burgos;09431 Villafranca Montes de Oca;Total;De 80 a 84 años;7
09 Burgos;09431 Villafranca Montes de Oca;Total;De 85 a 89 años;4
09 Burgos;09431 Villafranca Montes de Oca;Total;De 90 a 94 años;4
09 Burgos;09431 Villafranca Montes de Oca;Total;De 95 a 99 años;2
09 Burgos;09431 Villafranca Montes de Oca;Total;100 y más años;0
09 Burgos;09432 Villafruela;Total;De 65 a 69 años;17
09 Burgos;09432 Villafruela;Total;De 70 a 74 años;9
09 Burgos;09432 Villafruela;Total;De 75 a 79 años;3
09 Burgos;09432 Villafruela;Total;De 80 a 84 años;9
09 Burgos;09432 Villafruela;Total;De 85 a 89 años;12
09 Burgos;09432 Villafruela;Total;De 90 a 94 años;6
09 Burgos;09432 Villafruela;Total;De 95 a 99 años;5
09 Burgos;09432 Villafruela;Total;100 y más años;0
09 Burgos;09433 Villagalijo;Total;De 65 a 69 años;8
09 Burgos;09433 Villagalijo;Total;De 70 a 74 años;3
09 Burgos;09433 Villagalijo;Total;De 75 a 79 años;6
09 Burgos;09433 Villagalijo;Total;De 80 a 84 años;5
09 Burgos;09433 Villagalijo;Total;De 85 a 89 años;2
09 Burgos;09433 Villagalijo;Total;De 90 a 94 años;0
09 Burgos;09433 Villagalijo;Total;De 95 a 99 años;0
09 Burgos;09433 Villagalijo;Total;100 y más años;0
09 Burgos;09434 Villagonzalo Pedernales;Total;De 65 a 69 años;88
09 Burgos;09434 Villagonzalo Pedernales;Total;De 70 a 74 años;35
09 Burgos;09434 Villagonzalo Pedernales;Total;De 75 a 79 años;31
09 Burgos;09434 Villagonzalo Pedernales;Total;De 80 a 84 años;30
09 Burgos;09434 Villagonzalo Pedernales;Total;De 85 a 89 años;22
09 Burgos;09434 Villagonzalo Pedernales;Total;De 90 a 94 años;19
09 Burgos;09434 Villagonzalo Pedernales;Total;De 95 a 99 años;7
09 Burgos;09434 Villagonzalo Pedernales;Total;100 y más años;0
09 Burgos;09437 Villahoz;Total;De 65 a 69 años;16
09 Burgos;09437 Villahoz;Total;De 70 a 74 años;16
09 Burgos;09437 Villahoz;Total;De 75 a 79 años;29
09 Burgos;09437 Villahoz;Total;De 80 a 84 años;14
09 Burgos;09437 Villahoz;Total;De 85 a 89 años;19
09 Burgos;09437 Villahoz;Total;De 90 a 94 años;8
09 Burgos;09437 Villahoz;Total;De 95 a 99 años;2
09 Burgos;09437 Villahoz;Total;100 y más años;0
09 Burgos;09438 Villalba de Duero;Total;De 65 a 69 años;45
09 Burgos;09438 Villalba de Duero;Total;De 70 a 74 años;32
09 Burgos;09438 Villalba de Duero;Total;De 75 a 79 años;15
09 Burgos;09438 Villalba de Duero;Total;De 80 a 84 años;23
09 Burgos;09438 Villalba de Duero;Total;De 85 a 89 años;18
09 Burgos;09438 Villalba de Duero;Total;De 90 a 94 años;9
09 Burgos;09438 Villalba de Duero;Total;De 95 a 99 años;8
09 Burgos;09438 Villalba de Duero;Total;100 y más años;0
09 Burgos;09439 Villalbilla de Burgos;Total;De 65 a 69 años;71
09 Burgos;09439 Villalbilla de Burgos;Total;De 70 a 74 años;38
09 Burgos;09439 Villalbilla de Burgos;Total;De 75 a 79 años;29
09 Burgos;09439 Villalbilla de Burgos;Total;De 80 a 84 años;17
09 Burgos;09439 Villalbilla de Burgos;Total;De 85 a 89 años;10
09 Burgos;09439 Villalbilla de Burgos;Total;De 90 a 94 años;8
09 Burgos;09439 Villalbilla de Burgos;Total;De 95 a 99 años;3
09 Burgos;09439 Villalbilla de Burgos;Total;100 y más años;0
09 Burgos;09440 Villalbilla de Gumiel;Total;De 65 a 69 años;2
09 Burgos;09440 Villalbilla de Gumiel;Total;De 70 a 74 años;9
09 Burgos;09440 Villalbilla de Gumiel;Total;De 75 a 79 años;4
09 Burgos;09440 Villalbilla de Gumiel;Total;De 80 a 84 años;5
09 Burgos;09440 Villalbilla de Gumiel;Total;De 85 a 89 años;9
09 Burgos;09440 Villalbilla de Gumiel;Total;De 90 a 94 años;2
09 Burgos;09440 Villalbilla de Gumiel;Total;De 95 a 99 años;1
09 Burgos;09440 Villalbilla de Gumiel;Total;100 y más años;0
09 Burgos;09441 Villaldemiro;Total;De 65 a 69 años;5
09 Burgos;09441 Villaldemiro;Total;De 70 a 74 años;4
09 Burgos;09441 Villaldemiro;Total;De 75 a 79 años;3
09 Burgos;09441 Villaldemiro;Total;De 80 a 84 años;7
09 Burgos;09441 Villaldemiro;Total;De 85 a 89 años;5
09 Burgos;09441 Villaldemiro;Total;De 90 a 94 años;0
09 Burgos;09441 Villaldemiro;Total;De 95 a 99 años;0
09 Burgos;09441 Villaldemiro;Total;100 y más años;0
09 Burgos;09442 Villalmanzo;Total;De 65 a 69 años;27
09 Burgos;09442 Villalmanzo;Total;De 70 a 74 años;28
09 Burgos;09442 Villalmanzo;Total;De 75 a 79 años;24
09 Burgos;09442 Villalmanzo;Total;De 80 a 84 años;24
09 Burgos;09442 Villalmanzo;Total;De 85 a 89 años;18
09 Burgos;09442 Villalmanzo;Total;De 90 a 94 años;9
09 Burgos;09442 Villalmanzo;Total;De 95 a 99 años;3
09 Burgos;09442 Villalmanzo;Total;100 y más años;1
09 Burgos;09443 Villamayor de los Montes;Total;De 65 a 69 años;26
09 Burgos;09443 Villamayor de los Montes;Total;De 70 a 74 años;11
09 Burgos;09443 Villamayor de los Montes;Total;De 75 a 79 años;3
09 Burgos;09443 Villamayor de los Montes;Total;De 80 a 84 años;7
09 Burgos;09443 Villamayor de los Montes;Total;De 85 a 89 años;6
09 Burgos;09443 Villamayor de los Montes;Total;De 90 a 94 años;6
09 Burgos;09443 Villamayor de los Montes;Total;De 95 a 99 años;1
09 Burgos;09443 Villamayor de los Montes;Total;100 y más años;1
09 Burgos;09444 Villamayor de Treviño;Total;De 65 a 69 años;3
09 Burgos;09444 Villamayor de Treviño;Total;De 70 a 74 años;8
09 Burgos;09444 Villamayor de Treviño;Total;De 75 a 79 años;6
09 Burgos;09444 Villamayor de Treviño;Total;De 80 a 84 años;6
09 Burgos;09444 Villamayor de Treviño;Total;De 85 a 89 años;2
09 Burgos;09444 Villamayor de Treviño;Total;De 90 a 94 años;4
09 Burgos;09444 Villamayor de Treviño;Total;De 95 a 99 años;0
09 Burgos;09444 Villamayor de Treviño;Total;100 y más años;0
09 Burgos;09445 Villambistia;Total;De 65 a 69 años;8
09 Burgos;09445 Villambistia;Total;De 70 a 74 años;9
09 Burgos;09445 Villambistia;Total;De 75 a 79 años;4
09 Burgos;09445 Villambistia;Total;De 80 a 84 años;0
09 Burgos;09445 Villambistia;Total;De 85 a 89 años;3
09 Burgos;09445 Villambistia;Total;De 90 a 94 años;1
09 Burgos;09445 Villambistia;Total;De 95 a 99 años;1
09 Burgos;09445 Villambistia;Total;100 y más años;0
09 Burgos;09446 Villamedianilla;Total;De 65 a 69 años;1
09 Burgos;09446 Villamedianilla;Total;De 70 a 74 años;1
09 Burgos;09446 Villamedianilla;Total;De 75 a 79 años;0
09 Burgos;09446 Villamedianilla;Total;De 80 a 84 años;0
09 Burgos;09446 Villamedianilla;Total;De 85 a 89 años;0
09 Burgos;09446 Villamedianilla;Total;De 90 a 94 años;0
09 Burgos;09446 Villamedianilla;Total;De 95 a 99 años;1
09 Burgos;09446 Villamedianilla;Total;100 y más años;0
09 Burgos;09447 Villamiel de la Sierra;Total;De 65 a 69 años;7
09 Burgos;09447 Villamiel de la Sierra;Total;De 70 a 74 años;6
09 Burgos;09447 Villamiel de la Sierra;Total;De 75 a 79 años;2
09 Burgos;09447 Villamiel de la Sierra;Total;De 80 a 84 años;0
09 Burgos;09447 Villamiel de la Sierra;Total;De 85 a 89 años;2
09 Burgos;09447 Villamiel de la Sierra;Total;De 90 a 94 años;1
09 Burgos;09447 Villamiel de la Sierra;Total;De 95 a 99 años;2
09 Burgos;09447 Villamiel de la Sierra;Total;100 y más años;0
09 Burgos;09448 Villangómez;Total;De 65 a 69 años;20
09 Burgos;09448 Villangómez;Total;De 70 a 74 años;12
09 Burgos;09448 Villangómez;Total;De 75 a 79 años;14
09 Burgos;09448 Villangómez;Total;De 80 a 84 años;15
09 Burgos;09448 Villangómez;Total;De 85 a 89 años;13
09 Burgos;09448 Villangómez;Total;De 90 a 94 años;7
09 Burgos;09448 Villangómez;Total;De 95 a 99 años;2
09 Burgos;09448 Villangómez;Total;100 y más años;1
09 Burgos;09449 Villanueva de Argaño;Total;De 65 a 69 años;7
09 Burgos;09449 Villanueva de Argaño;Total;De 70 a 74 años;12
09 Burgos;09449 Villanueva de Argaño;Total;De 75 a 79 años;9
09 Burgos;09449 Villanueva de Argaño;Total;De 80 a 84 años;6
09 Burgos;09449 Villanueva de Argaño;Total;De 85 a 89 años;4
09 Burgos;09449 Villanueva de Argaño;Total;De 90 a 94 años;2
09 Burgos;09449 Villanueva de Argaño;Total;De 95 a 99 años;0
09 Burgos;09449 Villanueva de Argaño;Total;100 y más años;1
09 Burgos;09450 Villanueva de Carazo;Total;De 65 a 69 años;2
09 Burgos;09450 Villanueva de Carazo;Total;De 70 a 74 años;6
09 Burgos;09450 Villanueva de Carazo;Total;De 75 a 79 años;1
09 Burgos;09450 Villanueva de Carazo;Total;De 80 a 84 años;2
09 Burgos;09450 Villanueva de Carazo;Total;De 85 a 89 años;2
09 Burgos;09450 Villanueva de Carazo;Total;De 90 a 94 años;0
09 Burgos;09450 Villanueva de Carazo;Total;De 95 a 99 años;0
09 Burgos;09450 Villanueva de Carazo;Total;100 y más años;0
09 Burgos;09451 Villanueva de Gumiel;Total;De 65 a 69 años;19
09 Burgos;09451 Villanueva de Gumiel;Total;De 70 a 74 años;17
09 Burgos;09451 Villanueva de Gumiel;Total;De 75 a 79 años;30
09 Burgos;09451 Villanueva de Gumiel;Total;De 80 a 84 años;8
09 Burgos;09451 Villanueva de Gumiel;Total;De 85 a 89 años;10
09 Burgos;09451 Villanueva de Gumiel;Total;De 90 a 94 años;2
09 Burgos;09451 Villanueva de Gumiel;Total;De 95 a 99 años;1
09 Burgos;09451 Villanueva de Gumiel;Total;100 y más años;0
09 Burgos;09454 Villanueva de Teba;Total;De 65 a 69 años;6
09 Burgos;09454 Villanueva de Teba;Total;De 70 a 74 años;3
09 Burgos;09454 Villanueva de Teba;Total;De 75 a 79 años;2
09 Burgos;09454 Villanueva de Teba;Total;De 80 a 84 años;5
09 Burgos;09454 Villanueva de Teba;Total;De 85 a 89 años;0
09 Burgos;09454 Villanueva de Teba;Total;De 90 a 94 años;1
09 Burgos;09454 Villanueva de Teba;Total;De 95 a 99 años;0
09 Burgos;09454 Villanueva de Teba;Total;100 y más años;0
09 Burgos;09455 Villaquirán de la Puebla;Total;De 65 a 69 años;10
09 Burgos;09455 Villaquirán de la Puebla;Total;De 70 a 74 años;1
09 Burgos;09455 Villaquirán de la Puebla;Total;De 75 a 79 años;2
09 Burgos;09455 Villaquirán de la Puebla;Total;De 80 a 84 años;4
09 Burgos;09455 Villaquirán de la Puebla;Total;De 85 a 89 años;3
09 Burgos;09455 Villaquirán de la Puebla;Total;De 90 a 94 años;0
09 Burgos;09455 Villaquirán de la Puebla;Total;De 95 a 99 años;0
09 Burgos;09455 Villaquirán de la Puebla;Total;100 y más años;0
09 Burgos;09456 Villaquirán de los Infantes;Total;De 65 a 69 años;13
09 Burgos;09456 Villaquirán de los Infantes;Total;De 70 a 74 años;8
09 Burgos;09456 Villaquirán de los Infantes;Total;De 75 a 79 años;6
09 Burgos;09456 Villaquirán de los Infantes;Total;De 80 a 84 años;14
09 Burgos;09456 Villaquirán de los Infantes;Total;De 85 a 89 años;7
09 Burgos;09456 Villaquirán de los Infantes;Total;De 90 a 94 años;1
09 Burgos;09456 Villaquirán de los Infantes;Total;De 95 a 99 años;3
09 Burgos;09456 Villaquirán de los Infantes;Total;100 y más años;0
09 Burgos;09458 Villariezo;Total;De 65 a 69 años;31
09 Burgos;09458 Villariezo;Total;De 70 a 74 años;24
09 Burgos;09458 Villariezo;Total;De 75 a 79 años;18
09 Burgos;09458 Villariezo;Total;De 80 a 84 años;10
09 Burgos;09458 Villariezo;Total;De 85 a 89 años;3
09 Burgos;09458 Villariezo;Total;De 90 a 94 años;3
09 Burgos;09458 Villariezo;Total;De 95 a 99 años;0
09 Burgos;09458 Villariezo;Total;100 y más años;0
09 Burgos;09460 Villasandino;Total;De 65 a 69 años;16
09 Burgos;09460 Villasandino;Total;De 70 a 74 años;19
09 Burgos;09460 Villasandino;Total;De 75 a 79 años;9
09 Burgos;09460 Villasandino;Total;De 80 a 84 años;15
09 Burgos;09460 Villasandino;Total;De 85 a 89 años;9
09 Burgos;09460 Villasandino;Total;De 90 a 94 años;3
09 Burgos;09460 Villasandino;Total;De 95 a 99 años;2
09 Burgos;09460 Villasandino;Total;100 y más años;1
09 Burgos;09463 Villasur de Herreros;Total;De 65 a 69 años;36
09 Burgos;09463 Villasur de Herreros;Total;De 70 a 74 años;24
09 Burgos;09463 Villasur de Herreros;Total;De 75 a 79 años;16
09 Burgos;09463 Villasur de Herreros;Total;De 80 a 84 años;13
09 Burgos;09463 Villasur de Herreros;Total;De 85 a 89 años;6
09 Burgos;09463 Villasur de Herreros;Total;De 90 a 94 años;8
09 Burgos;09463 Villasur de Herreros;Total;De 95 a 99 años;2
09 Burgos;09463 Villasur de Herreros;Total;100 y más años;0
09 Burgos;09464 Villatuelda;Total;De 65 a 69 años;4
09 Burgos;09464 Villatuelda;Total;De 70 a 74 años;4
09 Burgos;09464 Villatuelda;Total;De 75 a 79 años;2
09 Burgos;09464 Villatuelda;Total;De 80 a 84 años;1
09 Burgos;09464 Villatuelda;Total;De 85 a 89 años;2
09 Burgos;09464 Villatuelda;Total;De 90 a 94 años;2
09 Burgos;09464 Villatuelda;Total;De 95 a 99 años;1
09 Burgos;09464 Villatuelda;Total;100 y más años;0
09 Burgos;09466 Villaverde del Monte;Total;De 65 a 69 años;11
09 Burgos;09466 Villaverde del Monte;Total;De 70 a 74 años;9
09 Burgos;09466 Villaverde del Monte;Total;De 75 a 79 años;5
09 Burgos;09466 Villaverde del Monte;Total;De 80 a 84 años;13
09 Burgos;09466 Villaverde del Monte;Total;De 85 a 89 años;9
09 Burgos;09466 Villaverde del Monte;Total;De 90 a 94 años;9
09 Burgos;09466 Villaverde del Monte;Total;De 95 a 99 años;4
09 Burgos;09466 Villaverde del Monte;Total;100 y más años;0
09 Burgos;09467 Villaverde-Mogina;Total;De 65 a 69 años;7
09 Burgos;09467 Villaverde-Mogina;Total;De 70 a 74 años;5
09 Burgos;09467 Villaverde-Mogina;Total;De 75 a 79 años;3
09 Burgos;09467 Villaverde-Mogina;Total;De 80 a 84 años;5
09 Burgos;09467 Villaverde-Mogina;Total;De 85 a 89 años;3
09 Burgos;09467 Villaverde-Mogina;Total;De 90 a 94 años;3
09 Burgos;09467 Villaverde-Mogina;Total;De 95 a 99 años;0
09 Burgos;09467 Villaverde-Mogina;Total;100 y más años;0
09 Burgos;09471 Villayerno Morquillas;Total;De 65 a 69 años;9
09 Burgos;09471 Villayerno Morquillas;Total;De 70 a 74 años;7
09 Burgos;09471 Villayerno Morquillas;Total;De 75 a 79 años;12
09 Burgos;09471 Villayerno Morquillas;Total;De 80 a 84 años;5
09 Burgos;09471 Villayerno Morquillas;Total;De 85 a 89 años;10
09 Burgos;09471 Villayerno Morquillas;Total;De 90 a 94 años;1
09 Burgos;09471 Villayerno Morquillas;Total;De 95 a 99 años;1
09 Burgos;09471 Villayerno Morquillas;Total;100 y más años;1
09 Burgos;09472 Villazopeque;Total;De 65 a 69 años;3
09 Burgos;09472 Villazopeque;Total;De 70 a 74 años;4
09 Burgos;09472 Villazopeque;Total;De 75 a 79 años;6
09 Burgos;09472 Villazopeque;Total;De 80 a 84 años;3
09 Burgos;09472 Villazopeque;Total;De 85 a 89 años;2
09 Burgos;09472 Villazopeque;Total;De 90 a 94 años;1
09 Burgos;09472 Villazopeque;Total;De 95 a 99 años;0
09 Burgos;09472 Villazopeque;Total;100 y más años;0
09 Burgos;09473 Villegas;Total;De 65 a 69 años;11
09 Burgos;09473 Villegas;Total;De 70 a 74 años;2
09 Burgos;09473 Villegas;Total;De 75 a 79 años;5
09 Burgos;09473 Villegas;Total;De 80 a 84 años;4
09 Burgos;09473 Villegas;Total;De 85 a 89 años;6
09 Burgos;09473 Villegas;Total;De 90 a 94 años;5
09 Burgos;09473 Villegas;Total;De 95 a 99 años;0
09 Burgos;09473 Villegas;Total;100 y más años;0
09 Burgos;09476 Villoruebo;Total;De 65 a 69 años;5
09 Burgos;09476 Villoruebo;Total;De 70 a 74 años;10
09 Burgos;09476 Villoruebo;Total;De 75 a 79 años;6
09 Burgos;09476 Villoruebo;Total;De 80 a 84 años;3
09 Burgos;09476 Villoruebo;Total;De 85 a 89 años;3
09 Burgos;09476 Villoruebo;Total;De 90 a 94 años;0
09 Burgos;09476 Villoruebo;Total;De 95 a 99 años;1
09 Burgos;09476 Villoruebo;Total;100 y más años;0
09 Burgos;09478 Vizcaínos;Total;De 65 a 69 años;7
09 Burgos;09478 Vizcaínos;Total;De 70 a 74 años;3
09 Burgos;09478 Vizcaínos;Total;De 75 a 79 años;4
09 Burgos;09478 Vizcaínos;Total;De 80 a 84 años;1
09 Burgos;09478 Vizcaínos;Total;De 85 a 89 años;2
09 Burgos;09478 Vizcaínos;Total;De 90 a 94 años;1
09 Burgos;09478 Vizcaínos;Total;De 95 a 99 años;0
09 Burgos;09478 Vizcaínos;Total;100 y más años;0
09 Burgos;09480 Zael;Total;De 65 a 69 años;6
09 Burgos;09480 Zael;Total;De 70 a 74 años;9
09 Burgos;09480 Zael;Total;De 75 a 79 años;7
09 Burgos;09480 Zael;Total;De 80 a 84 años;16
09 Burgos;09480 Zael;Total;De 85 a 89 años;7
09 Burgos;09480 Zael;Total;De 90 a 94 años;4
09 Burgos;09480 Zael;Total;De 95 a 99 años;0
09 Burgos;09480 Zael;Total;100 y más años;0
09 Burgos;09482 Zarzosa de Río Pisuerga;Total;De 65 a 69 años;0
09 Burgos;09482 Zarzosa de Río Pisuerga;Total;De 70 a 74 años;8
09 Burgos;09482 Zarzosa de Río Pisuerga;Total;De 75 a 79 años;4
09 Burgos;09482 Zarzosa de Río Pisuerga;Total;De 80 a 84 años;1
09 Burgos;09482 Zarzosa de Río Pisuerga;Total;De 85 a 89 años;3
09 Burgos;09482 Zarzosa de Río Pisuerga;Total;De 90 a 94 años;0
09 Burgos;09482 Zarzosa de Río Pisuerga;Total;De 95 a 99 años;0
09 Burgos;09482 Zarzosa de Río Pisuerga;Total;100 y más años;1
09 Burgos;09483 Zazuar;Total;De 65 a 69 años;14
09 Burgos;09483 Zazuar;Total;De 70 a 74 años;11
09 Burgos;09483 Zazuar;Total;De 75 a 79 años;14
09 Burgos;09483 Zazuar;Total;De 80 a 84 años;9
09 Burgos;09483 Zazuar;Total;De 85 a 89 años;7
09 Burgos;09483 Zazuar;Total;De 90 a 94 años;2
09 Burgos;09483 Zazuar;Total;De 95 a 99 años;2
09 Burgos;09483 Zazuar;Total;100 y más años;0
09 Burgos;09485 Zuñeda;Total;De 65 a 69 años;0
09 Burgos;09485 Zuñeda;Total;De 70 a 74 años;4
09 Burgos;09485 Zuñeda;Total;De 75 a 79 años;4
09 Burgos;09485 Zuñeda;Total;De 80 a 84 años;9
09 Burgos;09485 Zuñeda;Total;De 85 a 89 años;5
09 Burgos;09485 Zuñeda;Total;De 90 a 94 años;0
09 Burgos;09485 Zuñeda;Total;De 95 a 99 años;1
09 Burgos;09485 Zuñeda;Total;100 y más años;0
09 Burgos;09901 Quintanilla del Agua y Tordueles;Total;De 65 a 69 años;25
09 Burgos;09901 Quintanilla del Agua y Tordueles;Total;De 70 a 74 años;23
09 Burgos;09901 Quintanilla del Agua y Tordueles;Total;De 75 a 79 años;26
09 Burgos;09901 Quintanilla del Agua y Tordueles;Total;De 80 a 84 años;24
09 Burgos;09901 Quintanilla del Agua y Tordueles;Total;De 85 a 89 años;22
09 Burgos;09901 Quintanilla del Agua y Tordueles;Total;De 90 a 94 años;10
09 Burgos;09901 Quintanilla del Agua y Tordueles;Total;De 95 a 99 años;8
09 Burgos;09901 Quintanilla del Agua y Tordueles;Total;100 y más años;0
09 Burgos;09902 Valle de Santibáñez;Total;De 65 a 69 años;55
09 Burgos;09902 Valle de Santibáñez;Total;De 70 a 74 años;42
09 Burgos;09902 Valle de Santibáñez;Total;De 75 a 79 años;28
09 Burgos;09902 Valle de Santibáñez;Total;De 80 a 84 años;18
09 Burgos;09902 Valle de Santibáñez;Total;De 85 a 89 años;12
09 Burgos;09902 Valle de Santibáñez;Total;De 90 a 94 años;9
09 Burgos;09902 Valle de Santibáñez;Total;De 95 a 99 años;5
09 Burgos;09902 Valle de Santibáñez;Total;100 y más años;0
09 Burgos;09903 Villarcayo de Merindad de Castilla la Vieja;Total;De 65 a 69 años;282
09 Burgos;09903 Villarcayo de Merindad de Castilla la Vieja;Total;De 70 a 74 años;209
09 Burgos;09903 Villarcayo de Merindad de Castilla la Vieja;Total;De 75 a 79 años;165
09 Burgos;09903 Villarcayo de Merindad de Castilla la Vieja;Total;De 80 a 84 años;148
09 Burgos;09903 Villarcayo de Merindad de Castilla la Vieja;Total;De 85 a 89 años;102
09 Burgos;09903 Villarcayo de Merindad de Castilla la Vieja;Total;De 90 a 94 años;97
09 Burgos;09903 Villarcayo de Merindad de Castilla la Vieja;Total;De 95 a 99 años;29
09 Burgos;09903 Villarcayo de Merindad de Castilla la Vieja;Total;100 y más años;4
09 Burgos;09904 Valle de las Navas;Total;De 65 a 69 años;53
09 Burgos;09904 Valle de las Navas;Total;De 70 a 74 años;35
09 Burgos;09904 Valle de las Navas;Total;De 75 a 79 años;28
09 Burgos;09904 Valle de las Navas;Total;De 80 a 84 años;18
09 Burgos;09904 Valle de las Navas;Total;De 85 a 89 años;10
09 Burgos;09904 Valle de las Navas;Total;De 90 a 94 años;15
09 Burgos;09904 Valle de las Navas;Total;De 95 a 99 años;3
09 Burgos;09904 Valle de las Navas;Total;100 y más años;0
09 Burgos;09905 Valle de Sedano;Total;De 65 a 69 años;36
09 Burgos;09905 Valle de Sedano;Total;De 70 a 74 años;30
09 Burgos;09905 Valle de Sedano;Total;De 75 a 79 años;16
09 Burgos;09905 Valle de Sedano;Total;De 80 a 84 años;21
09 Burgos;09905 Valle de Sedano;Total;De 85 a 89 años;11
09 Burgos;09905 Valle de Sedano;Total;De 90 a 94 años;5
09 Burgos;09905 Valle de Sedano;Total;De 95 a 99 años;4
09 Burgos;09905 Valle de Sedano;Total;100 y más años;0
09 Burgos;09906 Merindad de Río Ubierna;Total;De 65 a 69 años;95
09 Burgos;09906 Merindad de Río Ubierna;Total;De 70 a 74 años;82
09 Burgos;09906 Merindad de Río Ubierna;Total;De 75 a 79 años;66
09 Burgos;09906 Merindad de Río Ubierna;Total;De 80 a 84 años;51
09 Burgos;09906 Merindad de Río Ubierna;Total;De 85 a 89 años;31
09 Burgos;09906 Merindad de Río Ubierna;Total;De 90 a 94 años;17
09 Burgos;09906 Merindad de Río Ubierna;Total;De 95 a 99 años;5
09 Burgos;09906 Merindad de Río Ubierna;Total;100 y más años;1
09 Burgos;09907 Alfoz de Quintanadueñas;Total;De 65 a 69 años;65
09 Burgos;09907 Alfoz de Quintanadueñas;Total;De 70 a 74 años;68
09 Burgos;09907 Alfoz de Quintanadueñas;Total;De 75 a 79 años;39
09 Burgos;09907 Alfoz de Quintanadueñas;Total;De 80 a 84 años;35
09 Burgos;09907 Alfoz de Quintanadueñas;Total;De 85 a 89 años;22
09 Burgos;09907 Alfoz de Quintanadueñas;Total;De 90 a 94 años;9
09 Burgos;09907 Alfoz de Quintanadueñas;Total;De 95 a 99 años;0
09 Burgos;09907 Alfoz de Quintanadueñas;Total;100 y más años;0
09 Burgos;09908 Valle de Losa;Total;De 65 a 69 años;48
09 Burgos;09908 Valle de Losa;Total;De 70 a 74 años;34
09 Burgos;09908 Valle de Losa;Total;De 75 a 79 años;19
09 Burgos;09908 Valle de Losa;Total;De 80 a 84 años;17
09 Burgos;09908 Valle de Losa;Total;De 85 a 89 años;18
09 Burgos;09908 Valle de Losa;Total;De 90 a 94 años;12
09 Burgos;09908 Valle de Losa;Total;De 95 a 99 años;0
09 Burgos;09908 Valle de Losa;Total;100 y más años;1
24 León;24001 Acebedo;Total;De 65 a 69 años;20
24 León;24001 Acebedo;Total;De 70 a 74 años;23
24 León;24001 Acebedo;Total;De 75 a 79 años;9
24 León;24001 Acebedo;Total;De 80 a 84 años;8
24 León;24001 Acebedo;Total;De 85 a 89 años;5
24 León;24001 Acebedo;Total;De 90 a 94 años;10
24 León;24001 Acebedo;Total;De 95 a 99 años;2
24 León;24001 Acebedo;Total;100 y más años;0
24 León;24002 Algadefe;Total;De 65 a 69 años;15
24 León;24002 Algadefe;Total;De 70 a 74 años;20
24 León;24002 Algadefe;Total;De 75 a 79 años;14
24 León;24002 Algadefe;Total;De 80 a 84 años;16
24 León;24002 Algadefe;Total;De 85 a 89 años;13
24 León;24002 Algadefe;Total;De 90 a 94 años;7
24 León;24002 Algadefe;Total;De 95 a 99 años;2
24 León;24002 Algadefe;Total;100 y más años;1
24 León;24003 Alija del Infantado;Total;De 65 a 69 años;47
24 León;24003 Alija del Infantado;Total;De 70 a 74 años;36
24 León;24003 Alija del Infantado;Total;De 75 a 79 años;40
24 León;24003 Alija del Infantado;Total;De 80 a 84 años;60
24 León;24003 Alija del Infantado;Total;De 85 a 89 años;39
24 León;24003 Alija del Infantado;Total;De 90 a 94 años;30
24 León;24003 Alija del Infantado;Total;De 95 a 99 años;13
24 León;24003 Alija del Infantado;Total;100 y más años;2
24 León;24004 Almanza;Total;De 65 a 69 años;42
24 León;24004 Almanza;Total;De 70 a 74 años;47
24 León;24004 Almanza;Total;De 75 a 79 años;36
24 León;24004 Almanza;Total;De 80 a 84 años;28
24 León;24004 Almanza;Total;De 85 a 89 años;17
24 León;24004 Almanza;Total;De 90 a 94 años;9
24 León;24004 Almanza;Total;De 95 a 99 años;6
24 León;24004 Almanza;Total;100 y más años;0
24 León;24005 Antigua, La;Total;De 65 a 69 años;21
24 León;24005 Antigua, La;Total;De 70 a 74 años;30
24 León;24005 Antigua, La;Total;De 75 a 79 años;39
24 León;24005 Antigua, La;Total;De 80 a 84 años;34
24 León;24005 Antigua, La;Total;De 85 a 89 años;17
24 León;24005 Antigua, La;Total;De 90 a 94 años;17
24 León;24005 Antigua, La;Total;De 95 a 99 años;6
24 León;24005 Antigua, La;Total;100 y más años;1
24 León;24006 Ardón;Total;De 65 a 69 años;70
24 León;24006 Ardón;Total;De 70 a 74 años;34
24 León;24006 Ardón;Total;De 75 a 79 años;29
24 León;24006 Ardón;Total;De 80 a 84 años;33
24 León;24006 Ardón;Total;De 85 a 89 años;16
24 León;24006 Ardón;Total;De 90 a 94 años;14
24 León;24006 Ardón;Total;De 95 a 99 años;1
24 León;24006 Ardón;Total;100 y más años;0
24 León;24007 Arganza;Total;De 65 a 69 años;73
24 León;24007 Arganza;Total;De 70 a 74 años;63
24 León;24007 Arganza;Total;De 75 a 79 años;47
24 León;24007 Arganza;Total;De 80 a 84 años;35
24 León;24007 Arganza;Total;De 85 a 89 años;29
24 León;24007 Arganza;Total;De 90 a 94 años;22
24 León;24007 Arganza;Total;De 95 a 99 años;4
24 León;24007 Arganza;Total;100 y más años;2
24 León;24008 Astorga;Total;De 65 a 69 años;742
24 León;24008 Astorga;Total;De 70 a 74 años;623
24 León;24008 Astorga;Total;De 75 a 79 años;573
24 León;24008 Astorga;Total;De 80 a 84 años;445
24 León;24008 Astorga;Total;De 85 a 89 años;351
24 León;24008 Astorga;Total;De 90 a 94 años;263
24 León;24008 Astorga;Total;De 95 a 99 años;71
24 León;24008 Astorga;Total;100 y más años;9
24 León;24009 Balboa;Total;De 65 a 69 años;28
24 León;24009 Balboa;Total;De 70 a 74 años;24
24 León;24009 Balboa;Total;De 75 a 79 años;21
24 León;24009 Balboa;Total;De 80 a 84 años;20
24 León;24009 Balboa;Total;De 85 a 89 años;21
24 León;24009 Balboa;Total;De 90 a 94 años;13
24 León;24009 Balboa;Total;De 95 a 99 años;5
24 León;24009 Balboa;Total;100 y más años;0
24 León;24010 Bañeza, La;Total;De 65 a 69 años;719
24 León;24010 Bañeza, La;Total;De 70 a 74 años;508
24 León;24010 Bañeza, La;Total;De 75 a 79 años;463
24 León;24010 Bañeza, La;Total;De 80 a 84 años;395
24 León;24010 Bañeza, La;Total;De 85 a 89 años;267
24 León;24010 Bañeza, La;Total;De 90 a 94 años;166
24 León;24010 Bañeza, La;Total;De 95 a 99 años;48
24 León;24010 Bañeza, La;Total;100 y más años;4
24 León;24011 Barjas;Total;De 65 a 69 años;12
24 León;24011 Barjas;Total;De 70 a 74 años;8
24 León;24011 Barjas;Total;De 75 a 79 años;9
24 León;24011 Barjas;Total;De 80 a 84 años;20
24 León;24011 Barjas;Total;De 85 a 89 años;13
24 León;24011 Barjas;Total;De 90 a 94 años;8
24 León;24011 Barjas;Total;De 95 a 99 años;3
24 León;24011 Barjas;Total;100 y más años;0
24 León;24012 Barrios de Luna, Los;Total;De 65 a 69 años;24
24 León;24012 Barrios de Luna, Los;Total;De 70 a 74 años;24
24 León;24012 Barrios de Luna, Los;Total;De 75 a 79 años;25
24 León;24012 Barrios de Luna, Los;Total;De 80 a 84 años;13
24 León;24012 Barrios de Luna, Los;Total;De 85 a 89 años;11
24 León;24012 Barrios de Luna, Los;Total;De 90 a 94 años;5
24 León;24012 Barrios de Luna, Los;Total;De 95 a 99 años;3
24 León;24012 Barrios de Luna, Los;Total;100 y más años;0
24 León;24014 Bembibre;Total;De 65 a 69 años;752
24 León;24014 Bembibre;Total;De 70 a 74 años;459
24 León;24014 Bembibre;Total;De 75 a 79 años;384
24 León;24014 Bembibre;Total;De 80 a 84 años;330
24 León;24014 Bembibre;Total;De 85 a 89 años;237
24 León;24014 Bembibre;Total;De 90 a 94 años;165
24 León;24014 Bembibre;Total;De 95 a 99 años;55
24 León;24014 Bembibre;Total;100 y más años;8
24 León;24015 Benavides;Total;De 65 a 69 años;175
24 León;24015 Benavides;Total;De 70 a 74 años;144
24 León;24015 Benavides;Total;De 75 a 79 años;164
24 León;24015 Benavides;Total;De 80 a 84 años;128
24 León;24015 Benavides;Total;De 85 a 89 años;120
24 León;24015 Benavides;Total;De 90 a 94 años;71
24 León;24015 Benavides;Total;De 95 a 99 años;35
24 León;24015 Benavides;Total;100 y más años;1
24 León;24016 Benuza;Total;De 65 a 69 años;48
24 León;24016 Benuza;Total;De 70 a 74 años;35
24 León;24016 Benuza;Total;De 75 a 79 años;40
24 León;24016 Benuza;Total;De 80 a 84 años;29
24 León;24016 Benuza;Total;De 85 a 89 años;20
24 León;24016 Benuza;Total;De 90 a 94 años;15
24 León;24016 Benuza;Total;De 95 a 99 años;3
24 León;24016 Benuza;Total;100 y más años;0
24 León;24017 Bercianos del Páramo;Total;De 65 a 69 años;52
24 León;24017 Bercianos del Páramo;Total;De 70 a 74 años;47
24 León;24017 Bercianos del Páramo;Total;De 75 a 79 años;49
24 León;24017 Bercianos del Páramo;Total;De 80 a 84 años;31
24 León;24017 Bercianos del Páramo;Total;De 85 a 89 años;37
24 León;24017 Bercianos del Páramo;Total;De 90 a 94 años;20
24 León;24017 Bercianos del Páramo;Total;De 95 a 99 años;3
24 León;24017 Bercianos del Páramo;Total;100 y más años;3
24 León;24018 Bercianos del Real Camino;Total;De 65 a 69 años;18
24 León;24018 Bercianos del Real Camino;Total;De 70 a 74 años;17
24 León;24018 Bercianos del Real Camino;Total;De 75 a 79 años;15
24 León;24018 Bercianos del Real Camino;Total;De 80 a 84 años;13
24 León;24018 Bercianos del Real Camino;Total;De 85 a 89 años;9
24 León;24018 Bercianos del Real Camino;Total;De 90 a 94 años;8
24 León;24018 Bercianos del Real Camino;Total;De 95 a 99 años;1
24 León;24018 Bercianos del Real Camino;Total;100 y más años;0
24 León;24019 Berlanga del Bierzo;Total;De 65 a 69 años;33
24 León;24019 Berlanga del Bierzo;Total;De 70 a 74 años;26
24 León;24019 Berlanga del Bierzo;Total;De 75 a 79 años;27
24 León;24019 Berlanga del Bierzo;Total;De 80 a 84 años;15
24 León;24019 Berlanga del Bierzo;Total;De 85 a 89 años;17
24 León;24019 Berlanga del Bierzo;Total;De 90 a 94 años;14
24 León;24019 Berlanga del Bierzo;Total;De 95 a 99 años;2
24 León;24019 Berlanga del Bierzo;Total;100 y más años;0
24 León;24020 Boca de Huérgano;Total;De 65 a 69 años;38
24 León;24020 Boca de Huérgano;Total;De 70 a 74 años;28
24 León;24020 Boca de Huérgano;Total;De 75 a 79 años;30
24 León;24020 Boca de Huérgano;Total;De 80 a 84 años;16
24 León;24020 Boca de Huérgano;Total;De 85 a 89 años;20
24 León;24020 Boca de Huérgano;Total;De 90 a 94 años;14
24 León;24020 Boca de Huérgano;Total;De 95 a 99 años;4
24 León;24020 Boca de Huérgano;Total;100 y más años;0
24 León;24021 Boñar;Total;De 65 a 69 años;181
24 León;24021 Boñar;Total;De 70 a 74 años;132
24 León;24021 Boñar;Total;De 75 a 79 años;105
24 León;24021 Boñar;Total;De 80 a 84 años;89
24 León;24021 Boñar;Total;De 85 a 89 años;54
24 León;24021 Boñar;Total;De 90 a 94 años;51
24 León;24021 Boñar;Total;De 95 a 99 años;13
24 León;24021 Boñar;Total;100 y más años;1
24 León;24022 Borrenes;Total;De 65 a 69 años;28
24 León;24022 Borrenes;Total;De 70 a 74 años;27
24 León;24022 Borrenes;Total;De 75 a 79 años;18
24 León;24022 Borrenes;Total;De 80 a 84 años;25
24 León;24022 Borrenes;Total;De 85 a 89 años;15
24 León;24022 Borrenes;Total;De 90 a 94 años;12
24 León;24022 Borrenes;Total;De 95 a 99 años;6
24 León;24022 Borrenes;Total;100 y más años;1
24 León;24023 Brazuelo;Total;De 65 a 69 años;30
24 León;24023 Brazuelo;Total;De 70 a 74 años;27
24 León;24023 Brazuelo;Total;De 75 a 79 años;17
24 León;24023 Brazuelo;Total;De 80 a 84 años;9
24 León;24023 Brazuelo;Total;De 85 a 89 años;11
24 León;24023 Brazuelo;Total;De 90 a 94 años;7
24 León;24023 Brazuelo;Total;De 95 a 99 años;1
24 León;24023 Brazuelo;Total;100 y más años;0
24 León;24024 Burgo Ranero, El;Total;De 65 a 69 años;63
24 León;24024 Burgo Ranero, El;Total;De 70 a 74 años;48
24 León;24024 Burgo Ranero, El;Total;De 75 a 79 años;55
24 León;24024 Burgo Ranero, El;Total;De 80 a 84 años;39
24 León;24024 Burgo Ranero, El;Total;De 85 a 89 años;40
24 León;24024 Burgo Ranero, El;Total;De 90 a 94 años;21
24 León;24024 Burgo Ranero, El;Total;De 95 a 99 años;4
24 León;24024 Burgo Ranero, El;Total;100 y más años;0
24 León;24025 Burón;Total;De 65 a 69 años;30
24 León;24025 Burón;Total;De 70 a 74 años;25
24 León;24025 Burón;Total;De 75 a 79 años;14
24 León;24025 Burón;Total;De 80 a 84 años;22
24 León;24025 Burón;Total;De 85 a 89 años;11
24 León;24025 Burón;Total;De 90 a 94 años;9
24 León;24025 Burón;Total;De 95 a 99 años;2
24 León;24025 Burón;Total;100 y más años;1
24 León;24026 Bustillo del Páramo;Total;De 65 a 69 años;92
24 León;24026 Bustillo del Páramo;Total;De 70 a 74 años;71
24 León;24026 Bustillo del Páramo;Total;De 75 a 79 años;80
24 León;24026 Bustillo del Páramo;Total;De 80 a 84 años;78
24 León;24026 Bustillo del Páramo;Total;De 85 a 89 años;61
24 León;24026 Bustillo del Páramo;Total;De 90 a 94 años;41
24 León;24026 Bustillo del Páramo;Total;De 95 a 99 años;6
24 León;24026 Bustillo del Páramo;Total;100 y más años;0
24 León;24027 Cabañas Raras;Total;De 65 a 69 años;106
24 León;24027 Cabañas Raras;Total;De 70 a 74 años;88
24 León;24027 Cabañas Raras;Total;De 75 a 79 años;84
24 León;24027 Cabañas Raras;Total;De 80 a 84 años;57
24 León;24027 Cabañas Raras;Total;De 85 a 89 años;32
24 León;24027 Cabañas Raras;Total;De 90 a 94 años;23
24 León;24027 Cabañas Raras;Total;De 95 a 99 años;9
24 León;24027 Cabañas Raras;Total;100 y más años;0
24 León;24028 Cabreros del Río;Total;De 65 a 69 años;29
24 León;24028 Cabreros del Río;Total;De 70 a 74 años;34
24 León;24028 Cabreros del Río;Total;De 75 a 79 años;35
24 León;24028 Cabreros del Río;Total;De 80 a 84 años;26
24 León;24028 Cabreros del Río;Total;De 85 a 89 años;22
24 León;24028 Cabreros del Río;Total;De 90 a 94 años;15
24 León;24028 Cabreros del Río;Total;De 95 a 99 años;2
24 León;24028 Cabreros del Río;Total;100 y más años;0
24 León;24029 Cabrillanes;Total;De 65 a 69 años;73
24 León;24029 Cabrillanes;Total;De 70 a 74 años;60
24 León;24029 Cabrillanes;Total;De 75 a 79 años;49
24 León;24029 Cabrillanes;Total;De 80 a 84 años;21
24 León;24029 Cabrillanes;Total;De 85 a 89 años;24
24 León;24029 Cabrillanes;Total;De 90 a 94 años;15
24 León;24029 Cabrillanes;Total;De 95 a 99 años;5
24 León;24029 Cabrillanes;Total;100 y más años;2
24 León;24030 Cacabelos;Total;De 65 a 69 años;353
24 León;24030 Cacabelos;Total;De 70 a 74 años;291
24 León;24030 Cacabelos;Total;De 75 a 79 años;272
24 León;24030 Cacabelos;Total;De 80 a 84 años;228
24 León;24030 Cacabelos;Total;De 85 a 89 años;145
24 León;24030 Cacabelos;Total;De 90 a 94 años;114
24 León;24030 Cacabelos;Total;De 95 a 99 años;20
24 León;24030 Cacabelos;Total;100 y más años;5
24 León;24031 Calzada del Coto;Total;De 65 a 69 años;30
24 León;24031 Calzada del Coto;Total;De 70 a 74 años;11
24 León;24031 Calzada del Coto;Total;De 75 a 79 años;10
24 León;24031 Calzada del Coto;Total;De 80 a 84 años;10
24 León;24031 Calzada del Coto;Total;De 85 a 89 años;17
24 León;24031 Calzada del Coto;Total;De 90 a 94 años;8
24 León;24031 Calzada del Coto;Total;De 95 a 99 años;3
24 León;24031 Calzada del Coto;Total;100 y más años;1
24 León;24032 Campazas;Total;De 65 a 69 años;14
24 León;24032 Campazas;Total;De 70 a 74 años;4
24 León;24032 Campazas;Total;De 75 a 79 años;3
24 León;24032 Campazas;Total;De 80 a 84 años;7
24 León;24032 Campazas;Total;De 85 a 89 años;4
24 León;24032 Campazas;Total;De 90 a 94 años;9
24 León;24032 Campazas;Total;De 95 a 99 años;1
24 León;24032 Campazas;Total;100 y más años;1
24 León;24033 Campo de Villavidel;Total;De 65 a 69 años;15
24 León;24033 Campo de Villavidel;Total;De 70 a 74 años;19
24 León;24033 Campo de Villavidel;Total;De 75 a 79 años;10
24 León;24033 Campo de Villavidel;Total;De 80 a 84 años;17
24 León;24033 Campo de Villavidel;Total;De 85 a 89 años;13
24 León;24033 Campo de Villavidel;Total;De 90 a 94 años;8
24 León;24033 Campo de Villavidel;Total;De 95 a 99 años;2
24 León;24033 Campo de Villavidel;Total;100 y más años;1
24 León;24034 Camponaraya;Total;De 65 a 69 años;264
24 León;24034 Camponaraya;Total;De 70 a 74 años;233
24 León;24034 Camponaraya;Total;De 75 a 79 años;167
24 León;24034 Camponaraya;Total;De 80 a 84 años;119
24 León;24034 Camponaraya;Total;De 85 a 89 años;94
24 León;24034 Camponaraya;Total;De 90 a 94 años;88
24 León;24034 Camponaraya;Total;De 95 a 99 años;15
24 León;24034 Camponaraya;Total;100 y más años;2
24 León;24036 Valle de Ancares;Total;De 65 a 69 años;24
24 León;24036 Valle de Ancares;Total;De 70 a 74 años;19
24 León;24036 Valle de Ancares;Total;De 75 a 79 años;20
24 León;24036 Valle de Ancares;Total;De 80 a 84 años;12
24 León;24036 Valle de Ancares;Total;De 85 a 89 años;18
24 León;24036 Valle de Ancares;Total;De 90 a 94 años;10
24 León;24036 Valle de Ancares;Total;De 95 a 99 años;1
24 León;24036 Valle de Ancares;Total;100 y más años;0
24 León;24037 Cármenes;Total;De 65 a 69 años;37
24 León;24037 Cármenes;Total;De 70 a 74 años;26
24 León;24037 Cármenes;Total;De 75 a 79 años;25
24 León;24037 Cármenes;Total;De 80 a 84 años;29
24 León;24037 Cármenes;Total;De 85 a 89 años;18
24 León;24037 Cármenes;Total;De 90 a 94 años;13
24 León;24037 Cármenes;Total;De 95 a 99 años;2
24 León;24037 Cármenes;Total;100 y más años;0
24 León;24038 Carracedelo;Total;De 65 a 69 años;311
24 León;24038 Carracedelo;Total;De 70 a 74 años;218
24 León;24038 Carracedelo;Total;De 75 a 79 años;219
24 León;24038 Carracedelo;Total;De 80 a 84 años;172
24 León;24038 Carracedelo;Total;De 85 a 89 años;109
24 León;24038 Carracedelo;Total;De 90 a 94 años;91
24 León;24038 Carracedelo;Total;De 95 a 99 años;26
24 León;24038 Carracedelo;Total;100 y más años;2
24 León;24039 Carrizo;Total;De 65 a 69 años;170
24 León;24039 Carrizo;Total;De 70 a 74 años;137
24 León;24039 Carrizo;Total;De 75 a 79 años;144
24 León;24039 Carrizo;Total;De 80 a 84 años;105
24 León;24039 Carrizo;Total;De 85 a 89 años;76
24 León;24039 Carrizo;Total;De 90 a 94 años;51
24 León;24039 Carrizo;Total;De 95 a 99 años;17
24 León;24039 Carrizo;Total;100 y más años;3
24 León;24040 Carrocera;Total;De 65 a 69 años;38
24 León;24040 Carrocera;Total;De 70 a 74 años;36
24 León;24040 Carrocera;Total;De 75 a 79 años;25
24 León;24040 Carrocera;Total;De 80 a 84 años;23
24 León;24040 Carrocera;Total;De 85 a 89 años;16
24 León;24040 Carrocera;Total;De 90 a 94 años;14
24 León;24040 Carrocera;Total;De 95 a 99 años;3
24 León;24040 Carrocera;Total;100 y más años;1
24 León;24041 Carucedo;Total;De 65 a 69 años;55
24 León;24041 Carucedo;Total;De 70 a 74 años;39
24 León;24041 Carucedo;Total;De 75 a 79 años;29
24 León;24041 Carucedo;Total;De 80 a 84 años;26
24 León;24041 Carucedo;Total;De 85 a 89 años;28
24 León;24041 Carucedo;Total;De 90 a 94 años;18
24 León;24041 Carucedo;Total;De 95 a 99 años;5
24 León;24041 Carucedo;Total;100 y más años;1
24 León;24042 Castilfalé;Total;De 65 a 69 años;5
24 León;24042 Castilfalé;Total;De 70 a 74 años;7
24 León;24042 Castilfalé;Total;De 75 a 79 años;2
24 León;24042 Castilfalé;Total;De 80 a 84 años;4
24 León;24042 Castilfalé;Total;De 85 a 89 años;0
24 León;24042 Castilfalé;Total;De 90 a 94 años;1
24 León;24042 Castilfalé;Total;De 95 a 99 años;1
24 León;24042 Castilfalé;Total;100 y más años;0
24 León;24043 Castrillo de Cabrera;Total;De 65 a 69 años;17
24 León;24043 Castrillo de Cabrera;Total;De 70 a 74 años;10
24 León;24043 Castrillo de Cabrera;Total;De 75 a 79 años;5
24 León;24043 Castrillo de Cabrera;Total;De 80 a 84 años;6
24 León;24043 Castrillo de Cabrera;Total;De 85 a 89 años;6
24 León;24043 Castrillo de Cabrera;Total;De 90 a 94 años;2
24 León;24043 Castrillo de Cabrera;Total;De 95 a 99 años;2
24 León;24043 Castrillo de Cabrera;Total;100 y más años;0
24 León;24044 Castrillo de la Valduerna;Total;De 65 a 69 años;12
24 León;24044 Castrillo de la Valduerna;Total;De 70 a 74 años;12
24 León;24044 Castrillo de la Valduerna;Total;De 75 a 79 años;12
24 León;24044 Castrillo de la Valduerna;Total;De 80 a 84 años;7
24 León;24044 Castrillo de la Valduerna;Total;De 85 a 89 años;10
24 León;24044 Castrillo de la Valduerna;Total;De 90 a 94 años;14
24 León;24044 Castrillo de la Valduerna;Total;De 95 a 99 años;4
24 León;24044 Castrillo de la Valduerna;Total;100 y más años;0
24 León;24046 Castrocalbón;Total;De 65 a 69 años;71
24 León;24046 Castrocalbón;Total;De 70 a 74 años;69
24 León;24046 Castrocalbón;Total;De 75 a 79 años;63
24 León;24046 Castrocalbón;Total;De 80 a 84 años;66
24 León;24046 Castrocalbón;Total;De 85 a 89 años;41
24 León;24046 Castrocalbón;Total;De 90 a 94 años;43
24 León;24046 Castrocalbón;Total;De 95 a 99 años;15
24 León;24046 Castrocalbón;Total;100 y más años;3
24 León;24047 Castrocontrigo;Total;De 65 a 69 años;57
24 León;24047 Castrocontrigo;Total;De 70 a 74 años;48
24 León;24047 Castrocontrigo;Total;De 75 a 79 años;69
24 León;24047 Castrocontrigo;Total;De 80 a 84 años;52
24 León;24047 Castrocontrigo;Total;De 85 a 89 años;36
24 León;24047 Castrocontrigo;Total;De 90 a 94 años;24
24 León;24047 Castrocontrigo;Total;De 95 a 99 años;6
24 León;24047 Castrocontrigo;Total;100 y más años;2
24 León;24049 Castropodame;Total;De 65 a 69 años;148
24 León;24049 Castropodame;Total;De 70 a 74 años;115
24 León;24049 Castropodame;Total;De 75 a 79 años;85
24 León;24049 Castropodame;Total;De 80 a 84 años;59
24 León;24049 Castropodame;Total;De 85 a 89 años;53
24 León;24049 Castropodame;Total;De 90 a 94 años;40
24 León;24049 Castropodame;Total;De 95 a 99 años;7
24 León;24049 Castropodame;Total;100 y más años;1
24 León;24050 Castrotierra de Valmadrigal;Total;De 65 a 69 años;2
24 León;24050 Castrotierra de Valmadrigal;Total;De 70 a 74 años;4
24 León;24050 Castrotierra de Valmadrigal;Total;De 75 a 79 años;5
24 León;24050 Castrotierra de Valmadrigal;Total;De 80 a 84 años;4
24 León;24050 Castrotierra de Valmadrigal;Total;De 85 a 89 años;9
24 León;24050 Castrotierra de Valmadrigal;Total;De 90 a 94 años;6
24 León;24050 Castrotierra de Valmadrigal;Total;De 95 a 99 años;2
24 León;24050 Castrotierra de Valmadrigal;Total;100 y más años;0
24 León;24051 Cea;Total;De 65 a 69 años;32
24 León;24051 Cea;Total;De 70 a 74 años;29
24 León;24051 Cea;Total;De 75 a 79 años;34
24 León;24051 Cea;Total;De 80 a 84 años;24
24 León;24051 Cea;Total;De 85 a 89 años;21
24 León;24051 Cea;Total;De 90 a 94 años;15
24 León;24051 Cea;Total;De 95 a 99 años;5
24 León;24051 Cea;Total;100 y más años;0
24 León;24052 Cebanico;Total;De 65 a 69 años;19
24 León;24052 Cebanico;Total;De 70 a 74 años;13
24 León;24052 Cebanico;Total;De 75 a 79 años;9
24 León;24052 Cebanico;Total;De 80 a 84 años;6
24 León;24052 Cebanico;Total;De 85 a 89 años;7
24 León;24052 Cebanico;Total;De 90 a 94 años;6
24 León;24052 Cebanico;Total;De 95 a 99 años;3
24 León;24052 Cebanico;Total;100 y más años;1
24 León;24053 Cebrones del Río;Total;De 65 a 69 años;29
24 León;24053 Cebrones del Río;Total;De 70 a 74 años;33
24 León;24053 Cebrones del Río;Total;De 75 a 79 años;40
24 León;24053 Cebrones del Río;Total;De 80 a 84 años;31
24 León;24053 Cebrones del Río;Total;De 85 a 89 años;30
24 León;24053 Cebrones del Río;Total;De 90 a 94 años;15
24 León;24053 Cebrones del Río;Total;De 95 a 99 años;5
24 León;24053 Cebrones del Río;Total;100 y más años;0
24 León;24054 Cimanes de la Vega;Total;De 65 a 69 años;38
24 León;24054 Cimanes de la Vega;Total;De 70 a 74 años;38
24 León;24054 Cimanes de la Vega;Total;De 75 a 79 años;20
24 León;24054 Cimanes de la Vega;Total;De 80 a 84 años;26
24 León;24054 Cimanes de la Vega;Total;De 85 a 89 años;22
24 León;24054 Cimanes de la Vega;Total;De 90 a 94 años;13
24 León;24054 Cimanes de la Vega;Total;De 95 a 99 años;4
24 León;24054 Cimanes de la Vega;Total;100 y más años;1
24 León;24055 Cimanes del Tejar;Total;De 65 a 69 años;87
24 León;24055 Cimanes del Tejar;Total;De 70 a 74 años;61
24 León;24055 Cimanes del Tejar;Total;De 75 a 79 años;50
24 León;24055 Cimanes del Tejar;Total;De 80 a 84 años;50
24 León;24055 Cimanes del Tejar;Total;De 85 a 89 años;26
24 León;24055 Cimanes del Tejar;Total;De 90 a 94 años;28
24 León;24055 Cimanes del Tejar;Total;De 95 a 99 años;9
24 León;24055 Cimanes del Tejar;Total;100 y más años;1
24 León;24056 Cistierna;Total;De 65 a 69 años;314
24 León;24056 Cistierna;Total;De 70 a 74 años;197
24 León;24056 Cistierna;Total;De 75 a 79 años;154
24 León;24056 Cistierna;Total;De 80 a 84 años;124
24 León;24056 Cistierna;Total;De 85 a 89 años;118
24 León;24056 Cistierna;Total;De 90 a 94 años;79
24 León;24056 Cistierna;Total;De 95 a 99 años;38
24 León;24056 Cistierna;Total;100 y más años;2
24 León;24057 Congosto;Total;De 65 a 69 años;152
24 León;24057 Congosto;Total;De 70 a 74 años;84
24 León;24057 Congosto;Total;De 75 a 79 años;87
24 León;24057 Congosto;Total;De 80 a 84 años;66
24 León;24057 Congosto;Total;De 85 a 89 años;48
24 León;24057 Congosto;Total;De 90 a 94 años;34
24 León;24057 Congosto;Total;De 95 a 99 años;8
24 León;24057 Congosto;Total;100 y más años;1
24 León;24058 Corbillos de los Oteros;Total;De 65 a 69 años;16
24 León;24058 Corbillos de los Oteros;Total;De 70 a 74 años;10
24 León;24058 Corbillos de los Oteros;Total;De 75 a 79 años;15
24 León;24058 Corbillos de los Oteros;Total;De 80 a 84 años;6
24 León;24058 Corbillos de los Oteros;Total;De 85 a 89 años;7
24 León;24058 Corbillos de los Oteros;Total;De 90 a 94 años;8
24 León;24058 Corbillos de los Oteros;Total;De 95 a 99 años;5
24 León;24058 Corbillos de los Oteros;Total;100 y más años;1
24 León;24059 Corullón;Total;De 65 a 69 años;74
24 León;24059 Corullón;Total;De 70 a 74 años;62
24 León;24059 Corullón;Total;De 75 a 79 años;53
24 León;24059 Corullón;Total;De 80 a 84 años;66
24 León;24059 Corullón;Total;De 85 a 89 años;62
24 León;24059 Corullón;Total;De 90 a 94 años;36
24 León;24059 Corullón;Total;De 95 a 99 años;12
24 León;24059 Corullón;Total;100 y más años;0
24 León;24060 Crémenes;Total;De 65 a 69 años;59
24 León;24060 Crémenes;Total;De 70 a 74 años;52
24 León;24060 Crémenes;Total;De 75 a 79 años;21
24 León;24060 Crémenes;Total;De 80 a 84 años;13
24 León;24060 Crémenes;Total;De 85 a 89 años;21
24 León;24060 Crémenes;Total;De 90 a 94 años;22
24 León;24060 Crémenes;Total;De 95 a 99 años;8
24 León;24060 Crémenes;Total;100 y más años;1
24 León;24061 Cuadros;Total;De 65 a 69 años;145
24 León;24061 Cuadros;Total;De 70 a 74 años;146
24 León;24061 Cuadros;Total;De 75 a 79 años;97
24 León;24061 Cuadros;Total;De 80 a 84 años;85
24 León;24061 Cuadros;Total;De 85 a 89 años;50
24 León;24061 Cuadros;Total;De 90 a 94 años;41
24 León;24061 Cuadros;Total;De 95 a 99 años;10
24 León;24061 Cuadros;Total;100 y más años;2
24 León;24062 Cubillas de los Oteros;Total;De 65 a 69 años;15
24 León;24062 Cubillas de los Oteros;Total;De 70 a 74 años;15
24 León;24062 Cubillas de los Oteros;Total;De 75 a 79 años;9
24 León;24062 Cubillas de los Oteros;Total;De 80 a 84 años;8
24 León;24062 Cubillas de los Oteros;Total;De 85 a 89 años;8
24 León;24062 Cubillas de los Oteros;Total;De 90 a 94 años;5
24 León;24062 Cubillas de los Oteros;Total;De 95 a 99 años;2
24 León;24062 Cubillas de los Oteros;Total;100 y más años;1
24 León;24063 Cubillas de Rueda;Total;De 65 a 69 años;35
24 León;24063 Cubillas de Rueda;Total;De 70 a 74 años;33
24 León;24063 Cubillas de Rueda;Total;De 75 a 79 años;22
24 León;24063 Cubillas de Rueda;Total;De 80 a 84 años;19
24 León;24063 Cubillas de Rueda;Total;De 85 a 89 años;23
24 León;24063 Cubillas de Rueda;Total;De 90 a 94 años;14
24 León;24063 Cubillas de Rueda;Total;De 95 a 99 años;5
24 León;24063 Cubillas de Rueda;Total;100 y más años;1
24 León;24064 Cubillos del Sil;Total;De 65 a 69 años;112
24 León;24064 Cubillos del Sil;Total;De 70 a 74 años;79
24 León;24064 Cubillos del Sil;Total;De 75 a 79 años;84
24 León;24064 Cubillos del Sil;Total;De 80 a 84 años;67
24 León;24064 Cubillos del Sil;Total;De 85 a 89 años;41
24 León;24064 Cubillos del Sil;Total;De 90 a 94 años;25
24 León;24064 Cubillos del Sil;Total;De 95 a 99 años;10
24 León;24064 Cubillos del Sil;Total;100 y más años;2
24 León;24065 Chozas de Abajo;Total;De 65 a 69 años;179
24 León;24065 Chozas de Abajo;Total;De 70 a 74 años;137
24 León;24065 Chozas de Abajo;Total;De 75 a 79 años;120
24 León;24065 Chozas de Abajo;Total;De 80 a 84 años;96
24 León;24065 Chozas de Abajo;Total;De 85 a 89 años;68
24 León;24065 Chozas de Abajo;Total;De 90 a 94 años;47
24 León;24065 Chozas de Abajo;Total;De 95 a 99 años;18
24 León;24065 Chozas de Abajo;Total;100 y más años;1
24 León;24066 Destriana;Total;De 65 a 69 años;31
24 León;24066 Destriana;Total;De 70 a 74 años;28
24 León;24066 Destriana;Total;De 75 a 79 años;31
24 León;24066 Destriana;Total;De 80 a 84 años;39
24 León;24066 Destriana;Total;De 85 a 89 años;31
24 León;24066 Destriana;Total;De 90 a 94 años;23
24 León;24066 Destriana;Total;De 95 a 99 años;9
24 León;24066 Destriana;Total;100 y más años;0
24 León;24067 Encinedo;Total;De 65 a 69 años;46
24 León;24067 Encinedo;Total;De 70 a 74 años;42
24 León;24067 Encinedo;Total;De 75 a 79 años;37
24 León;24067 Encinedo;Total;De 80 a 84 años;30
24 León;24067 Encinedo;Total;De 85 a 89 años;34
24 León;24067 Encinedo;Total;De 90 a 94 años;16
24 León;24067 Encinedo;Total;De 95 a 99 años;6
24 León;24067 Encinedo;Total;100 y más años;0
24 León;24068 Ercina, La;Total;De 65 a 69 años;45
24 León;24068 Ercina, La;Total;De 70 a 74 años;33
24 León;24068 Ercina, La;Total;De 75 a 79 años;35
24 León;24068 Ercina, La;Total;De 80 a 84 años;17
24 León;24068 Ercina, La;Total;De 85 a 89 años;19
24 León;24068 Ercina, La;Total;De 90 a 94 años;22
24 León;24068 Ercina, La;Total;De 95 a 99 años;5
24 León;24068 Ercina, La;Total;100 y más años;1
24 León;24069 Escobar de Campos;Total;De 65 a 69 años;2
24 León;24069 Escobar de Campos;Total;De 70 a 74 años;5
24 León;24069 Escobar de Campos;Total;De 75 a 79 años;7
24 León;24069 Escobar de Campos;Total;De 80 a 84 años;3
24 León;24069 Escobar de Campos;Total;De 85 a 89 años;2
24 León;24069 Escobar de Campos;Total;De 90 a 94 años;0
24 León;24069 Escobar de Campos;Total;De 95 a 99 años;0
24 León;24069 Escobar de Campos;Total;100 y más años;0
24 León;24070 Fabero;Total;De 65 a 69 años;401
24 León;24070 Fabero;Total;De 70 a 74 años;274
24 León;24070 Fabero;Total;De 75 a 79 años;255
24 León;24070 Fabero;Total;De 80 a 84 años;164
24 León;24070 Fabero;Total;De 85 a 89 años;123
24 León;24070 Fabero;Total;De 90 a 94 años;80
24 León;24070 Fabero;Total;De 95 a 99 años;16
24 León;24070 Fabero;Total;100 y más años;2
24 León;24071 Folgoso de la Ribera;Total;De 65 a 69 años;89
24 León;24071 Folgoso de la Ribera;Total;De 70 a 74 años;64
24 León;24071 Folgoso de la Ribera;Total;De 75 a 79 años;48
24 León;24071 Folgoso de la Ribera;Total;De 80 a 84 años;34
24 León;24071 Folgoso de la Ribera;Total;De 85 a 89 años;42
24 León;24071 Folgoso de la Ribera;Total;De 90 a 94 años;31
24 León;24071 Folgoso de la Ribera;Total;De 95 a 99 años;10
24 León;24071 Folgoso de la Ribera;Total;100 y más años;3
24 León;24073 Fresno de la Vega;Total;De 65 a 69 años;37
24 León;24073 Fresno de la Vega;Total;De 70 a 74 años;29
24 León;24073 Fresno de la Vega;Total;De 75 a 79 años;45
24 León;24073 Fresno de la Vega;Total;De 80 a 84 años;32
24 León;24073 Fresno de la Vega;Total;De 85 a 89 años;36
24 León;24073 Fresno de la Vega;Total;De 90 a 94 años;27
24 León;24073 Fresno de la Vega;Total;De 95 a 99 años;4
24 León;24073 Fresno de la Vega;Total;100 y más años;0
24 León;24074 Fuentes de Carbajal;Total;De 65 a 69 años;11
24 León;24074 Fuentes de Carbajal;Total;De 70 a 74 años;6
24 León;24074 Fuentes de Carbajal;Total;De 75 a 79 años;6
24 León;24074 Fuentes de Carbajal;Total;De 80 a 84 años;2
24 León;24074 Fuentes de Carbajal;Total;De 85 a 89 años;2
24 León;24074 Fuentes de Carbajal;Total;De 90 a 94 años;4
24 León;24074 Fuentes de Carbajal;Total;De 95 a 99 años;2
24 León;24074 Fuentes de Carbajal;Total;100 y más años;0
24 León;24076 Garrafe de Torío;Total;De 65 a 69 años;136
24 León;24076 Garrafe de Torío;Total;De 70 a 74 años;98
24 León;24076 Garrafe de Torío;Total;De 75 a 79 años;86
24 León;24076 Garrafe de Torío;Total;De 80 a 84 años;67
24 León;24076 Garrafe de Torío;Total;De 85 a 89 años;34
24 León;24076 Garrafe de Torío;Total;De 90 a 94 años;27
24 León;24076 Garrafe de Torío;Total;De 95 a 99 años;5
24 León;24076 Garrafe de Torío;Total;100 y más años;1
24 León;24077 Gordaliza del Pino;Total;De 65 a 69 años;14
24 León;24077 Gordaliza del Pino;Total;De 70 a 74 años;12
24 León;24077 Gordaliza del Pino;Total;De 75 a 79 años;18
24 León;24077 Gordaliza del Pino;Total;De 80 a 84 años;21
24 León;24077 Gordaliza del Pino;Total;De 85 a 89 años;11
24 León;24077 Gordaliza del Pino;Total;De 90 a 94 años;12
24 León;24077 Gordaliza del Pino;Total;De 95 a 99 años;3
24 León;24077 Gordaliza del Pino;Total;100 y más años;2
24 León;24078 Gordoncillo;Total;De 65 a 69 años;21
24 León;24078 Gordoncillo;Total;De 70 a 74 años;31
24 León;24078 Gordoncillo;Total;De 75 a 79 años;26
24 León;24078 Gordoncillo;Total;De 80 a 84 años;30
24 León;24078 Gordoncillo;Total;De 85 a 89 años;14
24 León;24078 Gordoncillo;Total;De 90 a 94 años;8
24 León;24078 Gordoncillo;Total;De 95 a 99 años;2
24 León;24078 Gordoncillo;Total;100 y más años;0
24 León;24079 Gradefes;Total;De 65 a 69 años;81
24 León;24079 Gradefes;Total;De 70 a 74 años;84
24 León;24079 Gradefes;Total;De 75 a 79 años;74
24 León;24079 Gradefes;Total;De 80 a 84 años;63
24 León;24079 Gradefes;Total;De 85 a 89 años;44
24 León;24079 Gradefes;Total;De 90 a 94 años;27
24 León;24079 Gradefes;Total;De 95 a 99 años;13
24 León;24079 Gradefes;Total;100 y más años;2
24 León;24080 Grajal de Campos;Total;De 65 a 69 años;18
24 León;24080 Grajal de Campos;Total;De 70 a 74 años;15
24 León;24080 Grajal de Campos;Total;De 75 a 79 años;10
24 León;24080 Grajal de Campos;Total;De 80 a 84 años;10
24 León;24080 Grajal de Campos;Total;De 85 a 89 años;9
24 León;24080 Grajal de Campos;Total;De 90 a 94 años;23
24 León;24080 Grajal de Campos;Total;De 95 a 99 años;3
24 León;24080 Grajal de Campos;Total;100 y más años;1
24 León;24081 Gusendos de los Oteros;Total;De 65 a 69 años;16
24 León;24081 Gusendos de los Oteros;Total;De 70 a 74 años;5
24 León;24081 Gusendos de los Oteros;Total;De 75 a 79 años;7
24 León;24081 Gusendos de los Oteros;Total;De 80 a 84 años;3
24 León;24081 Gusendos de los Oteros;Total;De 85 a 89 años;8
24 León;24081 Gusendos de los Oteros;Total;De 90 a 94 años;6
24 León;24081 Gusendos de los Oteros;Total;De 95 a 99 años;3
24 León;24081 Gusendos de los Oteros;Total;100 y más años;0
24 León;24082 Hospital de Órbigo;Total;De 65 a 69 años;69
24 León;24082 Hospital de Órbigo;Total;De 70 a 74 años;60
24 León;24082 Hospital de Órbigo;Total;De 75 a 79 años;57
24 León;24082 Hospital de Órbigo;Total;De 80 a 84 años;48
24 León;24082 Hospital de Órbigo;Total;De 85 a 89 años;38
24 León;24082 Hospital de Órbigo;Total;De 90 a 94 años;15
24 León;24082 Hospital de Órbigo;Total;De 95 a 99 años;6
24 León;24082 Hospital de Órbigo;Total;100 y más años;0
24 León;24083 Igüeña;Total;De 65 a 69 años;91
24 León;24083 Igüeña;Total;De 70 a 74 años;87
24 León;24083 Igüeña;Total;De 75 a 79 años;63
24 León;24083 Igüeña;Total;De 80 a 84 años;48
24 León;24083 Igüeña;Total;De 85 a 89 años;44
24 León;24083 Igüeña;Total;De 90 a 94 años;19
24 León;24083 Igüeña;Total;De 95 a 99 años;7
24 León;24083 Igüeña;Total;100 y más años;0
24 León;24084 Izagre;Total;De 65 a 69 años;7
24 León;24084 Izagre;Total;De 70 a 74 años;12
24 León;24084 Izagre;Total;De 75 a 79 años;12
24 León;24084 Izagre;Total;De 80 a 84 años;13
24 León;24084 Izagre;Total;De 85 a 89 años;10
24 León;24084 Izagre;Total;De 90 a 94 años;12
24 León;24084 Izagre;Total;De 95 a 99 años;4
24 León;24084 Izagre;Total;100 y más años;0
24 León;24086 Joarilla de las Matas;Total;De 65 a 69 años;22
24 León;24086 Joarilla de las Matas;Total;De 70 a 74 años;21
24 León;24086 Joarilla de las Matas;Total;De 75 a 79 años;24
24 León;24086 Joarilla de las Matas;Total;De 80 a 84 años;10
24 León;24086 Joarilla de las Matas;Total;De 85 a 89 años;19
24 León;24086 Joarilla de las Matas;Total;De 90 a 94 años;13
24 León;24086 Joarilla de las Matas;Total;De 95 a 99 años;4
24 León;24086 Joarilla de las Matas;Total;100 y más años;1
24 León;24087 Laguna Dalga;Total;De 65 a 69 años;51
24 León;24087 Laguna Dalga;Total;De 70 a 74 años;54
24 León;24087 Laguna Dalga;Total;De 75 a 79 años;48
24 León;24087 Laguna Dalga;Total;De 80 a 84 años;39
24 León;24087 Laguna Dalga;Total;De 85 a 89 años;14
24 León;24087 Laguna Dalga;Total;De 90 a 94 años;24
24 León;24087 Laguna Dalga;Total;De 95 a 99 años;6
24 León;24087 Laguna Dalga;Total;100 y más años;2
24 León;24088 Laguna de Negrillos;Total;De 65 a 69 años;95
24 León;24088 Laguna de Negrillos;Total;De 70 a 74 años;76
24 León;24088 Laguna de Negrillos;Total;De 75 a 79 años;89
24 León;24088 Laguna de Negrillos;Total;De 80 a 84 años;76
24 León;24088 Laguna de Negrillos;Total;De 85 a 89 años;50
24 León;24088 Laguna de Negrillos;Total;De 90 a 94 años;33
24 León;24088 Laguna de Negrillos;Total;De 95 a 99 años;5
24 León;24088 Laguna de Negrillos;Total;100 y más años;2
24 León;24089 León;Total;De 65 a 69 años;8.940
24 León;24089 León;Total;De 70 a 74 años;7.631
24 León;24089 León;Total;De 75 a 79 años;7.024
24 León;24089 León;Total;De 80 a 84 años;5.147
24 León;24089 León;Total;De 85 a 89 años;3.700
24 León;24089 León;Total;De 90 a 94 años;2.451
24 León;24089 León;Total;De 95 a 99 años;718
24 León;24089 León;Total;100 y más años;112
24 León;24090 Lucillo;Total;De 65 a 69 años;22
24 León;24090 Lucillo;Total;De 70 a 74 años;24
24 León;24090 Lucillo;Total;De 75 a 79 años;18
24 León;24090 Lucillo;Total;De 80 a 84 años;30
24 León;24090 Lucillo;Total;De 85 a 89 años;21
24 León;24090 Lucillo;Total;De 90 a 94 años;20
24 León;24090 Lucillo;Total;De 95 a 99 años;3
24 León;24090 Lucillo;Total;100 y más años;1
24 León;24091 Luyego;Total;De 65 a 69 años;52
24 León;24091 Luyego;Total;De 70 a 74 años;45
24 León;24091 Luyego;Total;De 75 a 79 años;36
24 León;24091 Luyego;Total;De 80 a 84 años;33
24 León;24091 Luyego;Total;De 85 a 89 años;43
24 León;24091 Luyego;Total;De 90 a 94 años;39
24 León;24091 Luyego;Total;De 95 a 99 años;12
24 León;24091 Luyego;Total;100 y más años;4
24 León;24092 Llamas de la Ribera;Total;De 65 a 69 años;63
24 León;24092 Llamas de la Ribera;Total;De 70 a 74 años;61
24 León;24092 Llamas de la Ribera;Total;De 75 a 79 años;91
24 León;24092 Llamas de la Ribera;Total;De 80 a 84 años;58
24 León;24092 Llamas de la Ribera;Total;De 85 a 89 años;20
24 León;24092 Llamas de la Ribera;Total;De 90 a 94 años;15
24 León;24092 Llamas de la Ribera;Total;De 95 a 99 años;11
24 León;24092 Llamas de la Ribera;Total;100 y más años;2
24 León;24093 Magaz de Cepeda;Total;De 65 a 69 años;31
24 León;24093 Magaz de Cepeda;Total;De 70 a 74 años;28
24 León;24093 Magaz de Cepeda;Total;De 75 a 79 años;23
24 León;24093 Magaz de Cepeda;Total;De 80 a 84 años;29
24 León;24093 Magaz de Cepeda;Total;De 85 a 89 años;20
24 León;24093 Magaz de Cepeda;Total;De 90 a 94 años;21
24 León;24093 Magaz de Cepeda;Total;De 95 a 99 años;3
24 León;24093 Magaz de Cepeda;Total;100 y más años;2
24 León;24094 Mansilla de las Mulas;Total;De 65 a 69 años;125
24 León;24094 Mansilla de las Mulas;Total;De 70 a 74 años;93
24 León;24094 Mansilla de las Mulas;Total;De 75 a 79 años;93
24 León;24094 Mansilla de las Mulas;Total;De 80 a 84 años;68
24 León;24094 Mansilla de las Mulas;Total;De 85 a 89 años;43
24 León;24094 Mansilla de las Mulas;Total;De 90 a 94 años;33
24 León;24094 Mansilla de las Mulas;Total;De 95 a 99 años;9
24 León;24094 Mansilla de las Mulas;Total;100 y más años;2
24 León;24095 Mansilla Mayor;Total;De 65 a 69 años;24
24 León;24095 Mansilla Mayor;Total;De 70 a 74 años;25
24 León;24095 Mansilla Mayor;Total;De 75 a 79 años;17
24 León;24095 Mansilla Mayor;Total;De 80 a 84 años;22
24 León;24095 Mansilla Mayor;Total;De 85 a 89 años;9
24 León;24095 Mansilla Mayor;Total;De 90 a 94 años;11
24 León;24095 Mansilla Mayor;Total;De 95 a 99 años;2
24 León;24095 Mansilla Mayor;Total;100 y más años;0
24 León;24096 Maraña;Total;De 65 a 69 años;10
24 León;24096 Maraña;Total;De 70 a 74 años;7
24 León;24096 Maraña;Total;De 75 a 79 años;3
24 León;24096 Maraña;Total;De 80 a 84 años;6
24 León;24096 Maraña;Total;De 85 a 89 años;6
24 León;24096 Maraña;Total;De 90 a 94 años;4
24 León;24096 Maraña;Total;De 95 a 99 años;1
24 León;24096 Maraña;Total;100 y más años;0
24 León;24097 Matadeón de los Oteros;Total;De 65 a 69 años;17
24 León;24097 Matadeón de los Oteros;Total;De 70 a 74 años;7
24 León;24097 Matadeón de los Oteros;Total;De 75 a 79 años;16
24 León;24097 Matadeón de los Oteros;Total;De 80 a 84 años;15
24 León;24097 Matadeón de los Oteros;Total;De 85 a 89 años;6
24 León;24097 Matadeón de los Oteros;Total;De 90 a 94 años;9
24 León;24097 Matadeón de los Oteros;Total;De 95 a 99 años;3
24 León;24097 Matadeón de los Oteros;Total;100 y más años;0
24 León;24098 Matallana de Torío;Total;De 65 a 69 años;137
24 León;24098 Matallana de Torío;Total;De 70 a 74 años;83
24 León;24098 Matallana de Torío;Total;De 75 a 79 años;75
24 León;24098 Matallana de Torío;Total;De 80 a 84 años;51
24 León;24098 Matallana de Torío;Total;De 85 a 89 años;29
24 León;24098 Matallana de Torío;Total;De 90 a 94 años;26
24 León;24098 Matallana de Torío;Total;De 95 a 99 años;12
24 León;24098 Matallana de Torío;Total;100 y más años;1
24 León;24099 Matanza;Total;De 65 a 69 años;13
24 León;24099 Matanza;Total;De 70 a 74 años;9
24 León;24099 Matanza;Total;De 75 a 79 años;14
24 León;24099 Matanza;Total;De 80 a 84 años;11
24 León;24099 Matanza;Total;De 85 a 89 años;5
24 León;24099 Matanza;Total;De 90 a 94 años;7
24 León;24099 Matanza;Total;De 95 a 99 años;3
24 León;24099 Matanza;Total;100 y más años;0
24 León;24100 Molinaseca;Total;De 65 a 69 años;83
24 León;24100 Molinaseca;Total;De 70 a 74 años;49
24 León;24100 Molinaseca;Total;De 75 a 79 años;29
24 León;24100 Molinaseca;Total;De 80 a 84 años;32
24 León;24100 Molinaseca;Total;De 85 a 89 años;22
24 León;24100 Molinaseca;Total;De 90 a 94 años;7
24 León;24100 Molinaseca;Total;De 95 a 99 años;3
24 León;24100 Molinaseca;Total;100 y más años;0
24 León;24101 Murias de Paredes;Total;De 65 a 69 años;37
24 León;24101 Murias de Paredes;Total;De 70 a 74 años;33
24 León;24101 Murias de Paredes;Total;De 75 a 79 años;24
24 León;24101 Murias de Paredes;Total;De 80 a 84 años;14
24 León;24101 Murias de Paredes;Total;De 85 a 89 años;16
24 León;24101 Murias de Paredes;Total;De 90 a 94 años;17
24 León;24101 Murias de Paredes;Total;De 95 a 99 años;4
24 León;24101 Murias de Paredes;Total;100 y más años;0
24 León;24102 Noceda del Bierzo;Total;De 65 a 69 años;71
24 León;24102 Noceda del Bierzo;Total;De 70 a 74 años;40
24 León;24102 Noceda del Bierzo;Total;De 75 a 79 años;41
24 León;24102 Noceda del Bierzo;Total;De 80 a 84 años;27
24 León;24102 Noceda del Bierzo;Total;De 85 a 89 años;32
24 León;24102 Noceda del Bierzo;Total;De 90 a 94 años;22
24 León;24102 Noceda del Bierzo;Total;De 95 a 99 años;3
24 León;24102 Noceda del Bierzo;Total;100 y más años;1
24 León;24103 Oencia;Total;De 65 a 69 años;24
24 León;24103 Oencia;Total;De 70 a 74 años;22
24 León;24103 Oencia;Total;De 75 a 79 años;27
24 León;24103 Oencia;Total;De 80 a 84 años;21
24 León;24103 Oencia;Total;De 85 a 89 años;9
24 León;24103 Oencia;Total;De 90 a 94 años;6
24 León;24103 Oencia;Total;De 95 a 99 años;7
24 León;24103 Oencia;Total;100 y más años;0
24 León;24104 Omañas, Las;Total;De 65 a 69 años;20
24 León;24104 Omañas, Las;Total;De 70 a 74 años;24
24 León;24104 Omañas, Las;Total;De 75 a 79 años;27
24 León;24104 Omañas, Las;Total;De 80 a 84 años;27
24 León;24104 Omañas, Las;Total;De 85 a 89 años;9
24 León;24104 Omañas, Las;Total;De 90 a 94 años;12
24 León;24104 Omañas, Las;Total;De 95 a 99 años;4
24 León;24104 Omañas, Las;Total;100 y más años;0
24 León;24105 Onzonilla;Total;De 65 a 69 años;131
24 León;24105 Onzonilla;Total;De 70 a 74 años;103
24 León;24105 Onzonilla;Total;De 75 a 79 años;61
24 León;24105 Onzonilla;Total;De 80 a 84 años;64
24 León;24105 Onzonilla;Total;De 85 a 89 años;59
24 León;24105 Onzonilla;Total;De 90 a 94 años;29
24 León;24105 Onzonilla;Total;De 95 a 99 años;10
24 León;24105 Onzonilla;Total;100 y más años;1
24 León;24106 Oseja de Sajambre;Total;De 65 a 69 años;18
24 León;24106 Oseja de Sajambre;Total;De 70 a 74 años;15
24 León;24106 Oseja de Sajambre;Total;De 75 a 79 años;11
24 León;24106 Oseja de Sajambre;Total;De 80 a 84 años;12
24 León;24106 Oseja de Sajambre;Total;De 85 a 89 años;11
24 León;24106 Oseja de Sajambre;Total;De 90 a 94 años;3
24 León;24106 Oseja de Sajambre;Total;De 95 a 99 años;3
24 León;24106 Oseja de Sajambre;Total;100 y más años;0
24 León;24107 Pajares de los Oteros;Total;De 65 a 69 años;21
24 León;24107 Pajares de los Oteros;Total;De 70 a 74 años;27
24 León;24107 Pajares de los Oteros;Total;De 75 a 79 años;16
24 León;24107 Pajares de los Oteros;Total;De 80 a 84 años;12
24 León;24107 Pajares de los Oteros;Total;De 85 a 89 años;14
24 León;24107 Pajares de los Oteros;Total;De 90 a 94 años;9
24 León;24107 Pajares de los Oteros;Total;De 95 a 99 años;3
24 León;24107 Pajares de los Oteros;Total;100 y más años;0
24 León;24108 Palacios de la Valduerna;Total;De 65 a 69 años;32
24 León;24108 Palacios de la Valduerna;Total;De 70 a 74 años;30
24 León;24108 Palacios de la Valduerna;Total;De 75 a 79 años;25
24 León;24108 Palacios de la Valduerna;Total;De 80 a 84 años;29
24 León;24108 Palacios de la Valduerna;Total;De 85 a 89 años;10
24 León;24108 Palacios de la Valduerna;Total;De 90 a 94 años;12
24 León;24108 Palacios de la Valduerna;Total;De 95 a 99 años;5
24 León;24108 Palacios de la Valduerna;Total;100 y más años;1
24 León;24109 Palacios del Sil;Total;De 65 a 69 años;101
24 León;24109 Palacios del Sil;Total;De 70 a 74 años;85
24 León;24109 Palacios del Sil;Total;De 75 a 79 años;56
24 León;24109 Palacios del Sil;Total;De 80 a 84 años;29
24 León;24109 Palacios del Sil;Total;De 85 a 89 años;31
24 León;24109 Palacios del Sil;Total;De 90 a 94 años;21
24 León;24109 Palacios del Sil;Total;De 95 a 99 años;5
24 León;24109 Palacios del Sil;Total;100 y más años;0
24 León;24110 Páramo del Sil;Total;De 65 a 69 años;131
24 León;24110 Páramo del Sil;Total;De 70 a 74 años;81
24 León;24110 Páramo del Sil;Total;De 75 a 79 años;66
24 León;24110 Páramo del Sil;Total;De 80 a 84 años;58
24 León;24110 Páramo del Sil;Total;De 85 a 89 años;49
24 León;24110 Páramo del Sil;Total;De 90 a 94 años;30
24 León;24110 Páramo del Sil;Total;De 95 a 99 años;7
24 León;24110 Páramo del Sil;Total;100 y más años;1
24 León;24112 Peranzanes;Total;De 65 a 69 años;28
24 León;24112 Peranzanes;Total;De 70 a 74 años;19
24 León;24112 Peranzanes;Total;De 75 a 79 años;24
24 León;24112 Peranzanes;Total;De 80 a 84 años;26
24 León;24112 Peranzanes;Total;De 85 a 89 años;11
24 León;24112 Peranzanes;Total;De 90 a 94 años;9
24 León;24112 Peranzanes;Total;De 95 a 99 años;4
24 León;24112 Peranzanes;Total;100 y más años;0
24 León;24113 Pobladura de Pelayo García;Total;De 65 a 69 años;32
24 León;24113 Pobladura de Pelayo García;Total;De 70 a 74 años;21
24 León;24113 Pobladura de Pelayo García;Total;De 75 a 79 años;31
24 León;24113 Pobladura de Pelayo García;Total;De 80 a 84 años;43
24 León;24113 Pobladura de Pelayo García;Total;De 85 a 89 años;32
24 León;24113 Pobladura de Pelayo García;Total;De 90 a 94 años;12
24 León;24113 Pobladura de Pelayo García;Total;De 95 a 99 años;3
24 León;24113 Pobladura de Pelayo García;Total;100 y más años;0
24 León;24114 Pola de Gordón, La;Total;De 65 a 69 años;286
24 León;24114 Pola de Gordón, La;Total;De 70 a 74 años;237
24 León;24114 Pola de Gordón, La;Total;De 75 a 79 años;175
24 León;24114 Pola de Gordón, La;Total;De 80 a 84 años;148
24 León;24114 Pola de Gordón, La;Total;De 85 a 89 años;144
24 León;24114 Pola de Gordón, La;Total;De 90 a 94 años;95
24 León;24114 Pola de Gordón, La;Total;De 95 a 99 años;39
24 León;24114 Pola de Gordón, La;Total;100 y más años;5
24 León;24115 Ponferrada;Total;De 65 a 69 años;4.811
24 León;24115 Ponferrada;Total;De 70 a 74 años;3.602
24 León;24115 Ponferrada;Total;De 75 a 79 años;3.056
24 León;24115 Ponferrada;Total;De 80 a 84 años;2.432
24 León;24115 Ponferrada;Total;De 85 a 89 años;1.782
24 León;24115 Ponferrada;Total;De 90 a 94 años;1.131
24 León;24115 Ponferrada;Total;De 95 a 99 años;295
24 León;24115 Ponferrada;Total;100 y más años;31
24 León;24116 Posada de Valdeón;Total;De 65 a 69 años;40
24 León;24116 Posada de Valdeón;Total;De 70 a 74 años;34
24 León;24116 Posada de Valdeón;Total;De 75 a 79 años;31
24 León;24116 Posada de Valdeón;Total;De 80 a 84 años;28
24 León;24116 Posada de Valdeón;Total;De 85 a 89 años;16
24 León;24116 Posada de Valdeón;Total;De 90 a 94 años;17
24 León;24116 Posada de Valdeón;Total;De 95 a 99 años;4
24 León;24116 Posada de Valdeón;Total;100 y más años;0
24 León;24117 Pozuelo del Páramo;Total;De 65 a 69 años;46
24 León;24117 Pozuelo del Páramo;Total;De 70 a 74 años;46
24 León;24117 Pozuelo del Páramo;Total;De 75 a 79 años;25
24 León;24117 Pozuelo del Páramo;Total;De 80 a 84 años;33
24 León;24117 Pozuelo del Páramo;Total;De 85 a 89 años;13
24 León;24117 Pozuelo del Páramo;Total;De 90 a 94 años;18
24 León;24117 Pozuelo del Páramo;Total;De 95 a 99 años;2
24 León;24117 Pozuelo del Páramo;Total;100 y más años;0
24 León;24118 Prado de la Guzpeña;Total;De 65 a 69 años;17
24 León;24118 Prado de la Guzpeña;Total;De 70 a 74 años;3
24 León;24118 Prado de la Guzpeña;Total;De 75 a 79 años;4
24 León;24118 Prado de la Guzpeña;Total;De 80 a 84 años;6
24 León;24118 Prado de la Guzpeña;Total;De 85 a 89 años;5
24 León;24118 Prado de la Guzpeña;Total;De 90 a 94 años;3
24 León;24118 Prado de la Guzpeña;Total;De 95 a 99 años;3
24 León;24118 Prado de la Guzpeña;Total;100 y más años;0
24 León;24119 Priaranza del Bierzo;Total;De 65 a 69 años;66
24 León;24119 Priaranza del Bierzo;Total;De 70 a 74 años;61
24 León;24119 Priaranza del Bierzo;Total;De 75 a 79 años;45
24 León;24119 Priaranza del Bierzo;Total;De 80 a 84 años;33
24 León;24119 Priaranza del Bierzo;Total;De 85 a 89 años;35
24 León;24119 Priaranza del Bierzo;Total;De 90 a 94 años;24
24 León;24119 Priaranza del Bierzo;Total;De 95 a 99 años;7
24 León;24119 Priaranza del Bierzo;Total;100 y más años;0
24 León;24120 Prioro;Total;De 65 a 69 años;30
24 León;24120 Prioro;Total;De 70 a 74 años;27
24 León;24120 Prioro;Total;De 75 a 79 años;18
24 León;24120 Prioro;Total;De 80 a 84 años;7
24 León;24120 Prioro;Total;De 85 a 89 años;8
24 León;24120 Prioro;Total;De 90 a 94 años;12
24 León;24120 Prioro;Total;De 95 a 99 años;3
24 León;24120 Prioro;Total;100 y más años;1
24 León;24121 Puebla de Lillo;Total;De 65 a 69 años;47
24 León;24121 Puebla de Lillo;Total;De 70 a 74 años;45
24 León;24121 Puebla de Lillo;Total;De 75 a 79 años;41
24 León;24121 Puebla de Lillo;Total;De 80 a 84 años;32
24 León;24121 Puebla de Lillo;Total;De 85 a 89 años;22
24 León;24121 Puebla de Lillo;Total;De 90 a 94 años;8
24 León;24121 Puebla de Lillo;Total;De 95 a 99 años;5
24 León;24121 Puebla de Lillo;Total;100 y más años;0
24 León;24122 Puente de Domingo Flórez;Total;De 65 a 69 años;118
24 León;24122 Puente de Domingo Flórez;Total;De 70 a 74 años;97
24 León;24122 Puente de Domingo Flórez;Total;De 75 a 79 años;67
24 León;24122 Puente de Domingo Flórez;Total;De 80 a 84 años;73
24 León;24122 Puente de Domingo Flórez;Total;De 85 a 89 años;55
24 León;24122 Puente de Domingo Flórez;Total;De 90 a 94 años;23
24 León;24122 Puente de Domingo Flórez;Total;De 95 a 99 años;10
24 León;24122 Puente de Domingo Flórez;Total;100 y más años;0
24 León;24123 Quintana del Castillo;Total;De 65 a 69 años;69
24 León;24123 Quintana del Castillo;Total;De 70 a 74 años;74
24 León;24123 Quintana del Castillo;Total;De 75 a 79 años;43
24 León;24123 Quintana del Castillo;Total;De 80 a 84 años;53
24 León;24123 Quintana del Castillo;Total;De 85 a 89 años;39
24 León;24123 Quintana del Castillo;Total;De 90 a 94 años;31
24 León;24123 Quintana del Castillo;Total;De 95 a 99 años;8
24 León;24123 Quintana del Castillo;Total;100 y más años;1
24 León;24124 Quintana del Marco;Total;De 65 a 69 años;24
24 León;24124 Quintana del Marco;Total;De 70 a 74 años;35
24 León;24124 Quintana del Marco;Total;De 75 a 79 años;29
24 León;24124 Quintana del Marco;Total;De 80 a 84 años;23
24 León;24124 Quintana del Marco;Total;De 85 a 89 años;27
24 León;24124 Quintana del Marco;Total;De 90 a 94 años;17
24 León;24124 Quintana del Marco;Total;De 95 a 99 años;5
24 León;24124 Quintana del Marco;Total;100 y más años;0
24 León;24125 Quintana y Congosto;Total;De 65 a 69 años;32
24 León;24125 Quintana y Congosto;Total;De 70 a 74 años;32
24 León;24125 Quintana y Congosto;Total;De 75 a 79 años;47
24 León;24125 Quintana y Congosto;Total;De 80 a 84 años;31
24 León;24125 Quintana y Congosto;Total;De 85 a 89 años;30
24 León;24125 Quintana y Congosto;Total;De 90 a 94 años;9
24 León;24125 Quintana y Congosto;Total;De 95 a 99 años;8
24 León;24125 Quintana y Congosto;Total;100 y más años;0
24 León;24127 Regueras de Arriba;Total;De 65 a 69 años;24
24 León;24127 Regueras de Arriba;Total;De 70 a 74 años;16
24 León;24127 Regueras de Arriba;Total;De 75 a 79 años;13
24 León;24127 Regueras de Arriba;Total;De 80 a 84 años;25
24 León;24127 Regueras de Arriba;Total;De 85 a 89 años;18
24 León;24127 Regueras de Arriba;Total;De 90 a 94 años;15
24 León;24127 Regueras de Arriba;Total;De 95 a 99 años;2
24 León;24127 Regueras de Arriba;Total;100 y más años;0
24 León;24129 Reyero;Total;De 65 a 69 años;9
24 León;24129 Reyero;Total;De 70 a 74 años;8
24 León;24129 Reyero;Total;De 75 a 79 años;13
24 León;24129 Reyero;Total;De 80 a 84 años;6
24 León;24129 Reyero;Total;De 85 a 89 años;6
24 León;24129 Reyero;Total;De 90 a 94 años;2
24 León;24129 Reyero;Total;De 95 a 99 años;1
24 León;24129 Reyero;Total;100 y más años;0
24 León;24130 Riaño;Total;De 65 a 69 años;40
24 León;24130 Riaño;Total;De 70 a 74 años;32
24 León;24130 Riaño;Total;De 75 a 79 años;30
24 León;24130 Riaño;Total;De 80 a 84 años;18
24 León;24130 Riaño;Total;De 85 a 89 años;15
24 León;24130 Riaño;Total;De 90 a 94 años;6
24 León;24130 Riaño;Total;De 95 a 99 años;3
24 León;24130 Riaño;Total;100 y más años;0
24 León;24131 Riego de la Vega;Total;De 65 a 69 años;69
24 León;24131 Riego de la Vega;Total;De 70 a 74 años;49
24 León;24131 Riego de la Vega;Total;De 75 a 79 años;46
24 León;24131 Riego de la Vega;Total;De 80 a 84 años;44
24 León;24131 Riego de la Vega;Total;De 85 a 89 años;36
24 León;24131 Riego de la Vega;Total;De 90 a 94 años;31
24 León;24131 Riego de la Vega;Total;De 95 a 99 años;7
24 León;24131 Riego de la Vega;Total;100 y más años;0
24 León;24132 Riello;Total;De 65 a 69 años;66
24 León;24132 Riello;Total;De 70 a 74 años;58
24 León;24132 Riello;Total;De 75 a 79 años;47
24 León;24132 Riello;Total;De 80 a 84 años;36
24 León;24132 Riello;Total;De 85 a 89 años;18
24 León;24132 Riello;Total;De 90 a 94 años;23
24 León;24132 Riello;Total;De 95 a 99 años;12
24 León;24132 Riello;Total;100 y más años;4
24 León;24133 Rioseco de Tapia;Total;De 65 a 69 años;34
24 León;24133 Rioseco de Tapia;Total;De 70 a 74 años;41
24 León;24133 Rioseco de Tapia;Total;De 75 a 79 años;39
24 León;24133 Rioseco de Tapia;Total;De 80 a 84 años;19
24 León;24133 Rioseco de Tapia;Total;De 85 a 89 años;15
24 León;24133 Rioseco de Tapia;Total;De 90 a 94 años;16
24 León;24133 Rioseco de Tapia;Total;De 95 a 99 años;3
24 León;24133 Rioseco de Tapia;Total;100 y más años;0
24 León;24134 Robla, La;Total;De 65 a 69 años;335
24 León;24134 Robla, La;Total;De 70 a 74 años;215
24 León;24134 Robla, La;Total;De 75 a 79 años;190
24 León;24134 Robla, La;Total;De 80 a 84 años;122
24 León;24134 Robla, La;Total;De 85 a 89 años;109
24 León;24134 Robla, La;Total;De 90 a 94 años;99
24 León;24134 Robla, La;Total;De 95 a 99 años;31
24 León;24134 Robla, La;Total;100 y más años;4
24 León;24136 Roperuelos del Páramo;Total;De 65 a 69 años;32
24 León;24136 Roperuelos del Páramo;Total;De 70 a 74 años;37
24 León;24136 Roperuelos del Páramo;Total;De 75 a 79 años;41
24 León;24136 Roperuelos del Páramo;Total;De 80 a 84 años;56
24 León;24136 Roperuelos del Páramo;Total;De 85 a 89 años;34
24 León;24136 Roperuelos del Páramo;Total;De 90 a 94 años;25
24 León;24136 Roperuelos del Páramo;Total;De 95 a 99 años;4
24 León;24136 Roperuelos del Páramo;Total;100 y más años;2
24 León;24137 Sabero;Total;De 65 a 69 años;115
24 León;24137 Sabero;Total;De 70 a 74 años;90
24 León;24137 Sabero;Total;De 75 a 79 años;46
24 León;24137 Sabero;Total;De 80 a 84 años;41
24 León;24137 Sabero;Total;De 85 a 89 años;42
24 León;24137 Sabero;Total;De 90 a 94 años;30
24 León;24137 Sabero;Total;De 95 a 99 años;8
24 León;24137 Sabero;Total;100 y más años;1
24 León;24139 Sahagún;Total;De 65 a 69 años;205
24 León;24139 Sahagún;Total;De 70 a 74 años;153
24 León;24139 Sahagún;Total;De 75 a 79 años;137
24 León;24139 Sahagún;Total;De 80 a 84 años;107
24 León;24139 Sahagún;Total;De 85 a 89 años;90
24 León;24139 Sahagún;Total;De 90 a 94 años;81
24 León;24139 Sahagún;Total;De 95 a 99 años;23
24 León;24139 Sahagún;Total;100 y más años;7
24 León;24141 San Adrián del Valle;Total;De 65 a 69 años;8
24 León;24141 San Adrián del Valle;Total;De 70 a 74 años;7
24 León;24141 San Adrián del Valle;Total;De 75 a 79 años;4
24 León;24141 San Adrián del Valle;Total;De 80 a 84 años;6
24 León;24141 San Adrián del Valle;Total;De 85 a 89 años;4
24 León;24141 San Adrián del Valle;Total;De 90 a 94 años;3
24 León;24141 San Adrián del Valle;Total;De 95 a 99 años;2
24 León;24141 San Adrián del Valle;Total;100 y más años;0
24 León;24142 San Andrés del Rabanedo;Total;De 65 a 69 años;1.970
24 León;24142 San Andrés del Rabanedo;Total;De 70 a 74 años;1.491
24 León;24142 San Andrés del Rabanedo;Total;De 75 a 79 años;1.135
24 León;24142 San Andrés del Rabanedo;Total;De 80 a 84 años;819
24 León;24142 San Andrés del Rabanedo;Total;De 85 a 89 años;642
24 León;24142 San Andrés del Rabanedo;Total;De 90 a 94 años;394
24 León;24142 San Andrés del Rabanedo;Total;De 95 a 99 años;97
24 León;24142 San Andrés del Rabanedo;Total;100 y más años;12
24 León;24143 Sancedo;Total;De 65 a 69 años;45
24 León;24143 Sancedo;Total;De 70 a 74 años;38
24 León;24143 Sancedo;Total;De 75 a 79 años;32
24 León;24143 Sancedo;Total;De 80 a 84 años;28
24 León;24143 Sancedo;Total;De 85 a 89 años;21
24 León;24143 Sancedo;Total;De 90 a 94 años;13
24 León;24143 Sancedo;Total;De 95 a 99 años;3
24 León;24143 Sancedo;Total;100 y más años;0
24 León;24144 San Cristóbal de la Polantera;Total;De 65 a 69 años;55
24 León;24144 San Cristóbal de la Polantera;Total;De 70 a 74 años;46
24 León;24144 San Cristóbal de la Polantera;Total;De 75 a 79 años;49
24 León;24144 San Cristóbal de la Polantera;Total;De 80 a 84 años;47
24 León;24144 San Cristóbal de la Polantera;Total;De 85 a 89 años;19
24 León;24144 San Cristóbal de la Polantera;Total;De 90 a 94 años;19
24 León;24144 San Cristóbal de la Polantera;Total;De 95 a 99 años;5
24 León;24144 San Cristóbal de la Polantera;Total;100 y más años;0
24 León;24145 San Emiliano;Total;De 65 a 69 años;45
24 León;24145 San Emiliano;Total;De 70 a 74 años;46
24 León;24145 San Emiliano;Total;De 75 a 79 años;54
24 León;24145 San Emiliano;Total;De 80 a 84 años;38
24 León;24145 San Emiliano;Total;De 85 a 89 años;26
24 León;24145 San Emiliano;Total;De 90 a 94 años;15
24 León;24145 San Emiliano;Total;De 95 a 99 años;5
24 León;24145 San Emiliano;Total;100 y más años;1
24 León;24146 San Esteban de Nogales;Total;De 65 a 69 años;28
24 León;24146 San Esteban de Nogales;Total;De 70 a 74 años;19
24 León;24146 San Esteban de Nogales;Total;De 75 a 79 años;21
24 León;24146 San Esteban de Nogales;Total;De 80 a 84 años;19
24 León;24146 San Esteban de Nogales;Total;De 85 a 89 años;19
24 León;24146 San Esteban de Nogales;Total;De 90 a 94 años;15
24 León;24146 San Esteban de Nogales;Total;De 95 a 99 años;4
24 León;24146 San Esteban de Nogales;Total;100 y más años;0
24 León;24148 San Justo de la Vega;Total;De 65 a 69 años;123
24 León;24148 San Justo de la Vega;Total;De 70 a 74 años;112
24 León;24148 San Justo de la Vega;Total;De 75 a 79 años;101
24 León;24148 San Justo de la Vega;Total;De 80 a 84 años;111
24 León;24148 San Justo de la Vega;Total;De 85 a 89 años;58
24 León;24148 San Justo de la Vega;Total;De 90 a 94 años;41
24 León;24148 San Justo de la Vega;Total;De 95 a 99 años;17
24 León;24148 San Justo de la Vega;Total;100 y más años;1
24 León;24149 San Millán de los Caballeros;Total;De 65 a 69 años;19
24 León;24149 San Millán de los Caballeros;Total;De 70 a 74 años;6
24 León;24149 San Millán de los Caballeros;Total;De 75 a 79 años;7
24 León;24149 San Millán de los Caballeros;Total;De 80 a 84 años;9
24 León;24149 San Millán de los Caballeros;Total;De 85 a 89 años;6
24 León;24149 San Millán de los Caballeros;Total;De 90 a 94 años;7
24 León;24149 San Millán de los Caballeros;Total;De 95 a 99 años;1
24 León;24149 San Millán de los Caballeros;Total;100 y más años;0
24 León;24150 San Pedro Bercianos;Total;De 65 a 69 años;18
24 León;24150 San Pedro Bercianos;Total;De 70 a 74 años;14
24 León;24150 San Pedro Bercianos;Total;De 75 a 79 años;17
24 León;24150 San Pedro Bercianos;Total;De 80 a 84 años;15
24 León;24150 San Pedro Bercianos;Total;De 85 a 89 años;19
24 León;24150 San Pedro Bercianos;Total;De 90 a 94 años;9
24 León;24150 San Pedro Bercianos;Total;De 95 a 99 años;1
24 León;24150 San Pedro Bercianos;Total;100 y más años;0
24 León;24151 Santa Colomba de Curueño;Total;De 65 a 69 años;49
24 León;24151 Santa Colomba de Curueño;Total;De 70 a 74 años;42
24 León;24151 Santa Colomba de Curueño;Total;De 75 a 79 años;34
24 León;24151 Santa Colomba de Curueño;Total;De 80 a 84 años;27
24 León;24151 Santa Colomba de Curueño;Total;De 85 a 89 años;28
24 León;24151 Santa Colomba de Curueño;Total;De 90 a 94 años;13
24 León;24151 Santa Colomba de Curueño;Total;De 95 a 99 años;7
24 León;24151 Santa Colomba de Curueño;Total;100 y más años;1
24 León;24152 Santa Colomba de Somoza;Total;De 65 a 69 años;39
24 León;24152 Santa Colomba de Somoza;Total;De 70 a 74 años;43
24 León;24152 Santa Colomba de Somoza;Total;De 75 a 79 años;28
24 León;24152 Santa Colomba de Somoza;Total;De 80 a 84 años;15
24 León;24152 Santa Colomba de Somoza;Total;De 85 a 89 años;27
24 León;24152 Santa Colomba de Somoza;Total;De 90 a 94 años;15
24 León;24152 Santa Colomba de Somoza;Total;De 95 a 99 años;8
24 León;24152 Santa Colomba de Somoza;Total;100 y más años;0
24 León;24153 Santa Cristina de Valmadrigal;Total;De 65 a 69 años;15
24 León;24153 Santa Cristina de Valmadrigal;Total;De 70 a 74 años;27
24 León;24153 Santa Cristina de Valmadrigal;Total;De 75 a 79 años;18
24 León;24153 Santa Cristina de Valmadrigal;Total;De 80 a 84 años;12
24 León;24153 Santa Cristina de Valmadrigal;Total;De 85 a 89 años;15
24 León;24153 Santa Cristina de Valmadrigal;Total;De 90 a 94 años;9
24 León;24153 Santa Cristina de Valmadrigal;Total;De 95 a 99 años;1
24 León;24153 Santa Cristina de Valmadrigal;Total;100 y más años;0
24 León;24154 Santa Elena de Jamuz;Total;De 65 a 69 años;89
24 León;24154 Santa Elena de Jamuz;Total;De 70 a 74 años;92
24 León;24154 Santa Elena de Jamuz;Total;De 75 a 79 años;78
24 León;24154 Santa Elena de Jamuz;Total;De 80 a 84 años;47
24 León;24154 Santa Elena de Jamuz;Total;De 85 a 89 años;36
24 León;24154 Santa Elena de Jamuz;Total;De 90 a 94 años;29
24 León;24154 Santa Elena de Jamuz;Total;De 95 a 99 años;9
24 León;24154 Santa Elena de Jamuz;Total;100 y más años;0
24 León;24155 Santa María de la Isla;Total;De 65 a 69 años;29
24 León;24155 Santa María de la Isla;Total;De 70 a 74 años;39
24 León;24155 Santa María de la Isla;Total;De 75 a 79 años;30
24 León;24155 Santa María de la Isla;Total;De 80 a 84 años;47
24 León;24155 Santa María de la Isla;Total;De 85 a 89 años;31
24 León;24155 Santa María de la Isla;Total;De 90 a 94 años;23
24 León;24155 Santa María de la Isla;Total;De 95 a 99 años;4
24 León;24155 Santa María de la Isla;Total;100 y más años;0
24 León;24156 Santa María del Monte de Cea;Total;De 65 a 69 años;18
24 León;24156 Santa María del Monte de Cea;Total;De 70 a 74 años;16
24 León;24156 Santa María del Monte de Cea;Total;De 75 a 79 años;7
24 León;24156 Santa María del Monte de Cea;Total;De 80 a 84 años;17
24 León;24156 Santa María del Monte de Cea;Total;De 85 a 89 años;21
24 León;24156 Santa María del Monte de Cea;Total;De 90 a 94 años;17
24 León;24156 Santa María del Monte de Cea;Total;De 95 a 99 años;3
24 León;24156 Santa María del Monte de Cea;Total;100 y más años;0
24 León;24157 Santa María del Páramo;Total;De 65 a 69 años;223
24 León;24157 Santa María del Páramo;Total;De 70 a 74 años;197
24 León;24157 Santa María del Páramo;Total;De 75 a 79 años;153
24 León;24157 Santa María del Páramo;Total;De 80 a 84 años;130
24 León;24157 Santa María del Páramo;Total;De 85 a 89 años;89
24 León;24157 Santa María del Páramo;Total;De 90 a 94 años;54
24 León;24157 Santa María del Páramo;Total;De 95 a 99 años;14
24 León;24157 Santa María del Páramo;Total;100 y más años;4
24 León;24158 Santa María de Ordás;Total;De 65 a 69 años;31
24 León;24158 Santa María de Ordás;Total;De 70 a 74 años;26
24 León;24158 Santa María de Ordás;Total;De 75 a 79 años;22
24 León;24158 Santa María de Ordás;Total;De 80 a 84 años;19
24 León;24158 Santa María de Ordás;Total;De 85 a 89 años;12
24 León;24158 Santa María de Ordás;Total;De 90 a 94 años;10
24 León;24158 Santa María de Ordás;Total;De 95 a 99 años;5
24 León;24158 Santa María de Ordás;Total;100 y más años;2
24 León;24159 Santa Marina del Rey;Total;De 65 a 69 años;138
24 León;24159 Santa Marina del Rey;Total;De 70 a 74 años;115
24 León;24159 Santa Marina del Rey;Total;De 75 a 79 años;131
24 León;24159 Santa Marina del Rey;Total;De 80 a 84 años;147
24 León;24159 Santa Marina del Rey;Total;De 85 a 89 años;80
24 León;24159 Santa Marina del Rey;Total;De 90 a 94 años;64
24 León;24159 Santa Marina del Rey;Total;De 95 a 99 años;17
24 León;24159 Santa Marina del Rey;Total;100 y más años;2
24 León;24160 Santas Martas;Total;De 65 a 69 años;75
24 León;24160 Santas Martas;Total;De 70 a 74 años;53
24 León;24160 Santas Martas;Total;De 75 a 79 años;35
24 León;24160 Santas Martas;Total;De 80 a 84 años;24
24 León;24160 Santas Martas;Total;De 85 a 89 años;30
24 León;24160 Santas Martas;Total;De 90 a 94 años;16
24 León;24160 Santas Martas;Total;De 95 a 99 años;10
24 León;24160 Santas Martas;Total;100 y más años;1
24 León;24161 Santiago Millas;Total;De 65 a 69 años;33
24 León;24161 Santiago Millas;Total;De 70 a 74 años;16
24 León;24161 Santiago Millas;Total;De 75 a 79 años;22
24 León;24161 Santiago Millas;Total;De 80 a 84 años;12
24 León;24161 Santiago Millas;Total;De 85 a 89 años;11
24 León;24161 Santiago Millas;Total;De 90 a 94 años;7
24 León;24161 Santiago Millas;Total;De 95 a 99 años;1
24 León;24161 Santiago Millas;Total;100 y más años;1
24 León;24162 Santovenia de la Valdoncina;Total;De 65 a 69 años;142
24 León;24162 Santovenia de la Valdoncina;Total;De 70 a 74 años;93
24 León;24162 Santovenia de la Valdoncina;Total;De 75 a 79 años;90
24 León;24162 Santovenia de la Valdoncina;Total;De 80 a 84 años;68
24 León;24162 Santovenia de la Valdoncina;Total;De 85 a 89 años;47
24 León;24162 Santovenia de la Valdoncina;Total;De 90 a 94 años;32
24 León;24162 Santovenia de la Valdoncina;Total;De 95 a 99 años;10
24 León;24162 Santovenia de la Valdoncina;Total;100 y más años;1
24 León;24163 Sariegos;Total;De 65 a 69 años;391
24 León;24163 Sariegos;Total;De 70 a 74 años;260
24 León;24163 Sariegos;Total;De 75 a 79 años;212
24 León;24163 Sariegos;Total;De 80 a 84 años;123
24 León;24163 Sariegos;Total;De 85 a 89 años;84
24 León;24163 Sariegos;Total;De 90 a 94 años;65
24 León;24163 Sariegos;Total;De 95 a 99 años;23
24 León;24163 Sariegos;Total;100 y más años;3
24 León;24164 Sena de Luna;Total;De 65 a 69 años;43
24 León;24164 Sena de Luna;Total;De 70 a 74 años;28
24 León;24164 Sena de Luna;Total;De 75 a 79 años;25
24 León;24164 Sena de Luna;Total;De 80 a 84 años;18
24 León;24164 Sena de Luna;Total;De 85 a 89 años;6
24 León;24164 Sena de Luna;Total;De 90 a 94 años;11
24 León;24164 Sena de Luna;Total;De 95 a 99 años;2
24 León;24164 Sena de Luna;Total;100 y más años;2
24 León;24165 Sobrado;Total;De 65 a 69 años;21
24 León;24165 Sobrado;Total;De 70 a 74 años;26
24 León;24165 Sobrado;Total;De 75 a 79 años;19
24 León;24165 Sobrado;Total;De 80 a 84 años;28
24 León;24165 Sobrado;Total;De 85 a 89 años;23
24 León;24165 Sobrado;Total;De 90 a 94 años;13
24 León;24165 Sobrado;Total;De 95 a 99 años;7
24 León;24165 Sobrado;Total;100 y más años;3
24 León;24166 Soto de la Vega;Total;De 65 a 69 años;116
24 León;24166 Soto de la Vega;Total;De 70 a 74 años;97
24 León;24166 Soto de la Vega;Total;De 75 a 79 años;89
24 León;24166 Soto de la Vega;Total;De 80 a 84 años;72
24 León;24166 Soto de la Vega;Total;De 85 a 89 años;71
24 León;24166 Soto de la Vega;Total;De 90 a 94 años;38
24 León;24166 Soto de la Vega;Total;De 95 a 99 años;20
24 León;24166 Soto de la Vega;Total;100 y más años;2
24 León;24167 Soto y Amío;Total;De 65 a 69 años;69
24 León;24167 Soto y Amío;Total;De 70 a 74 años;53
24 León;24167 Soto y Amío;Total;De 75 a 79 años;55
24 León;24167 Soto y Amío;Total;De 80 a 84 años;35
24 León;24167 Soto y Amío;Total;De 85 a 89 años;25
24 León;24167 Soto y Amío;Total;De 90 a 94 años;26
24 León;24167 Soto y Amío;Total;De 95 a 99 años;9
24 León;24167 Soto y Amío;Total;100 y más años;1
24 León;24168 Toral de los Guzmanes;Total;De 65 a 69 años;50
24 León;24168 Toral de los Guzmanes;Total;De 70 a 74 años;31
24 León;24168 Toral de los Guzmanes;Total;De 75 a 79 años;40
24 León;24168 Toral de los Guzmanes;Total;De 80 a 84 años;28
24 León;24168 Toral de los Guzmanes;Total;De 85 a 89 años;16
24 León;24168 Toral de los Guzmanes;Total;De 90 a 94 años;14
24 León;24168 Toral de los Guzmanes;Total;De 95 a 99 años;6
24 León;24168 Toral de los Guzmanes;Total;100 y más años;1
24 León;24169 Toreno;Total;De 65 a 69 años;259
24 León;24169 Toreno;Total;De 70 a 74 años;210
24 León;24169 Toreno;Total;De 75 a 79 años;158
24 León;24169 Toreno;Total;De 80 a 84 años;125
24 León;24169 Toreno;Total;De 85 a 89 años;109
24 León;24169 Toreno;Total;De 90 a 94 años;68
24 León;24169 Toreno;Total;De 95 a 99 años;17
24 León;24169 Toreno;Total;100 y más años;5
24 León;24170 Torre del Bierzo;Total;De 65 a 69 años;204
24 León;24170 Torre del Bierzo;Total;De 70 a 74 años;141
24 León;24170 Torre del Bierzo;Total;De 75 a 79 años;108
24 León;24170 Torre del Bierzo;Total;De 80 a 84 años;61
24 León;24170 Torre del Bierzo;Total;De 85 a 89 años;71
24 León;24170 Torre del Bierzo;Total;De 90 a 94 años;59
24 León;24170 Torre del Bierzo;Total;De 95 a 99 años;13
24 León;24170 Torre del Bierzo;Total;100 y más años;0
24 León;24171 Trabadelo;Total;De 65 a 69 años;26
24 León;24171 Trabadelo;Total;De 70 a 74 años;23
24 León;24171 Trabadelo;Total;De 75 a 79 años;21
24 León;24171 Trabadelo;Total;De 80 a 84 años;23
24 León;24171 Trabadelo;Total;De 85 a 89 años;11
24 León;24171 Trabadelo;Total;De 90 a 94 años;8
24 León;24171 Trabadelo;Total;De 95 a 99 años;5
24 León;24171 Trabadelo;Total;100 y más años;1
24 León;24172 Truchas;Total;De 65 a 69 años;38
24 León;24172 Truchas;Total;De 70 a 74 años;30
24 León;24172 Truchas;Total;De 75 a 79 años;21
24 León;24172 Truchas;Total;De 80 a 84 años;25
24 León;24172 Truchas;Total;De 85 a 89 años;21
24 León;24172 Truchas;Total;De 90 a 94 años;11
24 León;24172 Truchas;Total;De 95 a 99 años;3
24 León;24172 Truchas;Total;100 y más años;1
24 León;24173 Turcia;Total;De 65 a 69 años;70
24 León;24173 Turcia;Total;De 70 a 74 años;88
24 León;24173 Turcia;Total;De 75 a 79 años;70
24 León;24173 Turcia;Total;De 80 a 84 años;66
24 León;24173 Turcia;Total;De 85 a 89 años;56
24 León;24173 Turcia;Total;De 90 a 94 años;26
24 León;24173 Turcia;Total;De 95 a 99 años;7
24 León;24173 Turcia;Total;100 y más años;0
24 León;24174 Urdiales del Páramo;Total;De 65 a 69 años;44
24 León;24174 Urdiales del Páramo;Total;De 70 a 74 años;35
24 León;24174 Urdiales del Páramo;Total;De 75 a 79 años;34
24 León;24174 Urdiales del Páramo;Total;De 80 a 84 años;27
24 León;24174 Urdiales del Páramo;Total;De 85 a 89 años;26
24 León;24174 Urdiales del Páramo;Total;De 90 a 94 años;16
24 León;24174 Urdiales del Páramo;Total;De 95 a 99 años;6
24 León;24174 Urdiales del Páramo;Total;100 y más años;0
24 León;24175 Valdefresno;Total;De 65 a 69 años;177
24 León;24175 Valdefresno;Total;De 70 a 74 años;148
24 León;24175 Valdefresno;Total;De 75 a 79 años;115
24 León;24175 Valdefresno;Total;De 80 a 84 años;78
24 León;24175 Valdefresno;Total;De 85 a 89 años;45
24 León;24175 Valdefresno;Total;De 90 a 94 años;36
24 León;24175 Valdefresno;Total;De 95 a 99 años;18
24 León;24175 Valdefresno;Total;100 y más años;0
24 León;24176 Valdefuentes del Páramo;Total;De 65 a 69 años;28
24 León;24176 Valdefuentes del Páramo;Total;De 70 a 74 años;20
24 León;24176 Valdefuentes del Páramo;Total;De 75 a 79 años;22
24 León;24176 Valdefuentes del Páramo;Total;De 80 a 84 años;22
24 León;24176 Valdefuentes del Páramo;Total;De 85 a 89 años;14
24 León;24176 Valdefuentes del Páramo;Total;De 90 a 94 años;22
24 León;24176 Valdefuentes del Páramo;Total;De 95 a 99 años;2
24 León;24176 Valdefuentes del Páramo;Total;100 y más años;0
24 León;24177 Valdelugueros;Total;De 65 a 69 años;44
24 León;24177 Valdelugueros;Total;De 70 a 74 años;38
24 León;24177 Valdelugueros;Total;De 75 a 79 años;29
24 León;24177 Valdelugueros;Total;De 80 a 84 años;25
24 León;24177 Valdelugueros;Total;De 85 a 89 años;16
24 León;24177 Valdelugueros;Total;De 90 a 94 años;8
24 León;24177 Valdelugueros;Total;De 95 a 99 años;1
24 León;24177 Valdelugueros;Total;100 y más años;0
24 León;24178 Valdemora;Total;De 65 a 69 años;6
24 León;24178 Valdemora;Total;De 70 a 74 años;2
24 León;24178 Valdemora;Total;De 75 a 79 años;4
24 León;24178 Valdemora;Total;De 80 a 84 años;1
24 León;24178 Valdemora;Total;De 85 a 89 años;3
24 León;24178 Valdemora;Total;De 90 a 94 años;4
24 León;24178 Valdemora;Total;De 95 a 99 años;0
24 León;24178 Valdemora;Total;100 y más años;0
24 León;24179 Valdepiélago;Total;De 65 a 69 años;21
24 León;24179 Valdepiélago;Total;De 70 a 74 años;24
24 León;24179 Valdepiélago;Total;De 75 a 79 años;20
24 León;24179 Valdepiélago;Total;De 80 a 84 años;9
24 León;24179 Valdepiélago;Total;De 85 a 89 años;10
24 León;24179 Valdepiélago;Total;De 90 a 94 años;4
24 León;24179 Valdepiélago;Total;De 95 a 99 años;1
24 León;24179 Valdepiélago;Total;100 y más años;1
24 León;24180 Valdepolo;Total;De 65 a 69 años;101
24 León;24180 Valdepolo;Total;De 70 a 74 años;95
24 León;24180 Valdepolo;Total;De 75 a 79 años;85
24 León;24180 Valdepolo;Total;De 80 a 84 años;63
24 León;24180 Valdepolo;Total;De 85 a 89 años;58
24 León;24180 Valdepolo;Total;De 90 a 94 años;40
24 León;24180 Valdepolo;Total;De 95 a 99 años;21
24 León;24180 Valdepolo;Total;100 y más años;1
24 León;24181 Valderas;Total;De 65 a 69 años;115
24 León;24181 Valderas;Total;De 70 a 74 años;82
24 León;24181 Valderas;Total;De 75 a 79 años;95
24 León;24181 Valderas;Total;De 80 a 84 años;105
24 León;24181 Valderas;Total;De 85 a 89 años;78
24 León;24181 Valderas;Total;De 90 a 94 años;47
24 León;24181 Valderas;Total;De 95 a 99 años;11
24 León;24181 Valderas;Total;100 y más años;1
24 León;24182 Valderrey;Total;De 65 a 69 años;39
24 León;24182 Valderrey;Total;De 70 a 74 años;32
24 León;24182 Valderrey;Total;De 75 a 79 años;25
24 León;24182 Valderrey;Total;De 80 a 84 años;35
24 León;24182 Valderrey;Total;De 85 a 89 años;25
24 León;24182 Valderrey;Total;De 90 a 94 años;15
24 León;24182 Valderrey;Total;De 95 a 99 años;5
24 León;24182 Valderrey;Total;100 y más años;2
24 León;24183 Valderrueda;Total;De 65 a 69 años;69
24 León;24183 Valderrueda;Total;De 70 a 74 años;53
24 León;24183 Valderrueda;Total;De 75 a 79 años;58
24 León;24183 Valderrueda;Total;De 80 a 84 años;35
24 León;24183 Valderrueda;Total;De 85 a 89 años;38
24 León;24183 Valderrueda;Total;De 90 a 94 años;20
24 León;24183 Valderrueda;Total;De 95 a 99 años;8
24 León;24183 Valderrueda;Total;100 y más años;1
24 León;24184 Valdesamario;Total;De 65 a 69 años;14
24 León;24184 Valdesamario;Total;De 70 a 74 años;14
24 León;24184 Valdesamario;Total;De 75 a 79 años;9
24 León;24184 Valdesamario;Total;De 80 a 84 años;13
24 León;24184 Valdesamario;Total;De 85 a 89 años;12
24 León;24184 Valdesamario;Total;De 90 a 94 años;5
24 León;24184 Valdesamario;Total;De 95 a 99 años;2
24 León;24184 Valdesamario;Total;100 y más años;1
24 León;24185 Val de San Lorenzo;Total;De 65 a 69 años;45
24 León;24185 Val de San Lorenzo;Total;De 70 a 74 años;42
24 León;24185 Val de San Lorenzo;Total;De 75 a 79 años;34
24 León;24185 Val de San Lorenzo;Total;De 80 a 84 años;33
24 León;24185 Val de San Lorenzo;Total;De 85 a 89 años;25
24 León;24185 Val de San Lorenzo;Total;De 90 a 94 años;12
24 León;24185 Val de San Lorenzo;Total;De 95 a 99 años;2
24 León;24185 Val de San Lorenzo;Total;100 y más años;0
24 León;24187 Valdevimbre;Total;De 65 a 69 años;52
24 León;24187 Valdevimbre;Total;De 70 a 74 años;74
24 León;24187 Valdevimbre;Total;De 75 a 79 años;52
24 León;24187 Valdevimbre;Total;De 80 a 84 años;49
24 León;24187 Valdevimbre;Total;De 85 a 89 años;45
24 León;24187 Valdevimbre;Total;De 90 a 94 años;28
24 León;24187 Valdevimbre;Total;De 95 a 99 años;13
24 León;24187 Valdevimbre;Total;100 y más años;1
24 León;24188 Valencia de Don Juan;Total;De 65 a 69 años;289
24 León;24188 Valencia de Don Juan;Total;De 70 a 74 años;259
24 León;24188 Valencia de Don Juan;Total;De 75 a 79 años;203
24 León;24188 Valencia de Don Juan;Total;De 80 a 84 años;183
24 León;24188 Valencia de Don Juan;Total;De 85 a 89 años;116
24 León;24188 Valencia de Don Juan;Total;De 90 a 94 años;76
24 León;24188 Valencia de Don Juan;Total;De 95 a 99 años;19
24 León;24188 Valencia de Don Juan;Total;100 y más años;4
24 León;24189 Valverde de la Virgen;Total;De 65 a 69 años;403
24 León;24189 Valverde de la Virgen;Total;De 70 a 74 años;319
24 León;24189 Valverde de la Virgen;Total;De 75 a 79 años;216
24 León;24189 Valverde de la Virgen;Total;De 80 a 84 años;170
24 León;24189 Valverde de la Virgen;Total;De 85 a 89 años;118
24 León;24189 Valverde de la Virgen;Total;De 90 a 94 años;76
24 León;24189 Valverde de la Virgen;Total;De 95 a 99 años;35
24 León;24189 Valverde de la Virgen;Total;100 y más años;4
24 León;24190 Valverde-Enrique;Total;De 65 a 69 años;7
24 León;24190 Valverde-Enrique;Total;De 70 a 74 años;11
24 León;24190 Valverde-Enrique;Total;De 75 a 79 años;10
24 León;24190 Valverde-Enrique;Total;De 80 a 84 años;13
24 León;24190 Valverde-Enrique;Total;De 85 a 89 años;11
24 León;24190 Valverde-Enrique;Total;De 90 a 94 años;10
24 León;24190 Valverde-Enrique;Total;De 95 a 99 años;2
24 León;24190 Valverde-Enrique;Total;100 y más años;0
24 León;24191 Vallecillo;Total;De 65 a 69 años;12
24 León;24191 Vallecillo;Total;De 70 a 74 años;6
24 León;24191 Vallecillo;Total;De 75 a 79 años;7
24 León;24191 Vallecillo;Total;De 80 a 84 años;7
24 León;24191 Vallecillo;Total;De 85 a 89 años;3
24 León;24191 Vallecillo;Total;De 90 a 94 años;1
24 León;24191 Vallecillo;Total;De 95 a 99 años;3
24 León;24191 Vallecillo;Total;100 y más años;0
24 León;24193 Vecilla, La;Total;De 65 a 69 años;39
24 León;24193 Vecilla, La;Total;De 70 a 74 años;26
24 León;24193 Vecilla, La;Total;De 75 a 79 años;22
24 León;24193 Vecilla, La;Total;De 80 a 84 años;15
24 León;24193 Vecilla, La;Total;De 85 a 89 años;13
24 León;24193 Vecilla, La;Total;De 90 a 94 años;8
24 León;24193 Vecilla, La;Total;De 95 a 99 años;5
24 León;24193 Vecilla, La;Total;100 y más años;1
24 León;24194 Vegacervera;Total;De 65 a 69 años;29
24 León;24194 Vegacervera;Total;De 70 a 74 años;15
24 León;24194 Vegacervera;Total;De 75 a 79 años;21
24 León;24194 Vegacervera;Total;De 80 a 84 años;13
24 León;24194 Vegacervera;Total;De 85 a 89 años;6
24 León;24194 Vegacervera;Total;De 90 a 94 años;3
24 León;24194 Vegacervera;Total;De 95 a 99 años;2
24 León;24194 Vegacervera;Total;100 y más años;0
24 León;24196 Vega de Espinareda;Total;De 65 a 69 años;206
24 León;24196 Vega de Espinareda;Total;De 70 a 74 años;140
24 León;24196 Vega de Espinareda;Total;De 75 a 79 años;117
24 León;24196 Vega de Espinareda;Total;De 80 a 84 años;100
24 León;24196 Vega de Espinareda;Total;De 85 a 89 años;78
24 León;24196 Vega de Espinareda;Total;De 90 a 94 años;62
24 León;24196 Vega de Espinareda;Total;De 95 a 99 años;22
24 León;24196 Vega de Espinareda;Total;100 y más años;0
24 León;24197 Vega de Infanzones;Total;De 65 a 69 años;67
24 León;24197 Vega de Infanzones;Total;De 70 a 74 años;55
24 León;24197 Vega de Infanzones;Total;De 75 a 79 años;47
24 León;24197 Vega de Infanzones;Total;De 80 a 84 años;38
24 León;24197 Vega de Infanzones;Total;De 85 a 89 años;30
24 León;24197 Vega de Infanzones;Total;De 90 a 94 años;24
24 León;24197 Vega de Infanzones;Total;De 95 a 99 años;5
24 León;24197 Vega de Infanzones;Total;100 y más años;1
24 León;24198 Vega de Valcarce;Total;De 65 a 69 años;43
24 León;24198 Vega de Valcarce;Total;De 70 a 74 años;26
24 León;24198 Vega de Valcarce;Total;De 75 a 79 años;41
24 León;24198 Vega de Valcarce;Total;De 80 a 84 años;45
24 León;24198 Vega de Valcarce;Total;De 85 a 89 años;27
24 León;24198 Vega de Valcarce;Total;De 90 a 94 años;23
24 León;24198 Vega de Valcarce;Total;De 95 a 99 años;10
24 León;24198 Vega de Valcarce;Total;100 y más años;0
24 León;24199 Vegaquemada;Total;De 65 a 69 años;43
24 León;24199 Vegaquemada;Total;De 70 a 74 años;38
24 León;24199 Vegaquemada;Total;De 75 a 79 años;36
24 León;24199 Vegaquemada;Total;De 80 a 84 años;28
24 León;24199 Vegaquemada;Total;De 85 a 89 años;19
24 León;24199 Vegaquemada;Total;De 90 a 94 años;19
24 León;24199 Vegaquemada;Total;De 95 a 99 años;5
24 León;24199 Vegaquemada;Total;100 y más años;0
24 León;24201 Vegas del Condado;Total;De 65 a 69 años;106
24 León;24201 Vegas del Condado;Total;De 70 a 74 años;89
24 León;24201 Vegas del Condado;Total;De 75 a 79 años;82
24 León;24201 Vegas del Condado;Total;De 80 a 84 años;67
24 León;24201 Vegas del Condado;Total;De 85 a 89 años;52
24 León;24201 Vegas del Condado;Total;De 90 a 94 años;36
24 León;24201 Vegas del Condado;Total;De 95 a 99 años;11
24 León;24201 Vegas del Condado;Total;100 y más años;5
24 León;24202 Villablino;Total;De 65 a 69 años;810
24 León;24202 Villablino;Total;De 70 a 74 años;537
24 León;24202 Villablino;Total;De 75 a 79 años;327
24 León;24202 Villablino;Total;De 80 a 84 años;273
24 León;24202 Villablino;Total;De 85 a 89 años;232
24 León;24202 Villablino;Total;De 90 a 94 años;165
24 León;24202 Villablino;Total;De 95 a 99 años;42
24 León;24202 Villablino;Total;100 y más años;7
24 León;24203 Villabraz;Total;De 65 a 69 años;6
24 León;24203 Villabraz;Total;De 70 a 74 años;2
24 León;24203 Villabraz;Total;De 75 a 79 años;11
24 León;24203 Villabraz;Total;De 80 a 84 años;7
24 León;24203 Villabraz;Total;De 85 a 89 años;6
24 León;24203 Villabraz;Total;De 90 a 94 años;4
24 León;24203 Villabraz;Total;De 95 a 99 años;1
24 León;24203 Villabraz;Total;100 y más años;1
24 León;24205 Villadangos del Páramo;Total;De 65 a 69 años;83
24 León;24205 Villadangos del Páramo;Total;De 70 a 74 años;82
24 León;24205 Villadangos del Páramo;Total;De 75 a 79 años;40
24 León;24205 Villadangos del Páramo;Total;De 80 a 84 años;42
24 León;24205 Villadangos del Páramo;Total;De 85 a 89 años;43
24 León;24205 Villadangos del Páramo;Total;De 90 a 94 años;27
24 León;24205 Villadangos del Páramo;Total;De 95 a 99 años;6
24 León;24205 Villadangos del Páramo;Total;100 y más años;0
24 León;24206 Toral de los Vados;Total;De 65 a 69 años;139
24 León;24206 Toral de los Vados;Total;De 70 a 74 años;121
24 León;24206 Toral de los Vados;Total;De 75 a 79 años;116
24 León;24206 Toral de los Vados;Total;De 80 a 84 años;91
24 León;24206 Toral de los Vados;Total;De 85 a 89 años;73
24 León;24206 Toral de los Vados;Total;De 90 a 94 años;40
24 León;24206 Toral de los Vados;Total;De 95 a 99 años;13
24 León;24206 Toral de los Vados;Total;100 y más años;0
24 León;24207 Villademor de la Vega;Total;De 65 a 69 años;21
24 León;24207 Villademor de la Vega;Total;De 70 a 74 años;22
24 León;24207 Villademor de la Vega;Total;De 75 a 79 años;28
24 León;24207 Villademor de la Vega;Total;De 80 a 84 años;30
24 León;24207 Villademor de la Vega;Total;De 85 a 89 años;5
24 León;24207 Villademor de la Vega;Total;De 90 a 94 años;6
24 León;24207 Villademor de la Vega;Total;De 95 a 99 años;2
24 León;24207 Villademor de la Vega;Total;100 y más años;0
24 León;24209 Villafranca del Bierzo;Total;De 65 a 69 años;236
24 León;24209 Villafranca del Bierzo;Total;De 70 a 74 años;187
24 León;24209 Villafranca del Bierzo;Total;De 75 a 79 años;190
24 León;24209 Villafranca del Bierzo;Total;De 80 a 84 años;199
24 León;24209 Villafranca del Bierzo;Total;De 85 a 89 años;129
24 León;24209 Villafranca del Bierzo;Total;De 90 a 94 años;89
24 León;24209 Villafranca del Bierzo;Total;De 95 a 99 años;25
24 León;24209 Villafranca del Bierzo;Total;100 y más años;3
24 León;24210 Villagatón;Total;De 65 a 69 años;62
24 León;24210 Villagatón;Total;De 70 a 74 años;49
24 León;24210 Villagatón;Total;De 75 a 79 años;42
24 León;24210 Villagatón;Total;De 80 a 84 años;26
24 León;24210 Villagatón;Total;De 85 a 89 años;23
24 León;24210 Villagatón;Total;De 90 a 94 años;21
24 León;24210 Villagatón;Total;De 95 a 99 años;5
24 León;24210 Villagatón;Total;100 y más años;3
24 León;24211 Villamandos;Total;De 65 a 69 años;14
24 León;24211 Villamandos;Total;De 70 a 74 años;21
24 León;24211 Villamandos;Total;De 75 a 79 años;23
24 León;24211 Villamandos;Total;De 80 a 84 años;13
24 León;24211 Villamandos;Total;De 85 a 89 años;15
24 León;24211 Villamandos;Total;De 90 a 94 años;13
24 León;24211 Villamandos;Total;De 95 a 99 años;2
24 León;24211 Villamandos;Total;100 y más años;0
24 León;24212 Villamañán;Total;De 65 a 69 años;93
24 León;24212 Villamañán;Total;De 70 a 74 años;102
24 León;24212 Villamañán;Total;De 75 a 79 años;77
24 León;24212 Villamañán;Total;De 80 a 84 años;67
24 León;24212 Villamañán;Total;De 85 a 89 años;50
24 León;24212 Villamañán;Total;De 90 a 94 años;36
24 León;24212 Villamañán;Total;De 95 a 99 años;20
24 León;24212 Villamañán;Total;100 y más años;3
24 León;24213 Villamartín de Don Sancho;Total;De 65 a 69 años;10
24 León;24213 Villamartín de Don Sancho;Total;De 70 a 74 años;15
24 León;24213 Villamartín de Don Sancho;Total;De 75 a 79 años;11
24 León;24213 Villamartín de Don Sancho;Total;De 80 a 84 años;10
24 León;24213 Villamartín de Don Sancho;Total;De 85 a 89 años;5
24 León;24213 Villamartín de Don Sancho;Total;De 90 a 94 años;6
24 León;24213 Villamartín de Don Sancho;Total;De 95 a 99 años;0
24 León;24213 Villamartín de Don Sancho;Total;100 y más años;0
24 León;24214 Villamejil;Total;De 65 a 69 años;55
24 León;24214 Villamejil;Total;De 70 a 74 años;56
24 León;24214 Villamejil;Total;De 75 a 79 años;60
24 León;24214 Villamejil;Total;De 80 a 84 años;47
24 León;24214 Villamejil;Total;De 85 a 89 años;27
24 León;24214 Villamejil;Total;De 90 a 94 años;25
24 León;24214 Villamejil;Total;De 95 a 99 años;8
24 León;24214 Villamejil;Total;100 y más años;0
24 León;24215 Villamol;Total;De 65 a 69 años;10
24 León;24215 Villamol;Total;De 70 a 74 años;7
24 León;24215 Villamol;Total;De 75 a 79 años;7
24 León;24215 Villamol;Total;De 80 a 84 años;10
24 León;24215 Villamol;Total;De 85 a 89 años;9
24 León;24215 Villamol;Total;De 90 a 94 años;2
24 León;24215 Villamol;Total;De 95 a 99 años;2
24 León;24215 Villamol;Total;100 y más años;1
24 León;24216 Villamontán de la Valduerna;Total;De 65 a 69 años;59
24 León;24216 Villamontán de la Valduerna;Total;De 70 a 74 años;41
24 León;24216 Villamontán de la Valduerna;Total;De 75 a 79 años;48
24 León;24216 Villamontán de la Valduerna;Total;De 80 a 84 años;77
24 León;24216 Villamontán de la Valduerna;Total;De 85 a 89 años;49
24 León;24216 Villamontán de la Valduerna;Total;De 90 a 94 años;29
24 León;24216 Villamontán de la Valduerna;Total;De 95 a 99 años;4
24 León;24216 Villamontán de la Valduerna;Total;100 y más años;0
24 León;24217 Villamoratiel de las Matas;Total;De 65 a 69 años;16
24 León;24217 Villamoratiel de las Matas;Total;De 70 a 74 años;7
24 León;24217 Villamoratiel de las Matas;Total;De 75 a 79 años;3
24 León;24217 Villamoratiel de las Matas;Total;De 80 a 84 años;6
24 León;24217 Villamoratiel de las Matas;Total;De 85 a 89 años;5
24 León;24217 Villamoratiel de las Matas;Total;De 90 a 94 años;7
24 León;24217 Villamoratiel de las Matas;Total;De 95 a 99 años;2
24 León;24217 Villamoratiel de las Matas;Total;100 y más años;0
24 León;24218 Villanueva de las Manzanas;Total;De 65 a 69 años;42
24 León;24218 Villanueva de las Manzanas;Total;De 70 a 74 años;46
24 León;24218 Villanueva de las Manzanas;Total;De 75 a 79 años;31
24 León;24218 Villanueva de las Manzanas;Total;De 80 a 84 años;27
24 León;24218 Villanueva de las Manzanas;Total;De 85 a 89 años;19
24 León;24218 Villanueva de las Manzanas;Total;De 90 a 94 años;17
24 León;24218 Villanueva de las Manzanas;Total;De 95 a 99 años;7
24 León;24218 Villanueva de las Manzanas;Total;100 y más años;0
24 León;24219 Villaobispo de Otero;Total;De 65 a 69 años;56
24 León;24219 Villaobispo de Otero;Total;De 70 a 74 años;26
24 León;24219 Villaobispo de Otero;Total;De 75 a 79 años;29
24 León;24219 Villaobispo de Otero;Total;De 80 a 84 años;24
24 León;24219 Villaobispo de Otero;Total;De 85 a 89 años;31
24 León;24219 Villaobispo de Otero;Total;De 90 a 94 años;17
24 León;24219 Villaobispo de Otero;Total;De 95 a 99 años;3
24 León;24219 Villaobispo de Otero;Total;100 y más años;0
24 León;24221 Villaquejida;Total;De 65 a 69 años;53
24 León;24221 Villaquejida;Total;De 70 a 74 años;62
24 León;24221 Villaquejida;Total;De 75 a 79 años;53
24 León;24221 Villaquejida;Total;De 80 a 84 años;37
24 León;24221 Villaquejida;Total;De 85 a 89 años;35
24 León;24221 Villaquejida;Total;De 90 a 94 años;16
24 León;24221 Villaquejida;Total;De 95 a 99 años;5
24 León;24221 Villaquejida;Total;100 y más años;0
24 León;24222 Villaquilambre;Total;De 65 a 69 años;947
24 León;24222 Villaquilambre;Total;De 70 a 74 años;706
24 León;24222 Villaquilambre;Total;De 75 a 79 años;583
24 León;24222 Villaquilambre;Total;De 80 a 84 años;375
24 León;24222 Villaquilambre;Total;De 85 a 89 años;257
24 León;24222 Villaquilambre;Total;De 90 a 94 años;140
24 León;24222 Villaquilambre;Total;De 95 a 99 años;55
24 León;24222 Villaquilambre;Total;100 y más años;5
24 León;24223 Villarejo de Órbigo;Total;De 65 a 69 años;225
24 León;24223 Villarejo de Órbigo;Total;De 70 a 74 años;185
24 León;24223 Villarejo de Órbigo;Total;De 75 a 79 años;161
24 León;24223 Villarejo de Órbigo;Total;De 80 a 84 años;129
24 León;24223 Villarejo de Órbigo;Total;De 85 a 89 años;130
24 León;24223 Villarejo de Órbigo;Total;De 90 a 94 años;87
24 León;24223 Villarejo de Órbigo;Total;De 95 a 99 años;30
24 León;24223 Villarejo de Órbigo;Total;100 y más años;2
24 León;24224 Villares de Órbigo;Total;De 65 a 69 años;60
24 León;24224 Villares de Órbigo;Total;De 70 a 74 años;52
24 León;24224 Villares de Órbigo;Total;De 75 a 79 años;33
24 León;24224 Villares de Órbigo;Total;De 80 a 84 años;30
24 León;24224 Villares de Órbigo;Total;De 85 a 89 años;38
24 León;24224 Villares de Órbigo;Total;De 90 a 94 años;25
24 León;24224 Villares de Órbigo;Total;De 95 a 99 años;10
24 León;24224 Villares de Órbigo;Total;100 y más años;1
24 León;24225 Villasabariego;Total;De 65 a 69 años;68
24 León;24225 Villasabariego;Total;De 70 a 74 años;65
24 León;24225 Villasabariego;Total;De 75 a 79 años;65
24 León;24225 Villasabariego;Total;De 80 a 84 años;36
24 León;24225 Villasabariego;Total;De 85 a 89 años;46
24 León;24225 Villasabariego;Total;De 90 a 94 años;28
24 León;24225 Villasabariego;Total;De 95 a 99 años;8
24 León;24225 Villasabariego;Total;100 y más años;1
24 León;24226 Villaselán;Total;De 65 a 69 años;15
24 León;24226 Villaselán;Total;De 70 a 74 años;15
24 León;24226 Villaselán;Total;De 75 a 79 años;9
24 León;24226 Villaselán;Total;De 80 a 84 años;13
24 León;24226 Villaselán;Total;De 85 a 89 años;11
24 León;24226 Villaselán;Total;De 90 a 94 años;6
24 León;24226 Villaselán;Total;De 95 a 99 años;3
24 León;24226 Villaselán;Total;100 y más años;1
24 León;24227 Villaturiel;Total;De 65 a 69 años;135
24 León;24227 Villaturiel;Total;De 70 a 74 años;123
24 León;24227 Villaturiel;Total;De 75 a 79 años;88
24 León;24227 Villaturiel;Total;De 80 a 84 años;93
24 León;24227 Villaturiel;Total;De 85 a 89 años;55
24 León;24227 Villaturiel;Total;De 90 a 94 años;42
24 León;24227 Villaturiel;Total;De 95 a 99 años;16
24 León;24227 Villaturiel;Total;100 y más años;1
24 León;24228 Villazala;Total;De 65 a 69 años;63
24 León;24228 Villazala;Total;De 70 a 74 años;39
24 León;24228 Villazala;Total;De 75 a 79 años;47
24 León;24228 Villazala;Total;De 80 a 84 años;31
24 León;24228 Villazala;Total;De 85 a 89 años;35
24 León;24228 Villazala;Total;De 90 a 94 años;18
24 León;24228 Villazala;Total;De 95 a 99 años;3
24 León;24228 Villazala;Total;100 y más años;1
24 León;24229 Villazanzo de Valderaduey;Total;De 65 a 69 años;40
24 León;24229 Villazanzo de Valderaduey;Total;De 70 a 74 años;38
24 León;24229 Villazanzo de Valderaduey;Total;De 75 a 79 años;31
24 León;24229 Villazanzo de Valderaduey;Total;De 80 a 84 años;30
24 León;24229 Villazanzo de Valderaduey;Total;De 85 a 89 años;20
24 León;24229 Villazanzo de Valderaduey;Total;De 90 a 94 años;11
24 León;24229 Villazanzo de Valderaduey;Total;De 95 a 99 años;4
24 León;24229 Villazanzo de Valderaduey;Total;100 y más años;0
24 León;24230 Zotes del Páramo;Total;De 65 a 69 años;36
24 León;24230 Zotes del Páramo;Total;De 70 a 74 años;25
24 León;24230 Zotes del Páramo;Total;De 75 a 79 años;34
24 León;24230 Zotes del Páramo;Total;De 80 a 84 años;26
24 León;24230 Zotes del Páramo;Total;De 85 a 89 años;33
24 León;24230 Zotes del Páramo;Total;De 90 a 94 años;14
24 León;24230 Zotes del Páramo;Total;De 95 a 99 años;3
24 León;24230 Zotes del Páramo;Total;100 y más años;4
24 León;24901 Villamanín;Total;De 65 a 69 años;79
24 León;24901 Villamanín;Total;De 70 a 74 años;53
24 León;24901 Villamanín;Total;De 75 a 79 años;61
24 León;24901 Villamanín;Total;De 80 a 84 años;30
24 León;24901 Villamanín;Total;De 85 a 89 años;31
24 León;24901 Villamanín;Total;De 90 a 94 años;30
24 León;24901 Villamanín;Total;De 95 a 99 años;2
24 León;24901 Villamanín;Total;100 y más años;1
24 León;24902 Villaornate y Castro;Total;De 65 a 69 años;23
24 León;24902 Villaornate y Castro;Total;De 70 a 74 años;23
24 León;24902 Villaornate y Castro;Total;De 75 a 79 años;31
24 León;24902 Villaornate y Castro;Total;De 80 a 84 años;41
24 León;24902 Villaornate y Castro;Total;De 85 a 89 años;18
24 León;24902 Villaornate y Castro;Total;De 90 a 94 años;15
24 León;24902 Villaornate y Castro;Total;De 95 a 99 años;3
24 León;24902 Villaornate y Castro;Total;100 y más años;2
34 Palencia;34001 Abarca de Campos;Total;De 65 a 69 años;3
34 Palencia;34001 Abarca de Campos;Total;De 70 a 74 años;4
34 Palencia;34001 Abarca de Campos;Total;De 75 a 79 años;4
34 Palencia;34001 Abarca de Campos;Total;De 80 a 84 años;1
34 Palencia;34001 Abarca de Campos;Total;De 85 a 89 años;1
34 Palencia;34001 Abarca de Campos;Total;De 90 a 94 años;1
34 Palencia;34001 Abarca de Campos;Total;De 95 a 99 años;1
34 Palencia;34001 Abarca de Campos;Total;100 y más años;0
34 Palencia;34003 Abia de las Torres;Total;De 65 a 69 años;18
34 Palencia;34003 Abia de las Torres;Total;De 70 a 74 años;10
34 Palencia;34003 Abia de las Torres;Total;De 75 a 79 años;3
34 Palencia;34003 Abia de las Torres;Total;De 80 a 84 años;2
34 Palencia;34003 Abia de las Torres;Total;De 85 a 89 años;6
34 Palencia;34003 Abia de las Torres;Total;De 90 a 94 años;10
34 Palencia;34003 Abia de las Torres;Total;De 95 a 99 años;1
34 Palencia;34003 Abia de las Torres;Total;100 y más años;0
34 Palencia;34004 Aguilar de Campoo;Total;De 65 a 69 años;538
34 Palencia;34004 Aguilar de Campoo;Total;De 70 a 74 años;341
34 Palencia;34004 Aguilar de Campoo;Total;De 75 a 79 años;256
34 Palencia;34004 Aguilar de Campoo;Total;De 80 a 84 años;251
34 Palencia;34004 Aguilar de Campoo;Total;De 85 a 89 años;164
34 Palencia;34004 Aguilar de Campoo;Total;De 90 a 94 años;117
34 Palencia;34004 Aguilar de Campoo;Total;De 95 a 99 años;39
34 Palencia;34004 Aguilar de Campoo;Total;100 y más años;7
34 Palencia;34005 Alar del Rey;Total;De 65 a 69 años;72
34 Palencia;34005 Alar del Rey;Total;De 70 a 74 años;56
34 Palencia;34005 Alar del Rey;Total;De 75 a 79 años;44
34 Palencia;34005 Alar del Rey;Total;De 80 a 84 años;33
34 Palencia;34005 Alar del Rey;Total;De 85 a 89 años;30
34 Palencia;34005 Alar del Rey;Total;De 90 a 94 años;31
34 Palencia;34005 Alar del Rey;Total;De 95 a 99 años;11
34 Palencia;34005 Alar del Rey;Total;100 y más años;0
34 Palencia;34006 Alba de Cerrato;Total;De 65 a 69 años;8
34 Palencia;34006 Alba de Cerrato;Total;De 70 a 74 años;5
34 Palencia;34006 Alba de Cerrato;Total;De 75 a 79 años;2
34 Palencia;34006 Alba de Cerrato;Total;De 80 a 84 años;9
34 Palencia;34006 Alba de Cerrato;Total;De 85 a 89 años;4
34 Palencia;34006 Alba de Cerrato;Total;De 90 a 94 años;2
34 Palencia;34006 Alba de Cerrato;Total;De 95 a 99 años;1
34 Palencia;34006 Alba de Cerrato;Total;100 y más años;0
34 Palencia;34009 Amayuelas de Arriba;Total;De 65 a 69 años;3
34 Palencia;34009 Amayuelas de Arriba;Total;De 70 a 74 años;2
34 Palencia;34009 Amayuelas de Arriba;Total;De 75 a 79 años;6
34 Palencia;34009 Amayuelas de Arriba;Total;De 80 a 84 años;3
34 Palencia;34009 Amayuelas de Arriba;Total;De 85 a 89 años;2
34 Palencia;34009 Amayuelas de Arriba;Total;De 90 a 94 años;1
34 Palencia;34009 Amayuelas de Arriba;Total;De 95 a 99 años;0
34 Palencia;34009 Amayuelas de Arriba;Total;100 y más años;0
34 Palencia;34010 Ampudia;Total;De 65 a 69 años;55
34 Palencia;34010 Ampudia;Total;De 70 a 74 años;37
34 Palencia;34010 Ampudia;Total;De 75 a 79 años;29
34 Palencia;34010 Ampudia;Total;De 80 a 84 años;30
34 Palencia;34010 Ampudia;Total;De 85 a 89 años;25
34 Palencia;34010 Ampudia;Total;De 90 a 94 años;33
34 Palencia;34010 Ampudia;Total;De 95 a 99 años;9
34 Palencia;34010 Ampudia;Total;100 y más años;1
34 Palencia;34011 Amusco;Total;De 65 a 69 años;31
34 Palencia;34011 Amusco;Total;De 70 a 74 años;36
34 Palencia;34011 Amusco;Total;De 75 a 79 años;25
34 Palencia;34011 Amusco;Total;De 80 a 84 años;18
34 Palencia;34011 Amusco;Total;De 85 a 89 años;10
34 Palencia;34011 Amusco;Total;De 90 a 94 años;8
34 Palencia;34011 Amusco;Total;De 95 a 99 años;2
34 Palencia;34011 Amusco;Total;100 y más años;1
34 Palencia;34012 Antigüedad;Total;De 65 a 69 años;43
34 Palencia;34012 Antigüedad;Total;De 70 a 74 años;23
34 Palencia;34012 Antigüedad;Total;De 75 a 79 años;19
34 Palencia;34012 Antigüedad;Total;De 80 a 84 años;17
34 Palencia;34012 Antigüedad;Total;De 85 a 89 años;15
34 Palencia;34012 Antigüedad;Total;De 90 a 94 años;15
34 Palencia;34012 Antigüedad;Total;De 95 a 99 años;1
34 Palencia;34012 Antigüedad;Total;100 y más años;0
34 Palencia;34015 Arconada;Total;De 65 a 69 años;6
34 Palencia;34015 Arconada;Total;De 70 a 74 años;4
34 Palencia;34015 Arconada;Total;De 75 a 79 años;4
34 Palencia;34015 Arconada;Total;De 80 a 84 años;2
34 Palencia;34015 Arconada;Total;De 85 a 89 años;2
34 Palencia;34015 Arconada;Total;De 90 a 94 años;0
34 Palencia;34015 Arconada;Total;De 95 a 99 años;0
34 Palencia;34015 Arconada;Total;100 y más años;0
34 Palencia;34017 Astudillo;Total;De 65 a 69 años;83
34 Palencia;34017 Astudillo;Total;De 70 a 74 años;80
34 Palencia;34017 Astudillo;Total;De 75 a 79 años;69
34 Palencia;34017 Astudillo;Total;De 80 a 84 años;63
34 Palencia;34017 Astudillo;Total;De 85 a 89 años;41
34 Palencia;34017 Astudillo;Total;De 90 a 94 años;33
34 Palencia;34017 Astudillo;Total;De 95 a 99 años;12
34 Palencia;34017 Astudillo;Total;100 y más años;3
34 Palencia;34018 Autilla del Pino;Total;De 65 a 69 años;14
34 Palencia;34018 Autilla del Pino;Total;De 70 a 74 años;16
34 Palencia;34018 Autilla del Pino;Total;De 75 a 79 años;16
34 Palencia;34018 Autilla del Pino;Total;De 80 a 84 años;11
34 Palencia;34018 Autilla del Pino;Total;De 85 a 89 años;5
34 Palencia;34018 Autilla del Pino;Total;De 90 a 94 años;5
34 Palencia;34018 Autilla del Pino;Total;De 95 a 99 años;1
34 Palencia;34018 Autilla del Pino;Total;100 y más años;0
34 Palencia;34019 Autillo de Campos;Total;De 65 a 69 años;14
34 Palencia;34019 Autillo de Campos;Total;De 70 a 74 años;9
34 Palencia;34019 Autillo de Campos;Total;De 75 a 79 años;7
34 Palencia;34019 Autillo de Campos;Total;De 80 a 84 años;7
34 Palencia;34019 Autillo de Campos;Total;De 85 a 89 años;2
34 Palencia;34019 Autillo de Campos;Total;De 90 a 94 años;4
34 Palencia;34019 Autillo de Campos;Total;De 95 a 99 años;1
34 Palencia;34019 Autillo de Campos;Total;100 y más años;0
34 Palencia;34020 Ayuela;Total;De 65 a 69 años;7
34 Palencia;34020 Ayuela;Total;De 70 a 74 años;2
34 Palencia;34020 Ayuela;Total;De 75 a 79 años;7
34 Palencia;34020 Ayuela;Total;De 80 a 84 años;3
34 Palencia;34020 Ayuela;Total;De 85 a 89 años;1
34 Palencia;34020 Ayuela;Total;De 90 a 94 años;1
34 Palencia;34020 Ayuela;Total;De 95 a 99 años;0
34 Palencia;34020 Ayuela;Total;100 y más años;0
34 Palencia;34022 Baltanás;Total;De 65 a 69 años;93
34 Palencia;34022 Baltanás;Total;De 70 a 74 años;99
34 Palencia;34022 Baltanás;Total;De 75 a 79 años;79
34 Palencia;34022 Baltanás;Total;De 80 a 84 años;49
34 Palencia;34022 Baltanás;Total;De 85 a 89 años;41
34 Palencia;34022 Baltanás;Total;De 90 a 94 años;35
34 Palencia;34022 Baltanás;Total;De 95 a 99 años;9
34 Palencia;34022 Baltanás;Total;100 y más años;2
34 Palencia;34023 Venta de Baños;Total;De 65 a 69 años;483
34 Palencia;34023 Venta de Baños;Total;De 70 a 74 años;352
34 Palencia;34023 Venta de Baños;Total;De 75 a 79 años;261
34 Palencia;34023 Venta de Baños;Total;De 80 a 84 años;187
34 Palencia;34023 Venta de Baños;Total;De 85 a 89 años;124
34 Palencia;34023 Venta de Baños;Total;De 90 a 94 años;96
34 Palencia;34023 Venta de Baños;Total;De 95 a 99 años;27
34 Palencia;34023 Venta de Baños;Total;100 y más años;3
34 Palencia;34024 Baquerín de Campos;Total;De 65 a 69 años;5
34 Palencia;34024 Baquerín de Campos;Total;De 70 a 74 años;1
34 Palencia;34024 Baquerín de Campos;Total;De 75 a 79 años;2
34 Palencia;34024 Baquerín de Campos;Total;De 80 a 84 años;1
34 Palencia;34024 Baquerín de Campos;Total;De 85 a 89 años;0
34 Palencia;34024 Baquerín de Campos;Total;De 90 a 94 años;0
34 Palencia;34024 Baquerín de Campos;Total;De 95 a 99 años;0
34 Palencia;34024 Baquerín de Campos;Total;100 y más años;0
34 Palencia;34025 Bárcena de Campos;Total;De 65 a 69 años;7
34 Palencia;34025 Bárcena de Campos;Total;De 70 a 74 años;1
34 Palencia;34025 Bárcena de Campos;Total;De 75 a 79 años;8
34 Palencia;34025 Bárcena de Campos;Total;De 80 a 84 años;2
34 Palencia;34025 Bárcena de Campos;Total;De 85 a 89 años;2
34 Palencia;34025 Bárcena de Campos;Total;De 90 a 94 años;5
34 Palencia;34025 Bárcena de Campos;Total;De 95 a 99 años;3
34 Palencia;34025 Bárcena de Campos;Total;100 y más años;1
34 Palencia;34027 Barruelo de Santullán;Total;De 65 a 69 años;106
34 Palencia;34027 Barruelo de Santullán;Total;De 70 a 74 años;86
34 Palencia;34027 Barruelo de Santullán;Total;De 75 a 79 años;70
34 Palencia;34027 Barruelo de Santullán;Total;De 80 a 84 años;37
34 Palencia;34027 Barruelo de Santullán;Total;De 85 a 89 años;37
34 Palencia;34027 Barruelo de Santullán;Total;De 90 a 94 años;34
34 Palencia;34027 Barruelo de Santullán;Total;De 95 a 99 años;12
34 Palencia;34027 Barruelo de Santullán;Total;100 y más años;0
34 Palencia;34028 Báscones de Ojeda;Total;De 65 a 69 años;18
34 Palencia;34028 Báscones de Ojeda;Total;De 70 a 74 años;7
34 Palencia;34028 Báscones de Ojeda;Total;De 75 a 79 años;10
34 Palencia;34028 Báscones de Ojeda;Total;De 80 a 84 años;12
34 Palencia;34028 Báscones de Ojeda;Total;De 85 a 89 años;7
34 Palencia;34028 Báscones de Ojeda;Total;De 90 a 94 años;1
34 Palencia;34028 Báscones de Ojeda;Total;De 95 a 99 años;3
34 Palencia;34028 Báscones de Ojeda;Total;100 y más años;1
34 Palencia;34029 Becerril de Campos;Total;De 65 a 69 años;34
34 Palencia;34029 Becerril de Campos;Total;De 70 a 74 años;31
34 Palencia;34029 Becerril de Campos;Total;De 75 a 79 años;49
34 Palencia;34029 Becerril de Campos;Total;De 80 a 84 años;71
34 Palencia;34029 Becerril de Campos;Total;De 85 a 89 años;35
34 Palencia;34029 Becerril de Campos;Total;De 90 a 94 años;17
34 Palencia;34029 Becerril de Campos;Total;De 95 a 99 años;6
34 Palencia;34029 Becerril de Campos;Total;100 y más años;0
34 Palencia;34031 Belmonte de Campos;Total;De 65 a 69 años;6
34 Palencia;34031 Belmonte de Campos;Total;De 70 a 74 años;0
34 Palencia;34031 Belmonte de Campos;Total;De 75 a 79 años;0
34 Palencia;34031 Belmonte de Campos;Total;De 80 a 84 años;2
34 Palencia;34031 Belmonte de Campos;Total;De 85 a 89 años;3
34 Palencia;34031 Belmonte de Campos;Total;De 90 a 94 años;0
34 Palencia;34031 Belmonte de Campos;Total;De 95 a 99 años;0
34 Palencia;34031 Belmonte de Campos;Total;100 y más años;0
34 Palencia;34032 Berzosilla;Total;De 65 a 69 años;6
34 Palencia;34032 Berzosilla;Total;De 70 a 74 años;6
34 Palencia;34032 Berzosilla;Total;De 75 a 79 años;4
34 Palencia;34032 Berzosilla;Total;De 80 a 84 años;0
34 Palencia;34032 Berzosilla;Total;De 85 a 89 años;1
34 Palencia;34032 Berzosilla;Total;De 90 a 94 años;0
34 Palencia;34032 Berzosilla;Total;De 95 a 99 años;0
34 Palencia;34032 Berzosilla;Total;100 y más años;0
34 Palencia;34033 Boada de Campos;Total;De 65 a 69 años;3
34 Palencia;34033 Boada de Campos;Total;De 70 a 74 años;0
34 Palencia;34033 Boada de Campos;Total;De 75 a 79 años;1
34 Palencia;34033 Boada de Campos;Total;De 80 a 84 años;1
34 Palencia;34033 Boada de Campos;Total;De 85 a 89 años;1
34 Palencia;34033 Boada de Campos;Total;De 90 a 94 años;0
34 Palencia;34033 Boada de Campos;Total;De 95 a 99 años;0
34 Palencia;34033 Boada de Campos;Total;100 y más años;1
34 Palencia;34034 Boadilla del Camino;Total;De 65 a 69 años;14
34 Palencia;34034 Boadilla del Camino;Total;De 70 a 74 años;6
34 Palencia;34034 Boadilla del Camino;Total;De 75 a 79 años;6
34 Palencia;34034 Boadilla del Camino;Total;De 80 a 84 años;10
34 Palencia;34034 Boadilla del Camino;Total;De 85 a 89 años;6
34 Palencia;34034 Boadilla del Camino;Total;De 90 a 94 años;1
34 Palencia;34034 Boadilla del Camino;Total;De 95 a 99 años;0
34 Palencia;34034 Boadilla del Camino;Total;100 y más años;1
34 Palencia;34035 Boadilla de Rioseco;Total;De 65 a 69 años;9
34 Palencia;34035 Boadilla de Rioseco;Total;De 70 a 74 años;11
34 Palencia;34035 Boadilla de Rioseco;Total;De 75 a 79 años;7
34 Palencia;34035 Boadilla de Rioseco;Total;De 80 a 84 años;4
34 Palencia;34035 Boadilla de Rioseco;Total;De 85 a 89 años;4
34 Palencia;34035 Boadilla de Rioseco;Total;De 90 a 94 años;4
34 Palencia;34035 Boadilla de Rioseco;Total;De 95 a 99 años;0
34 Palencia;34035 Boadilla de Rioseco;Total;100 y más años;0
34 Palencia;34036 Brañosera;Total;De 65 a 69 años;20
34 Palencia;34036 Brañosera;Total;De 70 a 74 años;24
34 Palencia;34036 Brañosera;Total;De 75 a 79 años;22
34 Palencia;34036 Brañosera;Total;De 80 a 84 años;11
34 Palencia;34036 Brañosera;Total;De 85 a 89 años;8
34 Palencia;34036 Brañosera;Total;De 90 a 94 años;4
34 Palencia;34036 Brañosera;Total;De 95 a 99 años;1
34 Palencia;34036 Brañosera;Total;100 y más años;0
34 Palencia;34037 Buenavista de Valdavia;Total;De 65 a 69 años;25
34 Palencia;34037 Buenavista de Valdavia;Total;De 70 a 74 años;19
34 Palencia;34037 Buenavista de Valdavia;Total;De 75 a 79 años;13
34 Palencia;34037 Buenavista de Valdavia;Total;De 80 a 84 años;19
34 Palencia;34037 Buenavista de Valdavia;Total;De 85 a 89 años;14
34 Palencia;34037 Buenavista de Valdavia;Total;De 90 a 94 años;9
34 Palencia;34037 Buenavista de Valdavia;Total;De 95 a 99 años;4
34 Palencia;34037 Buenavista de Valdavia;Total;100 y más años;0
34 Palencia;34038 Bustillo de la Vega;Total;De 65 a 69 años;22
34 Palencia;34038 Bustillo de la Vega;Total;De 70 a 74 años;14
34 Palencia;34038 Bustillo de la Vega;Total;De 75 a 79 años;12
34 Palencia;34038 Bustillo de la Vega;Total;De 80 a 84 años;20
34 Palencia;34038 Bustillo de la Vega;Total;De 85 a 89 años;14
34 Palencia;34038 Bustillo de la Vega;Total;De 90 a 94 años;15
34 Palencia;34038 Bustillo de la Vega;Total;De 95 a 99 años;4
34 Palencia;34038 Bustillo de la Vega;Total;100 y más años;0
34 Palencia;34039 Bustillo del Páramo de Carrión;Total;De 65 a 69 años;7
34 Palencia;34039 Bustillo del Páramo de Carrión;Total;De 70 a 74 años;2
34 Palencia;34039 Bustillo del Páramo de Carrión;Total;De 75 a 79 años;5
34 Palencia;34039 Bustillo del Páramo de Carrión;Total;De 80 a 84 años;9
34 Palencia;34039 Bustillo del Páramo de Carrión;Total;De 85 a 89 años;4
34 Palencia;34039 Bustillo del Páramo de Carrión;Total;De 90 a 94 años;6
34 Palencia;34039 Bustillo del Páramo de Carrión;Total;De 95 a 99 años;0
34 Palencia;34039 Bustillo del Páramo de Carrión;Total;100 y más años;0
34 Palencia;34041 Calahorra de Boedo;Total;De 65 a 69 años;4
34 Palencia;34041 Calahorra de Boedo;Total;De 70 a 74 años;9
34 Palencia;34041 Calahorra de Boedo;Total;De 75 a 79 años;8
34 Palencia;34041 Calahorra de Boedo;Total;De 80 a 84 años;8
34 Palencia;34041 Calahorra de Boedo;Total;De 85 a 89 años;4
34 Palencia;34041 Calahorra de Boedo;Total;De 90 a 94 años;5
34 Palencia;34041 Calahorra de Boedo;Total;De 95 a 99 años;1
34 Palencia;34041 Calahorra de Boedo;Total;100 y más años;0
34 Palencia;34042 Calzada de los Molinos;Total;De 65 a 69 años;21
34 Palencia;34042 Calzada de los Molinos;Total;De 70 a 74 años;21
34 Palencia;34042 Calzada de los Molinos;Total;De 75 a 79 años;19
34 Palencia;34042 Calzada de los Molinos;Total;De 80 a 84 años;22
34 Palencia;34042 Calzada de los Molinos;Total;De 85 a 89 años;13
34 Palencia;34042 Calzada de los Molinos;Total;De 90 a 94 años;2
34 Palencia;34042 Calzada de los Molinos;Total;De 95 a 99 años;1
34 Palencia;34042 Calzada de los Molinos;Total;100 y más años;0
34 Palencia;34045 Capillas;Total;De 65 a 69 años;8
34 Palencia;34045 Capillas;Total;De 70 a 74 años;8
34 Palencia;34045 Capillas;Total;De 75 a 79 años;6
34 Palencia;34045 Capillas;Total;De 80 a 84 años;4
34 Palencia;34045 Capillas;Total;De 85 a 89 años;4
34 Palencia;34045 Capillas;Total;De 90 a 94 años;2
34 Palencia;34045 Capillas;Total;De 95 a 99 años;0
34 Palencia;34045 Capillas;Total;100 y más años;0
34 Palencia;34046 Cardeñosa de Volpejera;Total;De 65 a 69 años;8
34 Palencia;34046 Cardeñosa de Volpejera;Total;De 70 a 74 años;4
34 Palencia;34046 Cardeñosa de Volpejera;Total;De 75 a 79 años;1
34 Palencia;34046 Cardeñosa de Volpejera;Total;De 80 a 84 años;1
34 Palencia;34046 Cardeñosa de Volpejera;Total;De 85 a 89 años;0
34 Palencia;34046 Cardeñosa de Volpejera;Total;De 90 a 94 años;1
34 Palencia;34046 Cardeñosa de Volpejera;Total;De 95 a 99 años;0
34 Palencia;34046 Cardeñosa de Volpejera;Total;100 y más años;0
34 Palencia;34047 Carrión de los Condes;Total;De 65 a 69 años;168
34 Palencia;34047 Carrión de los Condes;Total;De 70 a 74 años;122
34 Palencia;34047 Carrión de los Condes;Total;De 75 a 79 años;109
34 Palencia;34047 Carrión de los Condes;Total;De 80 a 84 años;87
34 Palencia;34047 Carrión de los Condes;Total;De 85 a 89 años;62
34 Palencia;34047 Carrión de los Condes;Total;De 90 a 94 años;48
34 Palencia;34047 Carrión de los Condes;Total;De 95 a 99 años;8
34 Palencia;34047 Carrión de los Condes;Total;100 y más años;2
34 Palencia;34048 Castil de Vela;Total;De 65 a 69 años;10
34 Palencia;34048 Castil de Vela;Total;De 70 a 74 años;2
34 Palencia;34048 Castil de Vela;Total;De 75 a 79 años;5
34 Palencia;34048 Castil de Vela;Total;De 80 a 84 años;3
34 Palencia;34048 Castil de Vela;Total;De 85 a 89 años;2
34 Palencia;34048 Castil de Vela;Total;De 90 a 94 años;2
34 Palencia;34048 Castil de Vela;Total;De 95 a 99 años;0
34 Palencia;34048 Castil de Vela;Total;100 y más años;0
34 Palencia;34049 Castrejón de la Peña;Total;De 65 a 69 años;32
34 Palencia;34049 Castrejón de la Peña;Total;De 70 a 74 años;44
34 Palencia;34049 Castrejón de la Peña;Total;De 75 a 79 años;19
34 Palencia;34049 Castrejón de la Peña;Total;De 80 a 84 años;22
34 Palencia;34049 Castrejón de la Peña;Total;De 85 a 89 años;12
34 Palencia;34049 Castrejón de la Peña;Total;De 90 a 94 años;4
34 Palencia;34049 Castrejón de la Peña;Total;De 95 a 99 años;2
34 Palencia;34049 Castrejón de la Peña;Total;100 y más años;3
34 Palencia;34050 Castrillo de Don Juan;Total;De 65 a 69 años;18
34 Palencia;34050 Castrillo de Don Juan;Total;De 70 a 74 años;12
34 Palencia;34050 Castrillo de Don Juan;Total;De 75 a 79 años;21
34 Palencia;34050 Castrillo de Don Juan;Total;De 80 a 84 años;13
34 Palencia;34050 Castrillo de Don Juan;Total;De 85 a 89 años;14
34 Palencia;34050 Castrillo de Don Juan;Total;De 90 a 94 años;5
34 Palencia;34050 Castrillo de Don Juan;Total;De 95 a 99 años;1
34 Palencia;34050 Castrillo de Don Juan;Total;100 y más años;0
34 Palencia;34051 Castrillo de Onielo;Total;De 65 a 69 años;4
34 Palencia;34051 Castrillo de Onielo;Total;De 70 a 74 años;10
34 Palencia;34051 Castrillo de Onielo;Total;De 75 a 79 años;3
34 Palencia;34051 Castrillo de Onielo;Total;De 80 a 84 años;9
34 Palencia;34051 Castrillo de Onielo;Total;De 85 a 89 años;4
34 Palencia;34051 Castrillo de Onielo;Total;De 90 a 94 años;3
34 Palencia;34051 Castrillo de Onielo;Total;De 95 a 99 años;0
34 Palencia;34051 Castrillo de Onielo;Total;100 y más años;0
34 Palencia;34052 Castrillo de Villavega;Total;De 65 a 69 años;16
34 Palencia;34052 Castrillo de Villavega;Total;De 70 a 74 años;13
34 Palencia;34052 Castrillo de Villavega;Total;De 75 a 79 años;18
34 Palencia;34052 Castrillo de Villavega;Total;De 80 a 84 años;15
34 Palencia;34052 Castrillo de Villavega;Total;De 85 a 89 años;11
34 Palencia;34052 Castrillo de Villavega;Total;De 90 a 94 años;4
34 Palencia;34052 Castrillo de Villavega;Total;De 95 a 99 años;1
34 Palencia;34052 Castrillo de Villavega;Total;100 y más años;0
34 Palencia;34053 Castromocho;Total;De 65 a 69 años;12
34 Palencia;34053 Castromocho;Total;De 70 a 74 años;15
34 Palencia;34053 Castromocho;Total;De 75 a 79 años;7
34 Palencia;34053 Castromocho;Total;De 80 a 84 años;11
34 Palencia;34053 Castromocho;Total;De 85 a 89 años;6
34 Palencia;34053 Castromocho;Total;De 90 a 94 años;4
34 Palencia;34053 Castromocho;Total;De 95 a 99 años;1
34 Palencia;34053 Castromocho;Total;100 y más años;0
34 Palencia;34055 Cervatos de la Cueza;Total;De 65 a 69 años;29
34 Palencia;34055 Cervatos de la Cueza;Total;De 70 a 74 años;22
34 Palencia;34055 Cervatos de la Cueza;Total;De 75 a 79 años;13
34 Palencia;34055 Cervatos de la Cueza;Total;De 80 a 84 años;14
34 Palencia;34055 Cervatos de la Cueza;Total;De 85 a 89 años;11
34 Palencia;34055 Cervatos de la Cueza;Total;De 90 a 94 años;5
34 Palencia;34055 Cervatos de la Cueza;Total;De 95 a 99 años;2
34 Palencia;34055 Cervatos de la Cueza;Total;100 y más años;0
34 Palencia;34056 Cervera de Pisuerga;Total;De 65 a 69 años;177
34 Palencia;34056 Cervera de Pisuerga;Total;De 70 a 74 años;131
34 Palencia;34056 Cervera de Pisuerga;Total;De 75 a 79 años;99
34 Palencia;34056 Cervera de Pisuerga;Total;De 80 a 84 años;73
34 Palencia;34056 Cervera de Pisuerga;Total;De 85 a 89 años;71
34 Palencia;34056 Cervera de Pisuerga;Total;De 90 a 94 años;55
34 Palencia;34056 Cervera de Pisuerga;Total;De 95 a 99 años;24
34 Palencia;34056 Cervera de Pisuerga;Total;100 y más años;4
34 Palencia;34057 Cevico de la Torre;Total;De 65 a 69 años;39
34 Palencia;34057 Cevico de la Torre;Total;De 70 a 74 años;37
34 Palencia;34057 Cevico de la Torre;Total;De 75 a 79 años;26
34 Palencia;34057 Cevico de la Torre;Total;De 80 a 84 años;34
34 Palencia;34057 Cevico de la Torre;Total;De 85 a 89 años;25
34 Palencia;34057 Cevico de la Torre;Total;De 90 a 94 años;25
34 Palencia;34057 Cevico de la Torre;Total;De 95 a 99 años;12
34 Palencia;34057 Cevico de la Torre;Total;100 y más años;3
34 Palencia;34058 Cevico Navero;Total;De 65 a 69 años;18
34 Palencia;34058 Cevico Navero;Total;De 70 a 74 años;22
34 Palencia;34058 Cevico Navero;Total;De 75 a 79 años;12
34 Palencia;34058 Cevico Navero;Total;De 80 a 84 años;13
34 Palencia;34058 Cevico Navero;Total;De 85 a 89 años;10
34 Palencia;34058 Cevico Navero;Total;De 90 a 94 años;6
34 Palencia;34058 Cevico Navero;Total;De 95 a 99 años;1
34 Palencia;34058 Cevico Navero;Total;100 y más años;0
34 Palencia;34059 Cisneros;Total;De 65 a 69 años;37
34 Palencia;34059 Cisneros;Total;De 70 a 74 años;30
34 Palencia;34059 Cisneros;Total;De 75 a 79 años;22
34 Palencia;34059 Cisneros;Total;De 80 a 84 años;24
34 Palencia;34059 Cisneros;Total;De 85 a 89 años;31
34 Palencia;34059 Cisneros;Total;De 90 a 94 años;26
34 Palencia;34059 Cisneros;Total;De 95 a 99 años;7
34 Palencia;34059 Cisneros;Total;100 y más años;0
34 Palencia;34060 Cobos de Cerrato;Total;De 65 a 69 años;13
34 Palencia;34060 Cobos de Cerrato;Total;De 70 a 74 años;16
34 Palencia;34060 Cobos de Cerrato;Total;De 75 a 79 años;5
34 Palencia;34060 Cobos de Cerrato;Total;De 80 a 84 años;3
34 Palencia;34060 Cobos de Cerrato;Total;De 85 a 89 años;5
34 Palencia;34060 Cobos de Cerrato;Total;De 90 a 94 años;2
34 Palencia;34060 Cobos de Cerrato;Total;De 95 a 99 años;5
34 Palencia;34060 Cobos de Cerrato;Total;100 y más años;0
34 Palencia;34061 Collazos de Boedo;Total;De 65 a 69 años;12
34 Palencia;34061 Collazos de Boedo;Total;De 70 a 74 años;13
34 Palencia;34061 Collazos de Boedo;Total;De 75 a 79 años;7
34 Palencia;34061 Collazos de Boedo;Total;De 80 a 84 años;2
34 Palencia;34061 Collazos de Boedo;Total;De 85 a 89 años;5
34 Palencia;34061 Collazos de Boedo;Total;De 90 a 94 años;0
34 Palencia;34061 Collazos de Boedo;Total;De 95 a 99 años;2
34 Palencia;34061 Collazos de Boedo;Total;100 y más años;1
34 Palencia;34062 Congosto de Valdavia;Total;De 65 a 69 años;17
34 Palencia;34062 Congosto de Valdavia;Total;De 70 a 74 años;17
34 Palencia;34062 Congosto de Valdavia;Total;De 75 a 79 años;8
34 Palencia;34062 Congosto de Valdavia;Total;De 80 a 84 años;10
34 Palencia;34062 Congosto de Valdavia;Total;De 85 a 89 años;5
34 Palencia;34062 Congosto de Valdavia;Total;De 90 a 94 años;3
34 Palencia;34062 Congosto de Valdavia;Total;De 95 a 99 años;2
34 Palencia;34062 Congosto de Valdavia;Total;100 y más años;0
34 Palencia;34063 Cordovilla la Real;Total;De 65 a 69 años;8
34 Palencia;34063 Cordovilla la Real;Total;De 70 a 74 años;7
34 Palencia;34063 Cordovilla la Real;Total;De 75 a 79 años;2
34 Palencia;34063 Cordovilla la Real;Total;De 80 a 84 años;4
34 Palencia;34063 Cordovilla la Real;Total;De 85 a 89 años;6
34 Palencia;34063 Cordovilla la Real;Total;De 90 a 94 años;3
34 Palencia;34063 Cordovilla la Real;Total;De 95 a 99 años;3
34 Palencia;34063 Cordovilla la Real;Total;100 y más años;1
34 Palencia;34066 Cubillas de Cerrato;Total;De 65 a 69 años;6
34 Palencia;34066 Cubillas de Cerrato;Total;De 70 a 74 años;3
34 Palencia;34066 Cubillas de Cerrato;Total;De 75 a 79 años;5
34 Palencia;34066 Cubillas de Cerrato;Total;De 80 a 84 años;5
34 Palencia;34066 Cubillas de Cerrato;Total;De 85 a 89 años;0
34 Palencia;34066 Cubillas de Cerrato;Total;De 90 a 94 años;3
34 Palencia;34066 Cubillas de Cerrato;Total;De 95 a 99 años;1
34 Palencia;34066 Cubillas de Cerrato;Total;100 y más años;0
34 Palencia;34067 Dehesa de Montejo;Total;De 65 a 69 años;17
34 Palencia;34067 Dehesa de Montejo;Total;De 70 a 74 años;10
34 Palencia;34067 Dehesa de Montejo;Total;De 75 a 79 años;5
34 Palencia;34067 Dehesa de Montejo;Total;De 80 a 84 años;3
34 Palencia;34067 Dehesa de Montejo;Total;De 85 a 89 años;3
34 Palencia;34067 Dehesa de Montejo;Total;De 90 a 94 años;4
34 Palencia;34067 Dehesa de Montejo;Total;De 95 a 99 años;2
34 Palencia;34067 Dehesa de Montejo;Total;100 y más años;3
34 Palencia;34068 Dehesa de Romanos;Total;De 65 a 69 años;1
34 Palencia;34068 Dehesa de Romanos;Total;De 70 a 74 años;0
34 Palencia;34068 Dehesa de Romanos;Total;De 75 a 79 años;4
34 Palencia;34068 Dehesa de Romanos;Total;De 80 a 84 años;4
34 Palencia;34068 Dehesa de Romanos;Total;De 85 a 89 años;0
34 Palencia;34068 Dehesa de Romanos;Total;De 90 a 94 años;0
34 Palencia;34068 Dehesa de Romanos;Total;De 95 a 99 años;0
34 Palencia;34068 Dehesa de Romanos;Total;100 y más años;0
34 Palencia;34069 Dueñas;Total;De 65 a 69 años;211
34 Palencia;34069 Dueñas;Total;De 70 a 74 años;156
34 Palencia;34069 Dueñas;Total;De 75 a 79 años;136
34 Palencia;34069 Dueñas;Total;De 80 a 84 años;81
34 Palencia;34069 Dueñas;Total;De 85 a 89 años;63
34 Palencia;34069 Dueñas;Total;De 90 a 94 años;43
34 Palencia;34069 Dueñas;Total;De 95 a 99 años;16
34 Palencia;34069 Dueñas;Total;100 y más años;3
34 Palencia;34070 Espinosa de Cerrato;Total;De 65 a 69 años;11
34 Palencia;34070 Espinosa de Cerrato;Total;De 70 a 74 años;10
34 Palencia;34070 Espinosa de Cerrato;Total;De 75 a 79 años;11
34 Palencia;34070 Espinosa de Cerrato;Total;De 80 a 84 años;11
34 Palencia;34070 Espinosa de Cerrato;Total;De 85 a 89 años;7
34 Palencia;34070 Espinosa de Cerrato;Total;De 90 a 94 años;8
34 Palencia;34070 Espinosa de Cerrato;Total;De 95 a 99 años;1
34 Palencia;34070 Espinosa de Cerrato;Total;100 y más años;1
34 Palencia;34071 Espinosa de Villagonzalo;Total;De 65 a 69 años;14
34 Palencia;34071 Espinosa de Villagonzalo;Total;De 70 a 74 años;11
34 Palencia;34071 Espinosa de Villagonzalo;Total;De 75 a 79 años;10
34 Palencia;34071 Espinosa de Villagonzalo;Total;De 80 a 84 años;15
34 Palencia;34071 Espinosa de Villagonzalo;Total;De 85 a 89 años;9
34 Palencia;34071 Espinosa de Villagonzalo;Total;De 90 a 94 años;6
34 Palencia;34071 Espinosa de Villagonzalo;Total;De 95 a 99 años;2
34 Palencia;34071 Espinosa de Villagonzalo;Total;100 y más años;0
34 Palencia;34072 Frechilla;Total;De 65 a 69 años;13
34 Palencia;34072 Frechilla;Total;De 70 a 74 años;11
34 Palencia;34072 Frechilla;Total;De 75 a 79 años;13
34 Palencia;34072 Frechilla;Total;De 80 a 84 años;8
34 Palencia;34072 Frechilla;Total;De 85 a 89 años;5
34 Palencia;34072 Frechilla;Total;De 90 a 94 años;4
34 Palencia;34072 Frechilla;Total;De 95 a 99 años;0
34 Palencia;34072 Frechilla;Total;100 y más años;1
34 Palencia;34073 Fresno del Río;Total;De 65 a 69 años;15
34 Palencia;34073 Fresno del Río;Total;De 70 a 74 años;13
34 Palencia;34073 Fresno del Río;Total;De 75 a 79 años;20
34 Palencia;34073 Fresno del Río;Total;De 80 a 84 años;13
34 Palencia;34073 Fresno del Río;Total;De 85 a 89 años;5
34 Palencia;34073 Fresno del Río;Total;De 90 a 94 años;3
34 Palencia;34073 Fresno del Río;Total;De 95 a 99 años;2
34 Palencia;34073 Fresno del Río;Total;100 y más años;2
34 Palencia;34074 Frómista;Total;De 65 a 69 años;65
34 Palencia;34074 Frómista;Total;De 70 a 74 años;55
34 Palencia;34074 Frómista;Total;De 75 a 79 años;37
34 Palencia;34074 Frómista;Total;De 80 a 84 años;38
34 Palencia;34074 Frómista;Total;De 85 a 89 años;24
34 Palencia;34074 Frómista;Total;De 90 a 94 años;12
34 Palencia;34074 Frómista;Total;De 95 a 99 años;12
34 Palencia;34074 Frómista;Total;100 y más años;0
34 Palencia;34076 Fuentes de Nava;Total;De 65 a 69 años;31
34 Palencia;34076 Fuentes de Nava;Total;De 70 a 74 años;37
34 Palencia;34076 Fuentes de Nava;Total;De 75 a 79 años;37
34 Palencia;34076 Fuentes de Nava;Total;De 80 a 84 años;29
34 Palencia;34076 Fuentes de Nava;Total;De 85 a 89 años;17
34 Palencia;34076 Fuentes de Nava;Total;De 90 a 94 años;15
34 Palencia;34076 Fuentes de Nava;Total;De 95 a 99 años;3
34 Palencia;34076 Fuentes de Nava;Total;100 y más años;1
34 Palencia;34077 Fuentes de Valdepero;Total;De 65 a 69 años;27
34 Palencia;34077 Fuentes de Valdepero;Total;De 70 a 74 años;24
34 Palencia;34077 Fuentes de Valdepero;Total;De 75 a 79 años;9
34 Palencia;34077 Fuentes de Valdepero;Total;De 80 a 84 años;15
34 Palencia;34077 Fuentes de Valdepero;Total;De 85 a 89 años;6
34 Palencia;34077 Fuentes de Valdepero;Total;De 90 a 94 años;2
34 Palencia;34077 Fuentes de Valdepero;Total;De 95 a 99 años;2
34 Palencia;34077 Fuentes de Valdepero;Total;100 y más años;0
34 Palencia;34079 Grijota;Total;De 65 a 69 años;120
34 Palencia;34079 Grijota;Total;De 70 a 74 años;64
34 Palencia;34079 Grijota;Total;De 75 a 79 años;49
34 Palencia;34079 Grijota;Total;De 80 a 84 años;44
34 Palencia;34079 Grijota;Total;De 85 a 89 años;26
34 Palencia;34079 Grijota;Total;De 90 a 94 años;22
34 Palencia;34079 Grijota;Total;De 95 a 99 años;2
34 Palencia;34079 Grijota;Total;100 y más años;0
34 Palencia;34080 Guardo;Total;De 65 a 69 años;529
34 Palencia;34080 Guardo;Total;De 70 a 74 años;366
34 Palencia;34080 Guardo;Total;De 75 a 79 años;286
34 Palencia;34080 Guardo;Total;De 80 a 84 años;224
34 Palencia;34080 Guardo;Total;De 85 a 89 años;143
34 Palencia;34080 Guardo;Total;De 90 a 94 años;92
34 Palencia;34080 Guardo;Total;De 95 a 99 años;17
34 Palencia;34080 Guardo;Total;100 y más años;7
34 Palencia;34081 Guaza de Campos;Total;De 65 a 69 años;5
34 Palencia;34081 Guaza de Campos;Total;De 70 a 74 años;5
34 Palencia;34081 Guaza de Campos;Total;De 75 a 79 años;6
34 Palencia;34081 Guaza de Campos;Total;De 80 a 84 años;8
34 Palencia;34081 Guaza de Campos;Total;De 85 a 89 años;4
34 Palencia;34081 Guaza de Campos;Total;De 90 a 94 años;0
34 Palencia;34081 Guaza de Campos;Total;De 95 a 99 años;0
34 Palencia;34081 Guaza de Campos;Total;100 y más años;0
34 Palencia;34082 Hérmedes de Cerrato;Total;De 65 a 69 años;5
34 Palencia;34082 Hérmedes de Cerrato;Total;De 70 a 74 años;11
34 Palencia;34082 Hérmedes de Cerrato;Total;De 75 a 79 años;12
34 Palencia;34082 Hérmedes de Cerrato;Total;De 80 a 84 años;6
34 Palencia;34082 Hérmedes de Cerrato;Total;De 85 a 89 años;2
34 Palencia;34082 Hérmedes de Cerrato;Total;De 90 a 94 años;6
34 Palencia;34082 Hérmedes de Cerrato;Total;De 95 a 99 años;1
34 Palencia;34082 Hérmedes de Cerrato;Total;100 y más años;1
34 Palencia;34083 Herrera de Pisuerga;Total;De 65 a 69 años;168
34 Palencia;34083 Herrera de Pisuerga;Total;De 70 a 74 años;114
34 Palencia;34083 Herrera de Pisuerga;Total;De 75 a 79 años;110
34 Palencia;34083 Herrera de Pisuerga;Total;De 80 a 84 años;85
34 Palencia;34083 Herrera de Pisuerga;Total;De 85 a 89 años;63
34 Palencia;34083 Herrera de Pisuerga;Total;De 90 a 94 años;55
34 Palencia;34083 Herrera de Pisuerga;Total;De 95 a 99 años;16
34 Palencia;34083 Herrera de Pisuerga;Total;100 y más años;4
34 Palencia;34084 Herrera de Valdecañas;Total;De 65 a 69 años;12
34 Palencia;34084 Herrera de Valdecañas;Total;De 70 a 74 años;18
34 Palencia;34084 Herrera de Valdecañas;Total;De 75 a 79 años;10
34 Palencia;34084 Herrera de Valdecañas;Total;De 80 a 84 años;6
34 Palencia;34084 Herrera de Valdecañas;Total;De 85 a 89 años;3
34 Palencia;34084 Herrera de Valdecañas;Total;De 90 a 94 años;3
34 Palencia;34084 Herrera de Valdecañas;Total;De 95 a 99 años;0
34 Palencia;34084 Herrera de Valdecañas;Total;100 y más años;0
34 Palencia;34086 Hontoria de Cerrato;Total;De 65 a 69 años;11
34 Palencia;34086 Hontoria de Cerrato;Total;De 70 a 74 años;8
34 Palencia;34086 Hontoria de Cerrato;Total;De 75 a 79 años;8
34 Palencia;34086 Hontoria de Cerrato;Total;De 80 a 84 años;4
34 Palencia;34086 Hontoria de Cerrato;Total;De 85 a 89 años;5
34 Palencia;34086 Hontoria de Cerrato;Total;De 90 a 94 años;1
34 Palencia;34086 Hontoria de Cerrato;Total;De 95 a 99 años;0
34 Palencia;34086 Hontoria de Cerrato;Total;100 y más años;0
34 Palencia;34087 Hornillos de Cerrato;Total;De 65 a 69 años;16
34 Palencia;34087 Hornillos de Cerrato;Total;De 70 a 74 años;13
34 Palencia;34087 Hornillos de Cerrato;Total;De 75 a 79 años;10
34 Palencia;34087 Hornillos de Cerrato;Total;De 80 a 84 años;9
34 Palencia;34087 Hornillos de Cerrato;Total;De 85 a 89 años;4
34 Palencia;34087 Hornillos de Cerrato;Total;De 90 a 94 años;5
34 Palencia;34087 Hornillos de Cerrato;Total;De 95 a 99 años;2
34 Palencia;34087 Hornillos de Cerrato;Total;100 y más años;0
34 Palencia;34088 Husillos;Total;De 65 a 69 años;27
34 Palencia;34088 Husillos;Total;De 70 a 74 años;23
34 Palencia;34088 Husillos;Total;De 75 a 79 años;14
34 Palencia;34088 Husillos;Total;De 80 a 84 años;13
34 Palencia;34088 Husillos;Total;De 85 a 89 años;4
34 Palencia;34088 Husillos;Total;De 90 a 94 años;2
34 Palencia;34088 Husillos;Total;De 95 a 99 años;2
34 Palencia;34088 Husillos;Total;100 y más años;0
34 Palencia;34089 Itero de la Vega;Total;De 65 a 69 años;21
34 Palencia;34089 Itero de la Vega;Total;De 70 a 74 años;10
34 Palencia;34089 Itero de la Vega;Total;De 75 a 79 años;11
34 Palencia;34089 Itero de la Vega;Total;De 80 a 84 años;13
34 Palencia;34089 Itero de la Vega;Total;De 85 a 89 años;6
34 Palencia;34089 Itero de la Vega;Total;De 90 a 94 años;4
34 Palencia;34089 Itero de la Vega;Total;De 95 a 99 años;1
34 Palencia;34089 Itero de la Vega;Total;100 y más años;0
34 Palencia;34091 Lagartos;Total;De 65 a 69 años;7
34 Palencia;34091 Lagartos;Total;De 70 a 74 años;8
34 Palencia;34091 Lagartos;Total;De 75 a 79 años;7
34 Palencia;34091 Lagartos;Total;De 80 a 84 años;11
34 Palencia;34091 Lagartos;Total;De 85 a 89 años;7
34 Palencia;34091 Lagartos;Total;De 90 a 94 años;9
34 Palencia;34091 Lagartos;Total;De 95 a 99 años;2
34 Palencia;34091 Lagartos;Total;100 y más años;0
34 Palencia;34092 Lantadilla;Total;De 65 a 69 años;32
34 Palencia;34092 Lantadilla;Total;De 70 a 74 años;18
34 Palencia;34092 Lantadilla;Total;De 75 a 79 años;18
34 Palencia;34092 Lantadilla;Total;De 80 a 84 años;28
34 Palencia;34092 Lantadilla;Total;De 85 a 89 años;18
34 Palencia;34092 Lantadilla;Total;De 90 a 94 años;10
34 Palencia;34092 Lantadilla;Total;De 95 a 99 años;4
34 Palencia;34092 Lantadilla;Total;100 y más años;1
34 Palencia;34093 Vid de Ojeda, La;Total;De 65 a 69 años;9
34 Palencia;34093 Vid de Ojeda, La;Total;De 70 a 74 años;4
34 Palencia;34093 Vid de Ojeda, La;Total;De 75 a 79 años;4
34 Palencia;34093 Vid de Ojeda, La;Total;De 80 a 84 años;2
34 Palencia;34093 Vid de Ojeda, La;Total;De 85 a 89 años;3
34 Palencia;34093 Vid de Ojeda, La;Total;De 90 a 94 años;6
34 Palencia;34093 Vid de Ojeda, La;Total;De 95 a 99 años;2
34 Palencia;34093 Vid de Ojeda, La;Total;100 y más años;0
34 Palencia;34094 Ledigos;Total;De 65 a 69 años;5
34 Palencia;34094 Ledigos;Total;De 70 a 74 años;7
34 Palencia;34094 Ledigos;Total;De 75 a 79 años;5
34 Palencia;34094 Ledigos;Total;De 80 a 84 años;3
34 Palencia;34094 Ledigos;Total;De 85 a 89 años;3
34 Palencia;34094 Ledigos;Total;De 90 a 94 años;2
34 Palencia;34094 Ledigos;Total;De 95 a 99 años;0
34 Palencia;34094 Ledigos;Total;100 y más años;0
34 Palencia;34096 Lomas;Total;De 65 a 69 años;4
34 Palencia;34096 Lomas;Total;De 70 a 74 años;3
34 Palencia;34096 Lomas;Total;De 75 a 79 años;6
34 Palencia;34096 Lomas;Total;De 80 a 84 años;4
34 Palencia;34096 Lomas;Total;De 85 a 89 años;2
34 Palencia;34096 Lomas;Total;De 90 a 94 años;1
34 Palencia;34096 Lomas;Total;De 95 a 99 años;0
34 Palencia;34096 Lomas;Total;100 y más años;0
34 Palencia;34098 Magaz de Pisuerga;Total;De 65 a 69 años;65
34 Palencia;34098 Magaz de Pisuerga;Total;De 70 a 74 años;40
34 Palencia;34098 Magaz de Pisuerga;Total;De 75 a 79 años;35
34 Palencia;34098 Magaz de Pisuerga;Total;De 80 a 84 años;23
34 Palencia;34098 Magaz de Pisuerga;Total;De 85 a 89 años;13
34 Palencia;34098 Magaz de Pisuerga;Total;De 90 a 94 años;2
34 Palencia;34098 Magaz de Pisuerga;Total;De 95 a 99 años;5
34 Palencia;34098 Magaz de Pisuerga;Total;100 y más años;0
34 Palencia;34099 Manquillos;Total;De 65 a 69 años;9
34 Palencia;34099 Manquillos;Total;De 70 a 74 años;2
34 Palencia;34099 Manquillos;Total;De 75 a 79 años;5
34 Palencia;34099 Manquillos;Total;De 80 a 84 años;1
34 Palencia;34099 Manquillos;Total;De 85 a 89 años;0
34 Palencia;34099 Manquillos;Total;De 90 a 94 años;1
34 Palencia;34099 Manquillos;Total;De 95 a 99 años;0
34 Palencia;34099 Manquillos;Total;100 y más años;0
34 Palencia;34100 Mantinos;Total;De 65 a 69 años;27
34 Palencia;34100 Mantinos;Total;De 70 a 74 años;11
34 Palencia;34100 Mantinos;Total;De 75 a 79 años;6
34 Palencia;34100 Mantinos;Total;De 80 a 84 años;4
34 Palencia;34100 Mantinos;Total;De 85 a 89 años;3
34 Palencia;34100 Mantinos;Total;De 90 a 94 años;2
34 Palencia;34100 Mantinos;Total;De 95 a 99 años;1
34 Palencia;34100 Mantinos;Total;100 y más años;0
34 Palencia;34101 Marcilla de Campos;Total;De 65 a 69 años;7
34 Palencia;34101 Marcilla de Campos;Total;De 70 a 74 años;7
34 Palencia;34101 Marcilla de Campos;Total;De 75 a 79 años;3
34 Palencia;34101 Marcilla de Campos;Total;De 80 a 84 años;5
34 Palencia;34101 Marcilla de Campos;Total;De 85 a 89 años;1
34 Palencia;34101 Marcilla de Campos;Total;De 90 a 94 años;2
34 Palencia;34101 Marcilla de Campos;Total;De 95 a 99 años;0
34 Palencia;34101 Marcilla de Campos;Total;100 y más años;0
34 Palencia;34102 Mazariegos;Total;De 65 a 69 años;17
34 Palencia;34102 Mazariegos;Total;De 70 a 74 años;12
34 Palencia;34102 Mazariegos;Total;De 75 a 79 años;16
34 Palencia;34102 Mazariegos;Total;De 80 a 84 años;15
34 Palencia;34102 Mazariegos;Total;De 85 a 89 años;8
34 Palencia;34102 Mazariegos;Total;De 90 a 94 años;2
34 Palencia;34102 Mazariegos;Total;De 95 a 99 años;0
34 Palencia;34102 Mazariegos;Total;100 y más años;0
34 Palencia;34103 Mazuecos de Valdeginate;Total;De 65 a 69 años;8
34 Palencia;34103 Mazuecos de Valdeginate;Total;De 70 a 74 años;6
34 Palencia;34103 Mazuecos de Valdeginate;Total;De 75 a 79 años;10
34 Palencia;34103 Mazuecos de Valdeginate;Total;De 80 a 84 años;8
34 Palencia;34103 Mazuecos de Valdeginate;Total;De 85 a 89 años;5
34 Palencia;34103 Mazuecos de Valdeginate;Total;De 90 a 94 años;0
34 Palencia;34103 Mazuecos de Valdeginate;Total;De 95 a 99 años;0
34 Palencia;34103 Mazuecos de Valdeginate;Total;100 y más años;0
34 Palencia;34104 Melgar de Yuso;Total;De 65 a 69 años;27
34 Palencia;34104 Melgar de Yuso;Total;De 70 a 74 años;26
34 Palencia;34104 Melgar de Yuso;Total;De 75 a 79 años;18
34 Palencia;34104 Melgar de Yuso;Total;De 80 a 84 años;19
34 Palencia;34104 Melgar de Yuso;Total;De 85 a 89 años;15
34 Palencia;34104 Melgar de Yuso;Total;De 90 a 94 años;8
34 Palencia;34104 Melgar de Yuso;Total;De 95 a 99 años;2
34 Palencia;34104 Melgar de Yuso;Total;100 y más años;2
34 Palencia;34106 Meneses de Campos;Total;De 65 a 69 años;12
34 Palencia;34106 Meneses de Campos;Total;De 70 a 74 años;10
34 Palencia;34106 Meneses de Campos;Total;De 75 a 79 años;7
34 Palencia;34106 Meneses de Campos;Total;De 80 a 84 años;1
34 Palencia;34106 Meneses de Campos;Total;De 85 a 89 años;5
34 Palencia;34106 Meneses de Campos;Total;De 90 a 94 años;7
34 Palencia;34106 Meneses de Campos;Total;De 95 a 99 años;1
34 Palencia;34106 Meneses de Campos;Total;100 y más años;0
34 Palencia;34107 Micieces de Ojeda;Total;De 65 a 69 años;7
34 Palencia;34107 Micieces de Ojeda;Total;De 70 a 74 años;9
34 Palencia;34107 Micieces de Ojeda;Total;De 75 a 79 años;7
34 Palencia;34107 Micieces de Ojeda;Total;De 80 a 84 años;4
34 Palencia;34107 Micieces de Ojeda;Total;De 85 a 89 años;3
34 Palencia;34107 Micieces de Ojeda;Total;De 90 a 94 años;3
34 Palencia;34107 Micieces de Ojeda;Total;De 95 a 99 años;2
34 Palencia;34107 Micieces de Ojeda;Total;100 y más años;0
34 Palencia;34108 Monzón de Campos;Total;De 65 a 69 años;43
34 Palencia;34108 Monzón de Campos;Total;De 70 a 74 años;39
34 Palencia;34108 Monzón de Campos;Total;De 75 a 79 años;28
34 Palencia;34108 Monzón de Campos;Total;De 80 a 84 años;21
34 Palencia;34108 Monzón de Campos;Total;De 85 a 89 años;15
34 Palencia;34108 Monzón de Campos;Total;De 90 a 94 años;10
34 Palencia;34108 Monzón de Campos;Total;De 95 a 99 años;4
34 Palencia;34108 Monzón de Campos;Total;100 y más años;1
34 Palencia;34109 Moratinos;Total;De 65 a 69 años;9
34 Palencia;34109 Moratinos;Total;De 70 a 74 años;6
34 Palencia;34109 Moratinos;Total;De 75 a 79 años;6
34 Palencia;34109 Moratinos;Total;De 80 a 84 años;3
34 Palencia;34109 Moratinos;Total;De 85 a 89 años;4
34 Palencia;34109 Moratinos;Total;De 90 a 94 años;1
34 Palencia;34109 Moratinos;Total;De 95 a 99 años;2
34 Palencia;34109 Moratinos;Total;100 y más años;0
34 Palencia;34110 Mudá;Total;De 65 a 69 años;14
34 Palencia;34110 Mudá;Total;De 70 a 74 años;3
34 Palencia;34110 Mudá;Total;De 75 a 79 años;2
34 Palencia;34110 Mudá;Total;De 80 a 84 años;2
34 Palencia;34110 Mudá;Total;De 85 a 89 años;3
34 Palencia;34110 Mudá;Total;De 90 a 94 años;2
34 Palencia;34110 Mudá;Total;De 95 a 99 años;1
34 Palencia;34110 Mudá;Total;100 y más años;0
34 Palencia;34112 Nogal de las Huertas;Total;De 65 a 69 años;4
34 Palencia;34112 Nogal de las Huertas;Total;De 70 a 74 años;4
34 Palencia;34112 Nogal de las Huertas;Total;De 75 a 79 años;2
34 Palencia;34112 Nogal de las Huertas;Total;De 80 a 84 años;5
34 Palencia;34112 Nogal de las Huertas;Total;De 85 a 89 años;1
34 Palencia;34112 Nogal de las Huertas;Total;De 90 a 94 años;2
34 Palencia;34112 Nogal de las Huertas;Total;De 95 a 99 años;1
34 Palencia;34112 Nogal de las Huertas;Total;100 y más años;0
34 Palencia;34113 Olea de Boedo;Total;De 65 a 69 años;5
34 Palencia;34113 Olea de Boedo;Total;De 70 a 74 años;1
34 Palencia;34113 Olea de Boedo;Total;De 75 a 79 años;0
34 Palencia;34113 Olea de Boedo;Total;De 80 a 84 años;1
34 Palencia;34113 Olea de Boedo;Total;De 85 a 89 años;4
34 Palencia;34113 Olea de Boedo;Total;De 90 a 94 años;1
34 Palencia;34113 Olea de Boedo;Total;De 95 a 99 años;1
34 Palencia;34113 Olea de Boedo;Total;100 y más años;0
34 Palencia;34114 Olmos de Ojeda;Total;De 65 a 69 años;17
34 Palencia;34114 Olmos de Ojeda;Total;De 70 a 74 años;23
34 Palencia;34114 Olmos de Ojeda;Total;De 75 a 79 años;18
34 Palencia;34114 Olmos de Ojeda;Total;De 80 a 84 años;11
34 Palencia;34114 Olmos de Ojeda;Total;De 85 a 89 años;12
34 Palencia;34114 Olmos de Ojeda;Total;De 90 a 94 años;2
34 Palencia;34114 Olmos de Ojeda;Total;De 95 a 99 años;0
34 Palencia;34114 Olmos de Ojeda;Total;100 y más años;1
34 Palencia;34116 Osornillo;Total;De 65 a 69 años;6
34 Palencia;34116 Osornillo;Total;De 70 a 74 años;3
34 Palencia;34116 Osornillo;Total;De 75 a 79 años;6
34 Palencia;34116 Osornillo;Total;De 80 a 84 años;4
34 Palencia;34116 Osornillo;Total;De 85 a 89 años;2
34 Palencia;34116 Osornillo;Total;De 90 a 94 años;2
34 Palencia;34116 Osornillo;Total;De 95 a 99 años;2
34 Palencia;34116 Osornillo;Total;100 y más años;0
34 Palencia;34120 Palencia;Total;De 65 a 69 años;5.916
34 Palencia;34120 Palencia;Total;De 70 a 74 años;4.842
34 Palencia;34120 Palencia;Total;De 75 a 79 años;3.942
34 Palencia;34120 Palencia;Total;De 80 a 84 años;2.927
34 Palencia;34120 Palencia;Total;De 85 a 89 años;1.719
34 Palencia;34120 Palencia;Total;De 90 a 94 años;1.197
34 Palencia;34120 Palencia;Total;De 95 a 99 años;354
34 Palencia;34120 Palencia;Total;100 y más años;51
34 Palencia;34121 Palenzuela;Total;De 65 a 69 años;24
34 Palencia;34121 Palenzuela;Total;De 70 a 74 años;10
34 Palencia;34121 Palenzuela;Total;De 75 a 79 años;18
34 Palencia;34121 Palenzuela;Total;De 80 a 84 años;13
34 Palencia;34121 Palenzuela;Total;De 85 a 89 años;7
34 Palencia;34121 Palenzuela;Total;De 90 a 94 años;2
34 Palencia;34121 Palenzuela;Total;De 95 a 99 años;1
34 Palencia;34121 Palenzuela;Total;100 y más años;0
34 Palencia;34122 Páramo de Boedo;Total;De 65 a 69 años;8
34 Palencia;34122 Páramo de Boedo;Total;De 70 a 74 años;5
34 Palencia;34122 Páramo de Boedo;Total;De 75 a 79 años;5
34 Palencia;34122 Páramo de Boedo;Total;De 80 a 84 años;5
34 Palencia;34122 Páramo de Boedo;Total;De 85 a 89 años;2
34 Palencia;34122 Páramo de Boedo;Total;De 90 a 94 años;2
34 Palencia;34122 Páramo de Boedo;Total;De 95 a 99 años;1
34 Palencia;34122 Páramo de Boedo;Total;100 y más años;0
34 Palencia;34123 Paredes de Nava;Total;De 65 a 69 años;144
34 Palencia;34123 Paredes de Nava;Total;De 70 a 74 años;106
34 Palencia;34123 Paredes de Nava;Total;De 75 a 79 años;90
34 Palencia;34123 Paredes de Nava;Total;De 80 a 84 años;79
34 Palencia;34123 Paredes de Nava;Total;De 85 a 89 años;64
34 Palencia;34123 Paredes de Nava;Total;De 90 a 94 años;42
34 Palencia;34123 Paredes de Nava;Total;De 95 a 99 años;12
34 Palencia;34123 Paredes de Nava;Total;100 y más años;1
34 Palencia;34124 Payo de Ojeda;Total;De 65 a 69 años;4
34 Palencia;34124 Payo de Ojeda;Total;De 70 a 74 años;7
34 Palencia;34124 Payo de Ojeda;Total;De 75 a 79 años;5
34 Palencia;34124 Payo de Ojeda;Total;De 80 a 84 años;3
34 Palencia;34124 Payo de Ojeda;Total;De 85 a 89 años;0
34 Palencia;34124 Payo de Ojeda;Total;De 90 a 94 años;0
34 Palencia;34124 Payo de Ojeda;Total;De 95 a 99 años;1
34 Palencia;34124 Payo de Ojeda;Total;100 y más años;0
34 Palencia;34125 Pedraza de Campos;Total;De 65 a 69 años;4
34 Palencia;34125 Pedraza de Campos;Total;De 70 a 74 años;13
34 Palencia;34125 Pedraza de Campos;Total;De 75 a 79 años;5
34 Palencia;34125 Pedraza de Campos;Total;De 80 a 84 años;4
34 Palencia;34125 Pedraza de Campos;Total;De 85 a 89 años;1
34 Palencia;34125 Pedraza de Campos;Total;De 90 a 94 años;4
34 Palencia;34125 Pedraza de Campos;Total;De 95 a 99 años;0
34 Palencia;34125 Pedraza de Campos;Total;100 y más años;0
34 Palencia;34126 Pedrosa de la Vega;Total;De 65 a 69 años;24
34 Palencia;34126 Pedrosa de la Vega;Total;De 70 a 74 años;18
34 Palencia;34126 Pedrosa de la Vega;Total;De 75 a 79 años;18
34 Palencia;34126 Pedrosa de la Vega;Total;De 80 a 84 años;20
34 Palencia;34126 Pedrosa de la Vega;Total;De 85 a 89 años;11
34 Palencia;34126 Pedrosa de la Vega;Total;De 90 a 94 años;11
34 Palencia;34126 Pedrosa de la Vega;Total;De 95 a 99 años;1
34 Palencia;34126 Pedrosa de la Vega;Total;100 y más años;0
34 Palencia;34127 Perales;Total;De 65 a 69 años;12
34 Palencia;34127 Perales;Total;De 70 a 74 años;9
34 Palencia;34127 Perales;Total;De 75 a 79 años;12
34 Palencia;34127 Perales;Total;De 80 a 84 años;9
34 Palencia;34127 Perales;Total;De 85 a 89 años;6
34 Palencia;34127 Perales;Total;De 90 a 94 años;4
34 Palencia;34127 Perales;Total;De 95 a 99 años;2
34 Palencia;34127 Perales;Total;100 y más años;1
34 Palencia;34129 Pino del Río;Total;De 65 a 69 años;13
34 Palencia;34129 Pino del Río;Total;De 70 a 74 años;10
34 Palencia;34129 Pino del Río;Total;De 75 a 79 años;16
34 Palencia;34129 Pino del Río;Total;De 80 a 84 años;7
34 Palencia;34129 Pino del Río;Total;De 85 a 89 años;8
34 Palencia;34129 Pino del Río;Total;De 90 a 94 años;6
34 Palencia;34129 Pino del Río;Total;De 95 a 99 años;0
34 Palencia;34129 Pino del Río;Total;100 y más años;0
34 Palencia;34130 Piña de Campos;Total;De 65 a 69 años;19
34 Palencia;34130 Piña de Campos;Total;De 70 a 74 años;14
34 Palencia;34130 Piña de Campos;Total;De 75 a 79 años;7
34 Palencia;34130 Piña de Campos;Total;De 80 a 84 años;9
34 Palencia;34130 Piña de Campos;Total;De 85 a 89 años;11
34 Palencia;34130 Piña de Campos;Total;De 90 a 94 años;4
34 Palencia;34130 Piña de Campos;Total;De 95 a 99 años;3
34 Palencia;34130 Piña de Campos;Total;100 y más años;1
34 Palencia;34131 Población de Arroyo;Total;De 65 a 69 años;1
34 Palencia;34131 Población de Arroyo;Total;De 70 a 74 años;4
34 Palencia;34131 Población de Arroyo;Total;De 75 a 79 años;6
34 Palencia;34131 Población de Arroyo;Total;De 80 a 84 años;6
34 Palencia;34131 Población de Arroyo;Total;De 85 a 89 años;6
34 Palencia;34131 Población de Arroyo;Total;De 90 a 94 años;3
34 Palencia;34131 Población de Arroyo;Total;De 95 a 99 años;0
34 Palencia;34131 Población de Arroyo;Total;100 y más años;1
34 Palencia;34132 Población de Campos;Total;De 65 a 69 años;8
34 Palencia;34132 Población de Campos;Total;De 70 a 74 años;13
34 Palencia;34132 Población de Campos;Total;De 75 a 79 años;10
34 Palencia;34132 Población de Campos;Total;De 80 a 84 años;6
34 Palencia;34132 Población de Campos;Total;De 85 a 89 años;2
34 Palencia;34132 Población de Campos;Total;De 90 a 94 años;2
34 Palencia;34132 Población de Campos;Total;De 95 a 99 años;2
34 Palencia;34132 Población de Campos;Total;100 y más años;0
34 Palencia;34133 Población de Cerrato;Total;De 65 a 69 años;10
34 Palencia;34133 Población de Cerrato;Total;De 70 a 74 años;10
34 Palencia;34133 Población de Cerrato;Total;De 75 a 79 años;8
34 Palencia;34133 Población de Cerrato;Total;De 80 a 84 años;9
34 Palencia;34133 Población de Cerrato;Total;De 85 a 89 años;3
34 Palencia;34133 Población de Cerrato;Total;De 90 a 94 años;3
34 Palencia;34133 Población de Cerrato;Total;De 95 a 99 años;1
34 Palencia;34133 Población de Cerrato;Total;100 y más años;0
34 Palencia;34134 Polentinos;Total;De 65 a 69 años;5
34 Palencia;34134 Polentinos;Total;De 70 a 74 años;0
34 Palencia;34134 Polentinos;Total;De 75 a 79 años;2
34 Palencia;34134 Polentinos;Total;De 80 a 84 años;2
34 Palencia;34134 Polentinos;Total;De 85 a 89 años;2
34 Palencia;34134 Polentinos;Total;De 90 a 94 años;3
34 Palencia;34134 Polentinos;Total;De 95 a 99 años;0
34 Palencia;34134 Polentinos;Total;100 y más años;1
34 Palencia;34135 Pomar de Valdivia;Total;De 65 a 69 años;37
34 Palencia;34135 Pomar de Valdivia;Total;De 70 a 74 años;39
34 Palencia;34135 Pomar de Valdivia;Total;De 75 a 79 años;24
34 Palencia;34135 Pomar de Valdivia;Total;De 80 a 84 años;23
34 Palencia;34135 Pomar de Valdivia;Total;De 85 a 89 años;12
34 Palencia;34135 Pomar de Valdivia;Total;De 90 a 94 años;16
34 Palencia;34135 Pomar de Valdivia;Total;De 95 a 99 años;2
34 Palencia;34135 Pomar de Valdivia;Total;100 y más años;0
34 Palencia;34136 Poza de la Vega;Total;De 65 a 69 años;21
34 Palencia;34136 Poza de la Vega;Total;De 70 a 74 años;21
34 Palencia;34136 Poza de la Vega;Total;De 75 a 79 años;15
34 Palencia;34136 Poza de la Vega;Total;De 80 a 84 años;10
34 Palencia;34136 Poza de la Vega;Total;De 85 a 89 años;4
34 Palencia;34136 Poza de la Vega;Total;De 90 a 94 años;3
34 Palencia;34136 Poza de la Vega;Total;De 95 a 99 años;0
34 Palencia;34136 Poza de la Vega;Total;100 y más años;0
34 Palencia;34137 Pozo de Urama;Total;De 65 a 69 años;5
34 Palencia;34137 Pozo de Urama;Total;De 70 a 74 años;2
34 Palencia;34137 Pozo de Urama;Total;De 75 a 79 años;2
34 Palencia;34137 Pozo de Urama;Total;De 80 a 84 años;2
34 Palencia;34137 Pozo de Urama;Total;De 85 a 89 años;0
34 Palencia;34137 Pozo de Urama;Total;De 90 a 94 años;0
34 Palencia;34137 Pozo de Urama;Total;De 95 a 99 años;0
34 Palencia;34137 Pozo de Urama;Total;100 y más años;0
34 Palencia;34139 Prádanos de Ojeda;Total;De 65 a 69 años;11
34 Palencia;34139 Prádanos de Ojeda;Total;De 70 a 74 años;6
34 Palencia;34139 Prádanos de Ojeda;Total;De 75 a 79 años;11
34 Palencia;34139 Prádanos de Ojeda;Total;De 80 a 84 años;3
34 Palencia;34139 Prádanos de Ojeda;Total;De 85 a 89 años;8
34 Palencia;34139 Prádanos de Ojeda;Total;De 90 a 94 años;2
34 Palencia;34139 Prádanos de Ojeda;Total;De 95 a 99 años;2
34 Palencia;34139 Prádanos de Ojeda;Total;100 y más años;0
34 Palencia;34140 Puebla de Valdavia, La;Total;De 65 a 69 años;16
34 Palencia;34140 Puebla de Valdavia, La;Total;De 70 a 74 años;9
34 Palencia;34140 Puebla de Valdavia, La;Total;De 75 a 79 años;7
34 Palencia;34140 Puebla de Valdavia, La;Total;De 80 a 84 años;7
34 Palencia;34140 Puebla de Valdavia, La;Total;De 85 a 89 años;6
34 Palencia;34140 Puebla de Valdavia, La;Total;De 90 a 94 años;2
34 Palencia;34140 Puebla de Valdavia, La;Total;De 95 a 99 años;0
34 Palencia;34140 Puebla de Valdavia, La;Total;100 y más años;0
34 Palencia;34141 Quintana del Puente;Total;De 65 a 69 años;13
34 Palencia;34141 Quintana del Puente;Total;De 70 a 74 años;18
34 Palencia;34141 Quintana del Puente;Total;De 75 a 79 años;4
34 Palencia;34141 Quintana del Puente;Total;De 80 a 84 años;9
34 Palencia;34141 Quintana del Puente;Total;De 85 a 89 años;8
34 Palencia;34141 Quintana del Puente;Total;De 90 a 94 años;6
34 Palencia;34141 Quintana del Puente;Total;De 95 a 99 años;0
34 Palencia;34141 Quintana del Puente;Total;100 y más años;0
34 Palencia;34143 Quintanilla de Onsoña;Total;De 65 a 69 años;15
34 Palencia;34143 Quintanilla de Onsoña;Total;De 70 a 74 años;12
34 Palencia;34143 Quintanilla de Onsoña;Total;De 75 a 79 años;10
34 Palencia;34143 Quintanilla de Onsoña;Total;De 80 a 84 años;10
34 Palencia;34143 Quintanilla de Onsoña;Total;De 85 a 89 años;8
34 Palencia;34143 Quintanilla de Onsoña;Total;De 90 a 94 años;6
34 Palencia;34143 Quintanilla de Onsoña;Total;De 95 a 99 años;1
34 Palencia;34143 Quintanilla de Onsoña;Total;100 y más años;0
34 Palencia;34146 Reinoso de Cerrato;Total;De 65 a 69 años;8
34 Palencia;34146 Reinoso de Cerrato;Total;De 70 a 74 años;5
34 Palencia;34146 Reinoso de Cerrato;Total;De 75 a 79 años;5
34 Palencia;34146 Reinoso de Cerrato;Total;De 80 a 84 años;4
34 Palencia;34146 Reinoso de Cerrato;Total;De 85 a 89 años;1
34 Palencia;34146 Reinoso de Cerrato;Total;De 90 a 94 años;2
34 Palencia;34146 Reinoso de Cerrato;Total;De 95 a 99 años;0
34 Palencia;34146 Reinoso de Cerrato;Total;100 y más años;1
34 Palencia;34147 Renedo de la Vega;Total;De 65 a 69 años;18
34 Palencia;34147 Renedo de la Vega;Total;De 70 a 74 años;5
34 Palencia;34147 Renedo de la Vega;Total;De 75 a 79 años;10
34 Palencia;34147 Renedo de la Vega;Total;De 80 a 84 años;13
34 Palencia;34147 Renedo de la Vega;Total;De 85 a 89 años;8
34 Palencia;34147 Renedo de la Vega;Total;De 90 a 94 años;6
34 Palencia;34147 Renedo de la Vega;Total;De 95 a 99 años;3
34 Palencia;34147 Renedo de la Vega;Total;100 y más años;0
34 Palencia;34149 Requena de Campos;Total;De 65 a 69 años;2
34 Palencia;34149 Requena de Campos;Total;De 70 a 74 años;0
34 Palencia;34149 Requena de Campos;Total;De 75 a 79 años;3
34 Palencia;34149 Requena de Campos;Total;De 80 a 84 años;3
34 Palencia;34149 Requena de Campos;Total;De 85 a 89 años;2
34 Palencia;34149 Requena de Campos;Total;De 90 a 94 años;0
34 Palencia;34149 Requena de Campos;Total;De 95 a 99 años;0
34 Palencia;34149 Requena de Campos;Total;100 y más años;0
34 Palencia;34151 Respenda de la Peña;Total;De 65 a 69 años;13
34 Palencia;34151 Respenda de la Peña;Total;De 70 a 74 años;12
34 Palencia;34151 Respenda de la Peña;Total;De 75 a 79 años;12
34 Palencia;34151 Respenda de la Peña;Total;De 80 a 84 años;10
34 Palencia;34151 Respenda de la Peña;Total;De 85 a 89 años;9
34 Palencia;34151 Respenda de la Peña;Total;De 90 a 94 años;4
34 Palencia;34151 Respenda de la Peña;Total;De 95 a 99 años;0
34 Palencia;34151 Respenda de la Peña;Total;100 y más años;1
34 Palencia;34152 Revenga de Campos;Total;De 65 a 69 años;19
34 Palencia;34152 Revenga de Campos;Total;De 70 a 74 años;8
34 Palencia;34152 Revenga de Campos;Total;De 75 a 79 años;9
34 Palencia;34152 Revenga de Campos;Total;De 80 a 84 años;3
34 Palencia;34152 Revenga de Campos;Total;De 85 a 89 años;5
34 Palencia;34152 Revenga de Campos;Total;De 90 a 94 años;3
34 Palencia;34152 Revenga de Campos;Total;De 95 a 99 años;2
34 Palencia;34152 Revenga de Campos;Total;100 y más años;0
34 Palencia;34154 Revilla de Collazos;Total;De 65 a 69 años;9
34 Palencia;34154 Revilla de Collazos;Total;De 70 a 74 años;6
34 Palencia;34154 Revilla de Collazos;Total;De 75 a 79 años;6
34 Palencia;34154 Revilla de Collazos;Total;De 80 a 84 años;4
34 Palencia;34154 Revilla de Collazos;Total;De 85 a 89 años;4
34 Palencia;34154 Revilla de Collazos;Total;De 90 a 94 años;1
34 Palencia;34154 Revilla de Collazos;Total;De 95 a 99 años;2
34 Palencia;34154 Revilla de Collazos;Total;100 y más años;0
34 Palencia;34155 Ribas de Campos;Total;De 65 a 69 años;17
34 Palencia;34155 Ribas de Campos;Total;De 70 a 74 años;12
34 Palencia;34155 Ribas de Campos;Total;De 75 a 79 años;4
34 Palencia;34155 Ribas de Campos;Total;De 80 a 84 años;4
34 Palencia;34155 Ribas de Campos;Total;De 85 a 89 años;4
34 Palencia;34155 Ribas de Campos;Total;De 90 a 94 años;3
34 Palencia;34155 Ribas de Campos;Total;De 95 a 99 años;1
34 Palencia;34155 Ribas de Campos;Total;100 y más años;2
34 Palencia;34156 Riberos de la Cueza;Total;De 65 a 69 años;4
34 Palencia;34156 Riberos de la Cueza;Total;De 70 a 74 años;1
34 Palencia;34156 Riberos de la Cueza;Total;De 75 a 79 años;3
34 Palencia;34156 Riberos de la Cueza;Total;De 80 a 84 años;5
34 Palencia;34156 Riberos de la Cueza;Total;De 85 a 89 años;2
34 Palencia;34156 Riberos de la Cueza;Total;De 90 a 94 años;2
34 Palencia;34156 Riberos de la Cueza;Total;De 95 a 99 años;1
34 Palencia;34156 Riberos de la Cueza;Total;100 y más años;0
34 Palencia;34157 Saldaña;Total;De 65 a 69 años;243
34 Palencia;34157 Saldaña;Total;De 70 a 74 años;167
34 Palencia;34157 Saldaña;Total;De 75 a 79 años;140
34 Palencia;34157 Saldaña;Total;De 80 a 84 años;103
34 Palencia;34157 Saldaña;Total;De 85 a 89 años;64
34 Palencia;34157 Saldaña;Total;De 90 a 94 años;57
34 Palencia;34157 Saldaña;Total;De 95 a 99 años;18
34 Palencia;34157 Saldaña;Total;100 y más años;3
34 Palencia;34158 Salinas de Pisuerga;Total;De 65 a 69 años;25
34 Palencia;34158 Salinas de Pisuerga;Total;De 70 a 74 años;19
34 Palencia;34158 Salinas de Pisuerga;Total;De 75 a 79 años;20
34 Palencia;34158 Salinas de Pisuerga;Total;De 80 a 84 años;22
34 Palencia;34158 Salinas de Pisuerga;Total;De 85 a 89 años;24
34 Palencia;34158 Salinas de Pisuerga;Total;De 90 a 94 años;19
34 Palencia;34158 Salinas de Pisuerga;Total;De 95 a 99 años;11
34 Palencia;34158 Salinas de Pisuerga;Total;100 y más años;3
34 Palencia;34159 San Cebrián de Campos;Total;De 65 a 69 años;41
34 Palencia;34159 San Cebrián de Campos;Total;De 70 a 74 años;23
34 Palencia;34159 San Cebrián de Campos;Total;De 75 a 79 años;15
34 Palencia;34159 San Cebrián de Campos;Total;De 80 a 84 años;17
34 Palencia;34159 San Cebrián de Campos;Total;De 85 a 89 años;8
34 Palencia;34159 San Cebrián de Campos;Total;De 90 a 94 años;7
34 Palencia;34159 San Cebrián de Campos;Total;De 95 a 99 años;3
34 Palencia;34159 San Cebrián de Campos;Total;100 y más años;0
34 Palencia;34160 San Cebrián de Mudá;Total;De 65 a 69 años;13
34 Palencia;34160 San Cebrián de Mudá;Total;De 70 a 74 años;11
34 Palencia;34160 San Cebrián de Mudá;Total;De 75 a 79 años;6
34 Palencia;34160 San Cebrián de Mudá;Total;De 80 a 84 años;1
34 Palencia;34160 San Cebrián de Mudá;Total;De 85 a 89 años;9
34 Palencia;34160 San Cebrián de Mudá;Total;De 90 a 94 años;4
34 Palencia;34160 San Cebrián de Mudá;Total;De 95 a 99 años;3
34 Palencia;34160 San Cebrián de Mudá;Total;100 y más años;0
34 Palencia;34161 San Cristóbal de Boedo;Total;De 65 a 69 años;3
34 Palencia;34161 San Cristóbal de Boedo;Total;De 70 a 74 años;3
34 Palencia;34161 San Cristóbal de Boedo;Total;De 75 a 79 años;2
34 Palencia;34161 San Cristóbal de Boedo;Total;De 80 a 84 años;1
34 Palencia;34161 San Cristóbal de Boedo;Total;De 85 a 89 años;2
34 Palencia;34161 San Cristóbal de Boedo;Total;De 90 a 94 años;1
34 Palencia;34161 San Cristóbal de Boedo;Total;De 95 a 99 años;0
34 Palencia;34161 San Cristóbal de Boedo;Total;100 y más años;0
34 Palencia;34163 San Mamés de Campos;Total;De 65 a 69 años;7
34 Palencia;34163 San Mamés de Campos;Total;De 70 a 74 años;6
34 Palencia;34163 San Mamés de Campos;Total;De 75 a 79 años;3
34 Palencia;34163 San Mamés de Campos;Total;De 80 a 84 años;5
34 Palencia;34163 San Mamés de Campos;Total;De 85 a 89 años;1
34 Palencia;34163 San Mamés de Campos;Total;De 90 a 94 años;1
34 Palencia;34163 San Mamés de Campos;Total;De 95 a 99 años;0
34 Palencia;34163 San Mamés de Campos;Total;100 y más años;0
34 Palencia;34165 San Román de la Cuba;Total;De 65 a 69 años;9
34 Palencia;34165 San Román de la Cuba;Total;De 70 a 74 años;5
34 Palencia;34165 San Román de la Cuba;Total;De 75 a 79 años;3
34 Palencia;34165 San Román de la Cuba;Total;De 80 a 84 años;4
34 Palencia;34165 San Román de la Cuba;Total;De 85 a 89 años;1
34 Palencia;34165 San Román de la Cuba;Total;De 90 a 94 años;1
34 Palencia;34165 San Román de la Cuba;Total;De 95 a 99 años;0
34 Palencia;34165 San Román de la Cuba;Total;100 y más años;0
34 Palencia;34167 Santa Cecilia del Alcor;Total;De 65 a 69 años;6
34 Palencia;34167 Santa Cecilia del Alcor;Total;De 70 a 74 años;10
34 Palencia;34167 Santa Cecilia del Alcor;Total;De 75 a 79 años;13
34 Palencia;34167 Santa Cecilia del Alcor;Total;De 80 a 84 años;4
34 Palencia;34167 Santa Cecilia del Alcor;Total;De 85 a 89 años;5
34 Palencia;34167 Santa Cecilia del Alcor;Total;De 90 a 94 años;3
34 Palencia;34167 Santa Cecilia del Alcor;Total;De 95 a 99 años;1
34 Palencia;34167 Santa Cecilia del Alcor;Total;100 y más años;0
34 Palencia;34168 Santa Cruz de Boedo;Total;De 65 a 69 años;3
34 Palencia;34168 Santa Cruz de Boedo;Total;De 70 a 74 años;4
34 Palencia;34168 Santa Cruz de Boedo;Total;De 75 a 79 años;11
34 Palencia;34168 Santa Cruz de Boedo;Total;De 80 a 84 años;4
34 Palencia;34168 Santa Cruz de Boedo;Total;De 85 a 89 años;3
34 Palencia;34168 Santa Cruz de Boedo;Total;De 90 a 94 años;0
34 Palencia;34168 Santa Cruz de Boedo;Total;De 95 a 99 años;0
34 Palencia;34168 Santa Cruz de Boedo;Total;100 y más años;0
34 Palencia;34169 Santervás de la Vega;Total;De 65 a 69 años;42
34 Palencia;34169 Santervás de la Vega;Total;De 70 a 74 años;43
34 Palencia;34169 Santervás de la Vega;Total;De 75 a 79 años;29
34 Palencia;34169 Santervás de la Vega;Total;De 80 a 84 años;14
34 Palencia;34169 Santervás de la Vega;Total;De 85 a 89 años;16
34 Palencia;34169 Santervás de la Vega;Total;De 90 a 94 años;7
34 Palencia;34169 Santervás de la Vega;Total;De 95 a 99 años;3
34 Palencia;34169 Santervás de la Vega;Total;100 y más años;1
34 Palencia;34170 Santibáñez de Ecla;Total;De 65 a 69 años;4
34 Palencia;34170 Santibáñez de Ecla;Total;De 70 a 74 años;7
34 Palencia;34170 Santibáñez de Ecla;Total;De 75 a 79 años;1
34 Palencia;34170 Santibáñez de Ecla;Total;De 80 a 84 años;3
34 Palencia;34170 Santibáñez de Ecla;Total;De 85 a 89 años;2
34 Palencia;34170 Santibáñez de Ecla;Total;De 90 a 94 años;6
34 Palencia;34170 Santibáñez de Ecla;Total;De 95 a 99 años;0
34 Palencia;34170 Santibáñez de Ecla;Total;100 y más años;1
34 Palencia;34171 Santibáñez de la Peña;Total;De 65 a 69 años;86
34 Palencia;34171 Santibáñez de la Peña;Total;De 70 a 74 años;59
34 Palencia;34171 Santibáñez de la Peña;Total;De 75 a 79 años;53
34 Palencia;34171 Santibáñez de la Peña;Total;De 80 a 84 años;54
34 Palencia;34171 Santibáñez de la Peña;Total;De 85 a 89 años;40
34 Palencia;34171 Santibáñez de la Peña;Total;De 90 a 94 años;29
34 Palencia;34171 Santibáñez de la Peña;Total;De 95 a 99 años;11
34 Palencia;34171 Santibáñez de la Peña;Total;100 y más años;0
34 Palencia;34174 Santoyo;Total;De 65 a 69 años;17
34 Palencia;34174 Santoyo;Total;De 70 a 74 años;18
34 Palencia;34174 Santoyo;Total;De 75 a 79 años;13
34 Palencia;34174 Santoyo;Total;De 80 a 84 años;12
34 Palencia;34174 Santoyo;Total;De 85 a 89 años;7
34 Palencia;34174 Santoyo;Total;De 90 a 94 años;7
34 Palencia;34174 Santoyo;Total;De 95 a 99 años;1
34 Palencia;34174 Santoyo;Total;100 y más años;0
34 Palencia;34175 Serna, La;Total;De 65 a 69 años;6
34 Palencia;34175 Serna, La;Total;De 70 a 74 años;5
34 Palencia;34175 Serna, La;Total;De 75 a 79 años;9
34 Palencia;34175 Serna, La;Total;De 80 a 84 años;2
34 Palencia;34175 Serna, La;Total;De 85 a 89 años;3
34 Palencia;34175 Serna, La;Total;De 90 a 94 años;3
34 Palencia;34175 Serna, La;Total;De 95 a 99 años;1
34 Palencia;34175 Serna, La;Total;100 y más años;0
34 Palencia;34176 Sotobañado y Priorato;Total;De 65 a 69 años;10
34 Palencia;34176 Sotobañado y Priorato;Total;De 70 a 74 años;16
34 Palencia;34176 Sotobañado y Priorato;Total;De 75 a 79 años;8
34 Palencia;34176 Sotobañado y Priorato;Total;De 80 a 84 años;6
34 Palencia;34176 Sotobañado y Priorato;Total;De 85 a 89 años;4
34 Palencia;34176 Sotobañado y Priorato;Total;De 90 a 94 años;4
34 Palencia;34176 Sotobañado y Priorato;Total;De 95 a 99 años;1
34 Palencia;34176 Sotobañado y Priorato;Total;100 y más años;0
34 Palencia;34177 Soto de Cerrato;Total;De 65 a 69 años;24
34 Palencia;34177 Soto de Cerrato;Total;De 70 a 74 años;12
34 Palencia;34177 Soto de Cerrato;Total;De 75 a 79 años;5
34 Palencia;34177 Soto de Cerrato;Total;De 80 a 84 años;6
34 Palencia;34177 Soto de Cerrato;Total;De 85 a 89 años;12
34 Palencia;34177 Soto de Cerrato;Total;De 90 a 94 años;4
34 Palencia;34177 Soto de Cerrato;Total;De 95 a 99 años;2
34 Palencia;34177 Soto de Cerrato;Total;100 y más años;0
34 Palencia;34178 Tabanera de Cerrato;Total;De 65 a 69 años;8
34 Palencia;34178 Tabanera de Cerrato;Total;De 70 a 74 años;5
34 Palencia;34178 Tabanera de Cerrato;Total;De 75 a 79 años;13
34 Palencia;34178 Tabanera de Cerrato;Total;De 80 a 84 años;4
34 Palencia;34178 Tabanera de Cerrato;Total;De 85 a 89 años;7
34 Palencia;34178 Tabanera de Cerrato;Total;De 90 a 94 años;0
34 Palencia;34178 Tabanera de Cerrato;Total;De 95 a 99 años;0
34 Palencia;34178 Tabanera de Cerrato;Total;100 y más años;0
34 Palencia;34179 Tabanera de Valdavia;Total;De 65 a 69 años;2
34 Palencia;34179 Tabanera de Valdavia;Total;De 70 a 74 años;1
34 Palencia;34179 Tabanera de Valdavia;Total;De 75 a 79 años;1
34 Palencia;34179 Tabanera de Valdavia;Total;De 80 a 84 años;4
34 Palencia;34179 Tabanera de Valdavia;Total;De 85 a 89 años;2
34 Palencia;34179 Tabanera de Valdavia;Total;De 90 a 94 años;0
34 Palencia;34179 Tabanera de Valdavia;Total;De 95 a 99 años;1
34 Palencia;34179 Tabanera de Valdavia;Total;100 y más años;0
34 Palencia;34180 Támara de Campos;Total;De 65 a 69 años;7
34 Palencia;34180 Támara de Campos;Total;De 70 a 74 años;5
34 Palencia;34180 Támara de Campos;Total;De 75 a 79 años;7
34 Palencia;34180 Támara de Campos;Total;De 80 a 84 años;8
34 Palencia;34180 Támara de Campos;Total;De 85 a 89 años;3
34 Palencia;34180 Támara de Campos;Total;De 90 a 94 años;1
34 Palencia;34180 Támara de Campos;Total;De 95 a 99 años;1
34 Palencia;34180 Támara de Campos;Total;100 y más años;0
34 Palencia;34181 Tariego de Cerrato;Total;De 65 a 69 años;48
34 Palencia;34181 Tariego de Cerrato;Total;De 70 a 74 años;31
34 Palencia;34181 Tariego de Cerrato;Total;De 75 a 79 años;26
34 Palencia;34181 Tariego de Cerrato;Total;De 80 a 84 años;13
34 Palencia;34181 Tariego de Cerrato;Total;De 85 a 89 años;7
34 Palencia;34181 Tariego de Cerrato;Total;De 90 a 94 años;5
34 Palencia;34181 Tariego de Cerrato;Total;De 95 a 99 años;0
34 Palencia;34181 Tariego de Cerrato;Total;100 y más años;0
34 Palencia;34182 Torquemada;Total;De 65 a 69 años;53
34 Palencia;34182 Torquemada;Total;De 70 a 74 años;45
34 Palencia;34182 Torquemada;Total;De 75 a 79 años;52
34 Palencia;34182 Torquemada;Total;De 80 a 84 años;45
34 Palencia;34182 Torquemada;Total;De 85 a 89 años;31
34 Palencia;34182 Torquemada;Total;De 90 a 94 años;21
34 Palencia;34182 Torquemada;Total;De 95 a 99 años;6
34 Palencia;34182 Torquemada;Total;100 y más años;2
34 Palencia;34184 Torremormojón;Total;De 65 a 69 años;1
34 Palencia;34184 Torremormojón;Total;De 70 a 74 años;6
34 Palencia;34184 Torremormojón;Total;De 75 a 79 años;5
34 Palencia;34184 Torremormojón;Total;De 80 a 84 años;2
34 Palencia;34184 Torremormojón;Total;De 85 a 89 años;1
34 Palencia;34184 Torremormojón;Total;De 90 a 94 años;0
34 Palencia;34184 Torremormojón;Total;De 95 a 99 años;1
34 Palencia;34184 Torremormojón;Total;100 y más años;0
34 Palencia;34185 Triollo;Total;De 65 a 69 años;14
34 Palencia;34185 Triollo;Total;De 70 a 74 años;5
34 Palencia;34185 Triollo;Total;De 75 a 79 años;2
34 Palencia;34185 Triollo;Total;De 80 a 84 años;4
34 Palencia;34185 Triollo;Total;De 85 a 89 años;2
34 Palencia;34185 Triollo;Total;De 90 a 94 años;0
34 Palencia;34185 Triollo;Total;De 95 a 99 años;1
34 Palencia;34185 Triollo;Total;100 y más años;0
34 Palencia;34186 Valbuena de Pisuerga;Total;De 65 a 69 años;4
34 Palencia;34186 Valbuena de Pisuerga;Total;De 70 a 74 años;5
34 Palencia;34186 Valbuena de Pisuerga;Total;De 75 a 79 años;2
34 Palencia;34186 Valbuena de Pisuerga;Total;De 80 a 84 años;3
34 Palencia;34186 Valbuena de Pisuerga;Total;De 85 a 89 años;5
34 Palencia;34186 Valbuena de Pisuerga;Total;De 90 a 94 años;1
34 Palencia;34186 Valbuena de Pisuerga;Total;De 95 a 99 años;0
34 Palencia;34186 Valbuena de Pisuerga;Total;100 y más años;0
34 Palencia;34189 Valdeolmillos;Total;De 65 a 69 años;7
34 Palencia;34189 Valdeolmillos;Total;De 70 a 74 años;4
34 Palencia;34189 Valdeolmillos;Total;De 75 a 79 años;2
34 Palencia;34189 Valdeolmillos;Total;De 80 a 84 años;5
34 Palencia;34189 Valdeolmillos;Total;De 85 a 89 años;2
34 Palencia;34189 Valdeolmillos;Total;De 90 a 94 años;3
34 Palencia;34189 Valdeolmillos;Total;De 95 a 99 años;2
34 Palencia;34189 Valdeolmillos;Total;100 y más años;0
34 Palencia;34190 Valderrábano;Total;De 65 a 69 años;5
34 Palencia;34190 Valderrábano;Total;De 70 a 74 años;8
34 Palencia;34190 Valderrábano;Total;De 75 a 79 años;5
34 Palencia;34190 Valderrábano;Total;De 80 a 84 años;4
34 Palencia;34190 Valderrábano;Total;De 85 a 89 años;1
34 Palencia;34190 Valderrábano;Total;De 90 a 94 años;1
34 Palencia;34190 Valderrábano;Total;De 95 a 99 años;1
34 Palencia;34190 Valderrábano;Total;100 y más años;0
34 Palencia;34192 Valde-Ucieza;Total;De 65 a 69 años;10
34 Palencia;34192 Valde-Ucieza;Total;De 70 a 74 años;2
34 Palencia;34192 Valde-Ucieza;Total;De 75 a 79 años;2
34 Palencia;34192 Valde-Ucieza;Total;De 80 a 84 años;4
34 Palencia;34192 Valde-Ucieza;Total;De 85 a 89 años;7
34 Palencia;34192 Valde-Ucieza;Total;De 90 a 94 años;2
34 Palencia;34192 Valde-Ucieza;Total;De 95 a 99 años;0
34 Palencia;34192 Valde-Ucieza;Total;100 y más años;0
34 Palencia;34196 Valle de Cerrato;Total;De 65 a 69 años;16
34 Palencia;34196 Valle de Cerrato;Total;De 70 a 74 años;8
34 Palencia;34196 Valle de Cerrato;Total;De 75 a 79 años;4
34 Palencia;34196 Valle de Cerrato;Total;De 80 a 84 años;0
34 Palencia;34196 Valle de Cerrato;Total;De 85 a 89 años;2
34 Palencia;34196 Valle de Cerrato;Total;De 90 a 94 años;1
34 Palencia;34196 Valle de Cerrato;Total;De 95 a 99 años;1
34 Palencia;34196 Valle de Cerrato;Total;100 y más años;0
34 Palencia;34199 Velilla del Río Carrión;Total;De 65 a 69 años;119
34 Palencia;34199 Velilla del Río Carrión;Total;De 70 a 74 años;89
34 Palencia;34199 Velilla del Río Carrión;Total;De 75 a 79 años;68
34 Palencia;34199 Velilla del Río Carrión;Total;De 80 a 84 años;40
34 Palencia;34199 Velilla del Río Carrión;Total;De 85 a 89 años;39
34 Palencia;34199 Velilla del Río Carrión;Total;De 90 a 94 años;38
34 Palencia;34199 Velilla del Río Carrión;Total;De 95 a 99 años;4
34 Palencia;34199 Velilla del Río Carrión;Total;100 y más años;0
34 Palencia;34201 Vertavillo;Total;De 65 a 69 años;15
34 Palencia;34201 Vertavillo;Total;De 70 a 74 años;12
34 Palencia;34201 Vertavillo;Total;De 75 a 79 años;19
34 Palencia;34201 Vertavillo;Total;De 80 a 84 años;6
34 Palencia;34201 Vertavillo;Total;De 85 a 89 años;7
34 Palencia;34201 Vertavillo;Total;De 90 a 94 años;7
34 Palencia;34201 Vertavillo;Total;De 95 a 99 años;0
34 Palencia;34201 Vertavillo;Total;100 y más años;0
34 Palencia;34202 Villabasta de Valdavia;Total;De 65 a 69 años;3
34 Palencia;34202 Villabasta de Valdavia;Total;De 70 a 74 años;4
34 Palencia;34202 Villabasta de Valdavia;Total;De 75 a 79 años;2
34 Palencia;34202 Villabasta de Valdavia;Total;De 80 a 84 años;2
34 Palencia;34202 Villabasta de Valdavia;Total;De 85 a 89 años;1
34 Palencia;34202 Villabasta de Valdavia;Total;De 90 a 94 años;1
34 Palencia;34202 Villabasta de Valdavia;Total;De 95 a 99 años;1
34 Palencia;34202 Villabasta de Valdavia;Total;100 y más años;0
34 Palencia;34204 Villacidaler;Total;De 65 a 69 años;8
34 Palencia;34204 Villacidaler;Total;De 70 a 74 años;7
34 Palencia;34204 Villacidaler;Total;De 75 a 79 años;2
34 Palencia;34204 Villacidaler;Total;De 80 a 84 años;9
34 Palencia;34204 Villacidaler;Total;De 85 a 89 años;4
34 Palencia;34204 Villacidaler;Total;De 90 a 94 años;2
34 Palencia;34204 Villacidaler;Total;De 95 a 99 años;0
34 Palencia;34204 Villacidaler;Total;100 y más años;0
34 Palencia;34205 Villaconancio;Total;De 65 a 69 años;5
34 Palencia;34205 Villaconancio;Total;De 70 a 74 años;2
34 Palencia;34205 Villaconancio;Total;De 75 a 79 años;5
34 Palencia;34205 Villaconancio;Total;De 80 a 84 años;3
34 Palencia;34205 Villaconancio;Total;De 85 a 89 años;2
34 Palencia;34205 Villaconancio;Total;De 90 a 94 años;1
34 Palencia;34205 Villaconancio;Total;De 95 a 99 años;0
34 Palencia;34205 Villaconancio;Total;100 y más años;0
34 Palencia;34206 Villada;Total;De 65 a 69 años;78
34 Palencia;34206 Villada;Total;De 70 a 74 años;72
34 Palencia;34206 Villada;Total;De 75 a 79 años;54
34 Palencia;34206 Villada;Total;De 80 a 84 años;39
34 Palencia;34206 Villada;Total;De 85 a 89 años;25
34 Palencia;34206 Villada;Total;De 90 a 94 años;29
34 Palencia;34206 Villada;Total;De 95 a 99 años;7
34 Palencia;34206 Villada;Total;100 y más años;2
34 Palencia;34208 Villaeles de Valdavia;Total;De 65 a 69 años;3
34 Palencia;34208 Villaeles de Valdavia;Total;De 70 a 74 años;4
34 Palencia;34208 Villaeles de Valdavia;Total;De 75 a 79 años;7
34 Palencia;34208 Villaeles de Valdavia;Total;De 80 a 84 años;1
34 Palencia;34208 Villaeles de Valdavia;Total;De 85 a 89 años;2
34 Palencia;34208 Villaeles de Valdavia;Total;De 90 a 94 años;2
34 Palencia;34208 Villaeles de Valdavia;Total;De 95 a 99 años;0
34 Palencia;34208 Villaeles de Valdavia;Total;100 y más años;0
34 Palencia;34210 Villahán;Total;De 65 a 69 años;3
34 Palencia;34210 Villahán;Total;De 70 a 74 años;12
34 Palencia;34210 Villahán;Total;De 75 a 79 años;5
34 Palencia;34210 Villahán;Total;De 80 a 84 años;6
34 Palencia;34210 Villahán;Total;De 85 a 89 años;0
34 Palencia;34210 Villahán;Total;De 90 a 94 años;3
34 Palencia;34210 Villahán;Total;De 95 a 99 años;0
34 Palencia;34210 Villahán;Total;100 y más años;0
34 Palencia;34211 Villaherreros;Total;De 65 a 69 años;12
34 Palencia;34211 Villaherreros;Total;De 70 a 74 años;16
34 Palencia;34211 Villaherreros;Total;De 75 a 79 años;17
34 Palencia;34211 Villaherreros;Total;De 80 a 84 años;19
34 Palencia;34211 Villaherreros;Total;De 85 a 89 años;9
34 Palencia;34211 Villaherreros;Total;De 90 a 94 años;8
34 Palencia;34211 Villaherreros;Total;De 95 a 99 años;2
34 Palencia;34211 Villaherreros;Total;100 y más años;1
34 Palencia;34213 Villalaco;Total;De 65 a 69 años;10
34 Palencia;34213 Villalaco;Total;De 70 a 74 años;6
34 Palencia;34213 Villalaco;Total;De 75 a 79 años;2
34 Palencia;34213 Villalaco;Total;De 80 a 84 años;2
34 Palencia;34213 Villalaco;Total;De 85 a 89 años;2
34 Palencia;34213 Villalaco;Total;De 90 a 94 años;2
34 Palencia;34213 Villalaco;Total;De 95 a 99 años;1
34 Palencia;34213 Villalaco;Total;100 y más años;0
34 Palencia;34214 Villalba de Guardo;Total;De 65 a 69 años;22
34 Palencia;34214 Villalba de Guardo;Total;De 70 a 74 años;13
34 Palencia;34214 Villalba de Guardo;Total;De 75 a 79 años;13
34 Palencia;34214 Villalba de Guardo;Total;De 80 a 84 años;14
34 Palencia;34214 Villalba de Guardo;Total;De 85 a 89 años;5
34 Palencia;34214 Villalba de Guardo;Total;De 90 a 94 años;7
34 Palencia;34214 Villalba de Guardo;Total;De 95 a 99 años;0
34 Palencia;34214 Villalba de Guardo;Total;100 y más años;2
34 Palencia;34215 Villalcázar de Sirga;Total;De 65 a 69 años;17
34 Palencia;34215 Villalcázar de Sirga;Total;De 70 a 74 años;10
34 Palencia;34215 Villalcázar de Sirga;Total;De 75 a 79 años;13
34 Palencia;34215 Villalcázar de Sirga;Total;De 80 a 84 años;8
34 Palencia;34215 Villalcázar de Sirga;Total;De 85 a 89 años;6
34 Palencia;34215 Villalcázar de Sirga;Total;De 90 a 94 años;6
34 Palencia;34215 Villalcázar de Sirga;Total;De 95 a 99 años;1
34 Palencia;34215 Villalcázar de Sirga;Total;100 y más años;0
34 Palencia;34216 Villalcón;Total;De 65 a 69 años;4
34 Palencia;34216 Villalcón;Total;De 70 a 74 años;4
34 Palencia;34216 Villalcón;Total;De 75 a 79 años;4
34 Palencia;34216 Villalcón;Total;De 80 a 84 años;1
34 Palencia;34216 Villalcón;Total;De 85 a 89 años;7
34 Palencia;34216 Villalcón;Total;De 90 a 94 años;3
34 Palencia;34216 Villalcón;Total;De 95 a 99 años;1
34 Palencia;34216 Villalcón;Total;100 y más años;0
34 Palencia;34217 Villalobón;Total;De 65 a 69 años;90
34 Palencia;34217 Villalobón;Total;De 70 a 74 años;59
34 Palencia;34217 Villalobón;Total;De 75 a 79 años;35
34 Palencia;34217 Villalobón;Total;De 80 a 84 años;19
34 Palencia;34217 Villalobón;Total;De 85 a 89 años;12
34 Palencia;34217 Villalobón;Total;De 90 a 94 años;4
34 Palencia;34217 Villalobón;Total;De 95 a 99 años;3
34 Palencia;34217 Villalobón;Total;100 y más años;1
34 Palencia;34218 Villaluenga de la Vega;Total;De 65 a 69 años;29
34 Palencia;34218 Villaluenga de la Vega;Total;De 70 a 74 años;33
34 Palencia;34218 Villaluenga de la Vega;Total;De 75 a 79 años;28
34 Palencia;34218 Villaluenga de la Vega;Total;De 80 a 84 años;19
34 Palencia;34218 Villaluenga de la Vega;Total;De 85 a 89 años;17
34 Palencia;34218 Villaluenga de la Vega;Total;De 90 a 94 años;22
34 Palencia;34218 Villaluenga de la Vega;Total;De 95 a 99 años;2
34 Palencia;34218 Villaluenga de la Vega;Total;100 y más años;1
34 Palencia;34220 Villamartín de Campos;Total;De 65 a 69 años;4
34 Palencia;34220 Villamartín de Campos;Total;De 70 a 74 años;6
34 Palencia;34220 Villamartín de Campos;Total;De 75 a 79 años;7
34 Palencia;34220 Villamartín de Campos;Total;De 80 a 84 años;7
34 Palencia;34220 Villamartín de Campos;Total;De 85 a 89 años;4
34 Palencia;34220 Villamartín de Campos;Total;De 90 a 94 años;2
34 Palencia;34220 Villamartín de Campos;Total;De 95 a 99 años;0
34 Palencia;34220 Villamartín de Campos;Total;100 y más años;0
34 Palencia;34221 Villamediana;Total;De 65 a 69 años;22
34 Palencia;34221 Villamediana;Total;De 70 a 74 años;15
34 Palencia;34221 Villamediana;Total;De 75 a 79 años;11
34 Palencia;34221 Villamediana;Total;De 80 a 84 años;7
34 Palencia;34221 Villamediana;Total;De 85 a 89 años;5
34 Palencia;34221 Villamediana;Total;De 90 a 94 años;2
34 Palencia;34221 Villamediana;Total;De 95 a 99 años;0
34 Palencia;34221 Villamediana;Total;100 y más años;0
34 Palencia;34222 Villameriel;Total;De 65 a 69 años;14
34 Palencia;34222 Villameriel;Total;De 70 a 74 años;6
34 Palencia;34222 Villameriel;Total;De 75 a 79 años;5
34 Palencia;34222 Villameriel;Total;De 80 a 84 años;3
34 Palencia;34222 Villameriel;Total;De 85 a 89 años;4
34 Palencia;34222 Villameriel;Total;De 90 a 94 años;7
34 Palencia;34222 Villameriel;Total;De 95 a 99 años;1
34 Palencia;34222 Villameriel;Total;100 y más años;1
34 Palencia;34223 Villamoronta;Total;De 65 a 69 años;24
34 Palencia;34223 Villamoronta;Total;De 70 a 74 años;13
34 Palencia;34223 Villamoronta;Total;De 75 a 79 años;11
34 Palencia;34223 Villamoronta;Total;De 80 a 84 años;13
34 Palencia;34223 Villamoronta;Total;De 85 a 89 años;12
34 Palencia;34223 Villamoronta;Total;De 90 a 94 años;5
34 Palencia;34223 Villamoronta;Total;De 95 a 99 años;1
34 Palencia;34223 Villamoronta;Total;100 y más años;0
34 Palencia;34224 Villamuera de la Cueza;Total;De 65 a 69 años;5
34 Palencia;34224 Villamuera de la Cueza;Total;De 70 a 74 años;2
34 Palencia;34224 Villamuera de la Cueza;Total;De 75 a 79 años;5
34 Palencia;34224 Villamuera de la Cueza;Total;De 80 a 84 años;2
34 Palencia;34224 Villamuera de la Cueza;Total;De 85 a 89 años;3
34 Palencia;34224 Villamuera de la Cueza;Total;De 90 a 94 años;2
34 Palencia;34224 Villamuera de la Cueza;Total;De 95 a 99 años;1
34 Palencia;34224 Villamuera de la Cueza;Total;100 y más años;0
34 Palencia;34225 Villamuriel de Cerrato;Total;De 65 a 69 años;424
34 Palencia;34225 Villamuriel de Cerrato;Total;De 70 a 74 años;348
34 Palencia;34225 Villamuriel de Cerrato;Total;De 75 a 79 años;205
34 Palencia;34225 Villamuriel de Cerrato;Total;De 80 a 84 años;104
34 Palencia;34225 Villamuriel de Cerrato;Total;De 85 a 89 años;43
34 Palencia;34225 Villamuriel de Cerrato;Total;De 90 a 94 años;21
34 Palencia;34225 Villamuriel de Cerrato;Total;De 95 a 99 años;10
34 Palencia;34225 Villamuriel de Cerrato;Total;100 y más años;1
34 Palencia;34227 Villanueva del Rebollar;Total;De 65 a 69 años;10
34 Palencia;34227 Villanueva del Rebollar;Total;De 70 a 74 años;4
34 Palencia;34227 Villanueva del Rebollar;Total;De 75 a 79 años;0
34 Palencia;34227 Villanueva del Rebollar;Total;De 80 a 84 años;5
34 Palencia;34227 Villanueva del Rebollar;Total;De 85 a 89 años;3
34 Palencia;34227 Villanueva del Rebollar;Total;De 90 a 94 años;3
34 Palencia;34227 Villanueva del Rebollar;Total;De 95 a 99 años;0
34 Palencia;34227 Villanueva del Rebollar;Total;100 y más años;0
34 Palencia;34228 Villanuño de Valdavia;Total;De 65 a 69 años;13
34 Palencia;34228 Villanuño de Valdavia;Total;De 70 a 74 años;9
34 Palencia;34228 Villanuño de Valdavia;Total;De 75 a 79 años;6
34 Palencia;34228 Villanuño de Valdavia;Total;De 80 a 84 años;5
34 Palencia;34228 Villanuño de Valdavia;Total;De 85 a 89 años;4
34 Palencia;34228 Villanuño de Valdavia;Total;De 90 a 94 años;4
34 Palencia;34228 Villanuño de Valdavia;Total;De 95 a 99 años;1
34 Palencia;34228 Villanuño de Valdavia;Total;100 y más años;0
34 Palencia;34229 Villaprovedo;Total;De 65 a 69 años;5
34 Palencia;34229 Villaprovedo;Total;De 70 a 74 años;8
34 Palencia;34229 Villaprovedo;Total;De 75 a 79 años;5
34 Palencia;34229 Villaprovedo;Total;De 80 a 84 años;5
34 Palencia;34229 Villaprovedo;Total;De 85 a 89 años;1
34 Palencia;34229 Villaprovedo;Total;De 90 a 94 años;2
34 Palencia;34229 Villaprovedo;Total;De 95 a 99 años;0
34 Palencia;34229 Villaprovedo;Total;100 y más años;0
34 Palencia;34230 Villarmentero de Campos;Total;De 65 a 69 años;5
34 Palencia;34230 Villarmentero de Campos;Total;De 70 a 74 años;2
34 Palencia;34230 Villarmentero de Campos;Total;De 75 a 79 años;3
34 Palencia;34230 Villarmentero de Campos;Total;De 80 a 84 años;1
34 Palencia;34230 Villarmentero de Campos;Total;De 85 a 89 años;0
34 Palencia;34230 Villarmentero de Campos;Total;De 90 a 94 años;0
34 Palencia;34230 Villarmentero de Campos;Total;De 95 a 99 años;1
34 Palencia;34230 Villarmentero de Campos;Total;100 y más años;0
34 Palencia;34231 Villarrabé;Total;De 65 a 69 años;25
34 Palencia;34231 Villarrabé;Total;De 70 a 74 años;13
34 Palencia;34231 Villarrabé;Total;De 75 a 79 años;9
34 Palencia;34231 Villarrabé;Total;De 80 a 84 años;12
34 Palencia;34231 Villarrabé;Total;De 85 a 89 años;6
34 Palencia;34231 Villarrabé;Total;De 90 a 94 años;9
34 Palencia;34231 Villarrabé;Total;De 95 a 99 años;5
34 Palencia;34231 Villarrabé;Total;100 y más años;0
34 Palencia;34232 Villarramiel;Total;De 65 a 69 años;71
34 Palencia;34232 Villarramiel;Total;De 70 a 74 años;61
34 Palencia;34232 Villarramiel;Total;De 75 a 79 años;32
34 Palencia;34232 Villarramiel;Total;De 80 a 84 años;37
34 Palencia;34232 Villarramiel;Total;De 85 a 89 años;29
34 Palencia;34232 Villarramiel;Total;De 90 a 94 años;19
34 Palencia;34232 Villarramiel;Total;De 95 a 99 años;4
34 Palencia;34232 Villarramiel;Total;100 y más años;1
34 Palencia;34233 Villasarracino;Total;De 65 a 69 años;14
34 Palencia;34233 Villasarracino;Total;De 70 a 74 años;10
34 Palencia;34233 Villasarracino;Total;De 75 a 79 años;12
34 Palencia;34233 Villasarracino;Total;De 80 a 84 años;9
34 Palencia;34233 Villasarracino;Total;De 85 a 89 años;4
34 Palencia;34233 Villasarracino;Total;De 90 a 94 años;9
34 Palencia;34233 Villasarracino;Total;De 95 a 99 años;0
34 Palencia;34233 Villasarracino;Total;100 y más años;0
34 Palencia;34234 Villasila de Valdavia;Total;De 65 a 69 años;5
34 Palencia;34234 Villasila de Valdavia;Total;De 70 a 74 años;6
34 Palencia;34234 Villasila de Valdavia;Total;De 75 a 79 años;8
34 Palencia;34234 Villasila de Valdavia;Total;De 80 a 84 años;8
34 Palencia;34234 Villasila de Valdavia;Total;De 85 a 89 años;3
34 Palencia;34234 Villasila de Valdavia;Total;De 90 a 94 años;1
34 Palencia;34234 Villasila de Valdavia;Total;De 95 a 99 años;0
34 Palencia;34234 Villasila de Valdavia;Total;100 y más años;0
34 Palencia;34236 Villaturde;Total;De 65 a 69 años;12
34 Palencia;34236 Villaturde;Total;De 70 a 74 años;10
34 Palencia;34236 Villaturde;Total;De 75 a 79 años;8
34 Palencia;34236 Villaturde;Total;De 80 a 84 años;8
34 Palencia;34236 Villaturde;Total;De 85 a 89 años;8
34 Palencia;34236 Villaturde;Total;De 90 a 94 años;11
34 Palencia;34236 Villaturde;Total;De 95 a 99 años;1
34 Palencia;34236 Villaturde;Total;100 y más años;0
34 Palencia;34237 Villaumbrales;Total;De 65 a 69 años;46
34 Palencia;34237 Villaumbrales;Total;De 70 a 74 años;46
34 Palencia;34237 Villaumbrales;Total;De 75 a 79 años;31
34 Palencia;34237 Villaumbrales;Total;De 80 a 84 años;33
34 Palencia;34237 Villaumbrales;Total;De 85 a 89 años;20
34 Palencia;34237 Villaumbrales;Total;De 90 a 94 años;14
34 Palencia;34237 Villaumbrales;Total;De 95 a 99 años;0
34 Palencia;34237 Villaumbrales;Total;100 y más años;0
34 Palencia;34238 Villaviudas;Total;De 65 a 69 años;29
34 Palencia;34238 Villaviudas;Total;De 70 a 74 años;27
34 Palencia;34238 Villaviudas;Total;De 75 a 79 años;14
34 Palencia;34238 Villaviudas;Total;De 80 a 84 años;20
34 Palencia;34238 Villaviudas;Total;De 85 a 89 años;21
34 Palencia;34238 Villaviudas;Total;De 90 a 94 años;15
34 Palencia;34238 Villaviudas;Total;De 95 a 99 años;5
34 Palencia;34238 Villaviudas;Total;100 y más años;4
34 Palencia;34240 Villerías de Campos;Total;De 65 a 69 años;9
34 Palencia;34240 Villerías de Campos;Total;De 70 a 74 años;5
34 Palencia;34240 Villerías de Campos;Total;De 75 a 79 años;2
34 Palencia;34240 Villerías de Campos;Total;De 80 a 84 años;2
34 Palencia;34240 Villerías de Campos;Total;De 85 a 89 años;2
34 Palencia;34240 Villerías de Campos;Total;De 90 a 94 años;2
34 Palencia;34240 Villerías de Campos;Total;De 95 a 99 años;0
34 Palencia;34240 Villerías de Campos;Total;100 y más años;0
34 Palencia;34241 Villodre;Total;De 65 a 69 años;5
34 Palencia;34241 Villodre;Total;De 70 a 74 años;2
34 Palencia;34241 Villodre;Total;De 75 a 79 años;0
34 Palencia;34241 Villodre;Total;De 80 a 84 años;0
34 Palencia;34241 Villodre;Total;De 85 a 89 años;0
34 Palencia;34241 Villodre;Total;De 90 a 94 años;1
34 Palencia;34241 Villodre;Total;De 95 a 99 años;0
34 Palencia;34241 Villodre;Total;100 y más años;0
34 Palencia;34242 Villodrigo;Total;De 65 a 69 años;14
34 Palencia;34242 Villodrigo;Total;De 70 a 74 años;7
34 Palencia;34242 Villodrigo;Total;De 75 a 79 años;2
34 Palencia;34242 Villodrigo;Total;De 80 a 84 años;3
34 Palencia;34242 Villodrigo;Total;De 85 a 89 años;5
34 Palencia;34242 Villodrigo;Total;De 90 a 94 años;0
34 Palencia;34242 Villodrigo;Total;De 95 a 99 años;2
34 Palencia;34242 Villodrigo;Total;100 y más años;1
34 Palencia;34243 Villoldo;Total;De 65 a 69 años;32
34 Palencia;34243 Villoldo;Total;De 70 a 74 años;36
34 Palencia;34243 Villoldo;Total;De 75 a 79 años;22
34 Palencia;34243 Villoldo;Total;De 80 a 84 años;23
34 Palencia;34243 Villoldo;Total;De 85 a 89 años;9
34 Palencia;34243 Villoldo;Total;De 90 a 94 años;7
34 Palencia;34243 Villoldo;Total;De 95 a 99 años;5
34 Palencia;34243 Villoldo;Total;100 y más años;0
34 Palencia;34245 Villota del Páramo;Total;De 65 a 69 años;39
34 Palencia;34245 Villota del Páramo;Total;De 70 a 74 años;21
34 Palencia;34245 Villota del Páramo;Total;De 75 a 79 años;20
34 Palencia;34245 Villota del Páramo;Total;De 80 a 84 años;14
34 Palencia;34245 Villota del Páramo;Total;De 85 a 89 años;11
34 Palencia;34245 Villota del Páramo;Total;De 90 a 94 años;11
34 Palencia;34245 Villota del Páramo;Total;De 95 a 99 años;3
34 Palencia;34245 Villota del Páramo;Total;100 y más años;2
34 Palencia;34246 Villovieco;Total;De 65 a 69 años;5
34 Palencia;34246 Villovieco;Total;De 70 a 74 años;7
34 Palencia;34246 Villovieco;Total;De 75 a 79 años;7
34 Palencia;34246 Villovieco;Total;De 80 a 84 años;1
34 Palencia;34246 Villovieco;Total;De 85 a 89 años;3
34 Palencia;34246 Villovieco;Total;De 90 a 94 años;5
34 Palencia;34246 Villovieco;Total;De 95 a 99 años;1
34 Palencia;34246 Villovieco;Total;100 y más años;0
34 Palencia;34901 Osorno la Mayor;Total;De 65 a 69 años;114
34 Palencia;34901 Osorno la Mayor;Total;De 70 a 74 años;86
34 Palencia;34901 Osorno la Mayor;Total;De 75 a 79 años;79
34 Palencia;34901 Osorno la Mayor;Total;De 80 a 84 años;57
34 Palencia;34901 Osorno la Mayor;Total;De 85 a 89 años;39
34 Palencia;34901 Osorno la Mayor;Total;De 90 a 94 años;27
34 Palencia;34901 Osorno la Mayor;Total;De 95 a 99 años;12
34 Palencia;34901 Osorno la Mayor;Total;100 y más años;0
34 Palencia;34902 Valle del Retortillo;Total;De 65 a 69 años;6
34 Palencia;34902 Valle del Retortillo;Total;De 70 a 74 años;10
34 Palencia;34902 Valle del Retortillo;Total;De 75 a 79 años;11
34 Palencia;34902 Valle del Retortillo;Total;De 80 a 84 años;12
34 Palencia;34902 Valle del Retortillo;Total;De 85 a 89 años;7
34 Palencia;34902 Valle del Retortillo;Total;De 90 a 94 años;2
34 Palencia;34902 Valle del Retortillo;Total;De 95 a 99 años;2
34 Palencia;34902 Valle del Retortillo;Total;100 y más años;0
34 Palencia;34903 Loma de Ucieza;Total;De 65 a 69 años;21
34 Palencia;34903 Loma de Ucieza;Total;De 70 a 74 años;12
34 Palencia;34903 Loma de Ucieza;Total;De 75 a 79 años;10
34 Palencia;34903 Loma de Ucieza;Total;De 80 a 84 años;9
34 Palencia;34903 Loma de Ucieza;Total;De 85 a 89 años;9
34 Palencia;34903 Loma de Ucieza;Total;De 90 a 94 años;10
34 Palencia;34903 Loma de Ucieza;Total;De 95 a 99 años;2
34 Palencia;34903 Loma de Ucieza;Total;100 y más años;0
34 Palencia;34904 Pernía, La;Total;De 65 a 69 años;31
34 Palencia;34904 Pernía, La;Total;De 70 a 74 años;25
34 Palencia;34904 Pernía, La;Total;De 75 a 79 años;13
34 Palencia;34904 Pernía, La;Total;De 80 a 84 años;16
34 Palencia;34904 Pernía, La;Total;De 85 a 89 años;8
34 Palencia;34904 Pernía, La;Total;De 90 a 94 años;11
34 Palencia;34904 Pernía, La;Total;De 95 a 99 años;3
34 Palencia;34904 Pernía, La;Total;100 y más años;0
